2025-03-11 11:40:40,840 - INFO - [0.00s]   [0.00s]   Analysis started at 2025-03-11T11:40:40.840008
2025-03-11 11:40:40,840 - INFO - [0.00s]   [0.00s]   Log file: stego_check_results/analysis.log
2025-03-11 11:40:40,840 - INFO - [0.00s]   [0.00s]   Results will be saved to stego_check_results
2025-03-11 11:40:40,840 - INFO - [0.00s]   [0.00s]   Found 30 image files to analyze
2025-03-11 11:40:40,840 - INFO - [0.00s]   [0.00s]   
Analyzing file 1/30: /Users/adam/Git/stego_tools/yews_images/yews_news/2025-03-11/yews_3PM_3-10-25-3PM-7.jpg
2025-03-11 11:40:40,840 - INFO - [0.00s]   [0.00s]   Starting Analyzing yews_3PM_3-10-25-3PM-7.jpg...
2025-03-11 11:40:40,840 - INFO - [0.00s]   [0.00s]   Starting Analyzing yews_3PM_3-10-25-3PM-7.jpg...
2025-03-11 11:40:40,840 - INFO - [0.00s]   [0.00s]   File size: 133,503 bytes
2025-03-11 11:40:40,840 - DEBUG -   Starting metadata analysis...
2025-03-11 11:40:40,840 - INFO - [0.00s]   [0.00s]   Checking metadata...
2025-03-11 11:40:40,840 - DEBUG -   Starting Reading EXIF data...
2025-03-11 11:40:40,841 - DEBUG -   JPEG format recognized data[0:2]=0xFFD8
2025-03-11 11:40:40,841 - DEBUG -   data[2]=0xFF data[3]=0xE1 data[6:10]=b'Exif'
2025-03-11 11:40:40,841 - DEBUG -    Segment base 0x2
2025-03-11 11:40:40,841 - DEBUG -     APP1 at base 0x2
2025-03-11 11:40:40,841 - DEBUG -     Length: 0xF 0xFE
2025-03-11 11:40:40,841 - DEBUG -     Code: b'Exif'
2025-03-11 11:40:40,841 - DEBUG -     Decrement base by 2 to get to pre-segment header (for compatibility with later code)
2025-03-11 11:40:40,841 - DEBUG -   Endian format is M (Motorola)
2025-03-11 11:40:40,841 - DEBUG -   IFD 0 (Image) at offset 8:
2025-03-11 11:40:40,841 - DEBUG -    Orientation: (0x0112) Short=Horizontal (normal) @ 18
2025-03-11 11:40:40,841 - DEBUG -    XResolution: (0x011A) Ratio=300 @ 86
2025-03-11 11:40:40,841 - DEBUG -    YResolution: (0x011B) Ratio=300 @ 94
2025-03-11 11:40:40,841 - DEBUG -    ResolutionUnit: (0x0128) Short=Pixels/Inch @ 54
2025-03-11 11:40:40,841 - DEBUG -    YCbCrPositioning: (0x0213) Short=Centered @ 66
2025-03-11 11:40:40,841 - DEBUG -    ExifOffset: (0x8769) Long=102 @ 78
2025-03-11 11:40:40,841 - DEBUG -   Exif SubIFD at offset 102:
2025-03-11 11:40:40,841 - DEBUG -    ExifVersion: (0x9000) Undefined=0221 @ 112
2025-03-11 11:40:40,841 - DEBUG -    ComponentsConfiguration: (0x9101) Undefined=YCbCr @ 124
2025-03-11 11:40:40,841 - DEBUG -    FlashPixVersion: (0xA000) Undefined=0100 @ 136
2025-03-11 11:40:40,841 - DEBUG -    ColorSpace: (0xA001) Short=sRGB @ 148
2025-03-11 11:40:40,841 - DEBUG -    ExifImageWidth: (0xA002) Long=465 @ 160
2025-03-11 11:40:40,841 - DEBUG -    ExifImageLength: (0xA003) Long=624 @ 172
2025-03-11 11:40:40,841 - DEBUG -    SceneCaptureType: (0xA406) Short=Standard @ 184
2025-03-11 11:40:40,841 - DEBUG -   Found 13 EXIF tags
2025-03-11 11:40:40,841 - DEBUG -   Completed Reading EXIF data in 0.00s
2025-03-11 11:40:40,841 - DEBUG -   Starting Analyzing metadata content...
2025-03-11 11:40:40,841 - INFO - [0.00s]   [0.00s]   No suspicious patterns found in metadata
2025-03-11 11:40:40,842 - DEBUG -   Completed Analyzing metadata content in 0.00s
2025-03-11 11:40:40,842 - DEBUG -   Completed metadata analysis in 0.00s
2025-03-11 11:40:40,842 - INFO - [0.00s]   [0.00s]   Progress: 1/12 analysis steps completed (8.3%)
2025-03-11 11:40:40,842 - DEBUG -   Starting raw_bytes analysis...
2025-03-11 11:40:40,842 - INFO - [0.00s]   [0.00s]   Checking raw bytes...
2025-03-11 11:40:40,842 - DEBUG -   Starting Reading file content...
2025-03-11 11:40:40,842 - DEBUG -   Read 133,503 bytes
2025-03-11 11:40:40,842 - DEBUG -   Completed Reading file content in 0.00s
2025-03-11 11:40:40,842 - DEBUG -   Starting Analyzing ASCII content...
2025-03-11 11:40:40,843 - DEBUG -   Completed Analyzing ASCII content in 0.00s
2025-03-11 11:40:40,843 - DEBUG -   Starting Analyzing hex content...
2025-03-11 11:40:40,843 - DEBUG -   Completed Analyzing hex content in 0.00s
2025-03-11 11:40:40,843 - DEBUG -   Starting Checking base64 variants...
2025-03-11 11:40:40,844 - DEBUG -   Completed Checking base64 variants in 0.00s
2025-03-11 11:40:40,844 - DEBUG -   Starting Analyzing suspicious patterns...
2025-03-11 11:40:40,857 - WARNING - [0.02s]   [0.02s]   Suspicious substring in raw data: Steganography tool reference: f5
2025-03-11 11:40:40,857 - DEBUG -   Completed Analyzing suspicious patterns in 0.01s
2025-03-11 11:40:40,857 - INFO - [0.02s]   [0.02s]   Found 1 suspicious patterns in raw bytes
2025-03-11 11:40:40,857 - DEBUG -   Completed raw_bytes analysis in 0.02s
2025-03-11 11:40:40,857 - INFO - [0.02s]   [0.02s]   Progress: 2/12 analysis steps completed (16.7%)
2025-03-11 11:40:40,857 - DEBUG -   Starting binary_patterns analysis...
2025-03-11 11:40:40,981 - DEBUG -   Completed binary_patterns analysis in 0.12s
2025-03-11 11:40:40,981 - INFO - [0.14s]   [0.14s]   Progress: 3/12 analysis steps completed (25.0%)
2025-03-11 11:40:40,981 - DEBUG -   Starting lsb analysis...
2025-03-11 11:40:40,993 - DEBUG -   tag: Orientation (274) - type: short (3) - value: b'\x00\x01'
2025-03-11 11:40:40,993 - DEBUG -   tag: XResolution (282) - type: rational (5) Tag Location: 34 - Data Location: 86 - value: b'\x00\x00\x01,\x00\x00\x00\x01'
2025-03-11 11:40:40,993 - DEBUG -   tag: YResolution (283) - type: rational (5) Tag Location: 46 - Data Location: 94 - value: b'\x00\x00\x01,\x00\x00\x00\x01'
2025-03-11 11:40:40,993 - DEBUG -   tag: ResolutionUnit (296) - type: short (3) - value: b'\x00\x02'
2025-03-11 11:40:40,993 - DEBUG -   tag: YCbCrPositioning (531) - type: short (3) - value: b'\x00\x01'
2025-03-11 11:40:40,993 - DEBUG -   tag: ExifIFD (34665) - type: long (4) - value: b'\x00\x00\x00f'
2025-03-11 11:40:41,580 - DEBUG -   Completed lsb analysis in 0.60s
2025-03-11 11:40:41,580 - INFO - [0.74s]   [0.74s]   Progress: 4/12 analysis steps completed (33.3%)
2025-03-11 11:40:41,580 - DEBUG -   Starting channels analysis...
2025-03-11 11:40:41,580 - DEBUG -   tag: Orientation (274) - type: short (3) - value: b'\x00\x01'
2025-03-11 11:40:41,580 - DEBUG -   tag: XResolution (282) - type: rational (5) Tag Location: 34 - Data Location: 86 - value: b'\x00\x00\x01,\x00\x00\x00\x01'
2025-03-11 11:40:41,580 - DEBUG -   tag: YResolution (283) - type: rational (5) Tag Location: 46 - Data Location: 94 - value: b'\x00\x00\x01,\x00\x00\x00\x01'
2025-03-11 11:40:41,580 - DEBUG -   tag: ResolutionUnit (296) - type: short (3) - value: b'\x00\x02'
2025-03-11 11:40:41,580 - DEBUG -   tag: YCbCrPositioning (531) - type: short (3) - value: b'\x00\x01'
2025-03-11 11:40:41,580 - DEBUG -   tag: ExifIFD (34665) - type: long (4) - value: b'\x00\x00\x00f'
2025-03-11 11:40:41,668 - DEBUG -   Completed channels analysis in 0.09s
2025-03-11 11:40:41,668 - INFO - [0.83s]   [0.83s]   Progress: 5/12 analysis steps completed (41.7%)
2025-03-11 11:40:41,668 - DEBUG -   Starting binwalk analysis...
2025-03-11 11:40:41,695 - DEBUG -   Completed binwalk analysis in 0.03s
2025-03-11 11:40:41,695 - INFO - [0.86s]   [0.86s]   Progress: 6/12 analysis steps completed (50.0%)
2025-03-11 11:40:41,695 - DEBUG -   Starting icc_profile analysis...
2025-03-11 11:40:41,696 - DEBUG -   tag: Orientation (274) - type: short (3) - value: b'\x00\x01'
2025-03-11 11:40:41,696 - DEBUG -   tag: XResolution (282) - type: rational (5) Tag Location: 34 - Data Location: 86 - value: b'\x00\x00\x01,\x00\x00\x00\x01'
2025-03-11 11:40:41,696 - DEBUG -   tag: YResolution (283) - type: rational (5) Tag Location: 46 - Data Location: 94 - value: b'\x00\x00\x01,\x00\x00\x00\x01'
2025-03-11 11:40:41,696 - DEBUG -   tag: ResolutionUnit (296) - type: short (3) - value: b'\x00\x02'
2025-03-11 11:40:41,696 - DEBUG -   tag: YCbCrPositioning (531) - type: short (3) - value: b'\x00\x01'
2025-03-11 11:40:41,696 - DEBUG -   tag: ExifIFD (34665) - type: long (4) - value: b'\x00\x00\x00f'
2025-03-11 11:40:41,696 - DEBUG -   Completed icc_profile analysis in 0.00s
2025-03-11 11:40:41,696 - INFO - [0.86s]   [0.86s]   Progress: 7/12 analysis steps completed (58.3%)
2025-03-11 11:40:41,696 - DEBUG -   Starting zip_signatures analysis...
2025-03-11 11:40:41,706 - DEBUG -   Completed zip_signatures analysis in 0.01s
2025-03-11 11:40:41,706 - INFO - [0.87s]   [0.87s]   Progress: 8/12 analysis steps completed (66.7%)
2025-03-11 11:40:41,706 - DEBUG -   Starting appended_data analysis...
2025-03-11 11:40:41,706 - INFO - [0.87s]   [0.87s]   Checking for appended data...
2025-03-11 11:40:41,707 - DEBUG -   Starting Reading file...
2025-03-11 11:40:41,707 - DEBUG -   Read 133,503 bytes
2025-03-11 11:40:41,707 - DEBUG -   Completed Reading file in 0.00s
2025-03-11 11:40:41,707 - DEBUG -   Starting Analyzing file format...
2025-03-11 11:40:41,715 - DEBUG -   Found 1 EOI markers
2025-03-11 11:40:41,715 - DEBUG -   Completed Analyzing file format in 0.01s
2025-03-11 11:40:41,715 - INFO - [0.88s]   [0.88s]   No appended data found
2025-03-11 11:40:41,715 - DEBUG -   Completed appended_data analysis in 0.01s
2025-03-11 11:40:41,715 - INFO - [0.88s]   [0.88s]   Progress: 9/12 analysis steps completed (75.0%)
2025-03-11 11:40:41,715 - DEBUG -   Starting histogram analysis...
2025-03-11 11:40:41,715 - DEBUG -   tag: Orientation (274) - type: short (3) - value: b'\x00\x01'
2025-03-11 11:40:41,715 - DEBUG -   tag: XResolution (282) - type: rational (5) Tag Location: 34 - Data Location: 86 - value: b'\x00\x00\x01,\x00\x00\x00\x01'
2025-03-11 11:40:41,715 - DEBUG -   tag: YResolution (283) - type: rational (5) Tag Location: 46 - Data Location: 94 - value: b'\x00\x00\x01,\x00\x00\x00\x01'
2025-03-11 11:40:41,715 - DEBUG -   tag: ResolutionUnit (296) - type: short (3) - value: b'\x00\x02'
2025-03-11 11:40:41,715 - DEBUG -   tag: YCbCrPositioning (531) - type: short (3) - value: b'\x00\x01'
2025-03-11 11:40:41,715 - DEBUG -   tag: ExifIFD (34665) - type: long (4) - value: b'\x00\x00\x00f'
2025-03-11 11:40:41,757 - DEBUG -   Completed histogram analysis in 0.04s
2025-03-11 11:40:41,757 - INFO - [0.92s]   [0.92s]   Progress: 10/12 analysis steps completed (83.3%)
2025-03-11 11:40:41,757 - DEBUG -   Starting jpeg_comments analysis...
2025-03-11 11:40:41,757 - INFO - [0.92s]   [0.92s]   Checking JPEG comment segments...
2025-03-11 11:40:41,757 - DEBUG -   Starting Reading JPEG file...
2025-03-11 11:40:41,757 - DEBUG -   Completed Reading JPEG file in 0.00s
2025-03-11 11:40:41,757 - DEBUG -   Starting Analyzing comment segments...
2025-03-11 11:40:41,766 - DEBUG -   Completed Analyzing comment segments in 0.01s
2025-03-11 11:40:41,766 - INFO - [0.93s]   [0.93s]   No suspicious patterns found in JPEG comments
2025-03-11 11:40:41,766 - DEBUG -   Completed jpeg_comments analysis in 0.01s
2025-03-11 11:40:41,766 - INFO - [0.93s]   [0.93s]   Progress: 11/12 analysis steps completed (91.7%)
2025-03-11 11:40:41,766 - DEBUG -   Starting large_metadata analysis...
2025-03-11 11:40:41,766 - INFO - [0.93s]   [0.93s]   Checking for large metadata fields...
2025-03-11 11:40:41,766 - DEBUG -   Starting Reading metadata...
2025-03-11 11:40:41,766 - DEBUG -   JPEG format recognized data[0:2]=0xFFD8
2025-03-11 11:40:41,766 - DEBUG -   data[2]=0xFF data[3]=0xE1 data[6:10]=b'Exif'
2025-03-11 11:40:41,766 - DEBUG -    Segment base 0x2
2025-03-11 11:40:41,766 - DEBUG -     APP1 at base 0x2
2025-03-11 11:40:41,766 - DEBUG -     Length: 0xF 0xFE
2025-03-11 11:40:41,766 - DEBUG -     Code: b'Exif'
2025-03-11 11:40:41,766 - DEBUG -     Decrement base by 2 to get to pre-segment header (for compatibility with later code)
2025-03-11 11:40:41,766 - DEBUG -   Endian format is M (Motorola)
2025-03-11 11:40:41,766 - DEBUG -   IFD 0 (Image) at offset 8:
2025-03-11 11:40:41,766 - DEBUG -    Orientation: (0x0112) Short=Horizontal (normal) @ 18
2025-03-11 11:40:41,766 - DEBUG -    XResolution: (0x011A) Ratio=300 @ 86
2025-03-11 11:40:41,766 - DEBUG -    YResolution: (0x011B) Ratio=300 @ 94
2025-03-11 11:40:41,766 - DEBUG -    ResolutionUnit: (0x0128) Short=Pixels/Inch @ 54
2025-03-11 11:40:41,766 - DEBUG -    YCbCrPositioning: (0x0213) Short=Centered @ 66
2025-03-11 11:40:41,766 - DEBUG -    ExifOffset: (0x8769) Long=102 @ 78
2025-03-11 11:40:41,766 - DEBUG -   Exif SubIFD at offset 102:
2025-03-11 11:40:41,766 - DEBUG -    ExifVersion: (0x9000) Undefined=0221 @ 112
2025-03-11 11:40:41,766 - DEBUG -    ComponentsConfiguration: (0x9101) Undefined=YCbCr @ 124
2025-03-11 11:40:41,766 - DEBUG -    FlashPixVersion: (0xA000) Undefined=0100 @ 136
2025-03-11 11:40:41,766 - DEBUG -    ColorSpace: (0xA001) Short=sRGB @ 148
2025-03-11 11:40:41,766 - DEBUG -    ExifImageWidth: (0xA002) Long=465 @ 160
2025-03-11 11:40:41,766 - DEBUG -    ExifImageLength: (0xA003) Long=624 @ 172
2025-03-11 11:40:41,766 - DEBUG -    SceneCaptureType: (0xA406) Short=Standard @ 184
2025-03-11 11:40:41,766 - DEBUG -   Found 13 metadata tags
2025-03-11 11:40:41,766 - DEBUG -   Completed Reading metadata in 0.00s
2025-03-11 11:40:41,766 - DEBUG -   Starting Analyzing metadata fields...
2025-03-11 11:40:41,766 - DEBUG -   Completed Analyzing metadata fields in 0.00s
2025-03-11 11:40:41,766 - INFO - [0.93s]   [0.93s]   No suspicious large metadata fields found
2025-03-11 11:40:41,766 - DEBUG -   Completed large_metadata analysis in 0.00s
2025-03-11 11:40:41,766 - INFO - [0.93s]   [0.93s]   Progress: 12/12 analysis steps completed (100.0%)
2025-03-11 11:40:41,766 - INFO - [0.93s]   [0.93s]   Analysis complete - 0 total findings
2025-03-11 11:40:41,767 - INFO - [0.93s]   [0.93s]   Completed Analyzing yews_3PM_3-10-25-3PM-7.jpg in 0.93s
2025-03-11 11:40:41,767 - INFO - [0.93s]   [0.93s]   Completed Analyzing yews_3PM_3-10-25-3PM-7.jpg in 0.93s
2025-03-11 11:40:41,767 - INFO - [0.93s]   [0.93s]   
Analyzing file 2/30: /Users/adam/Git/stego_tools/yews_images/yews_news/2025-03-11/yews_8PM_3-10-25-8PM-2.jpg
2025-03-11 11:40:41,767 - INFO - [0.93s]   [0.93s]   Starting Analyzing yews_8PM_3-10-25-8PM-2.jpg...
2025-03-11 11:40:41,767 - INFO - [0.93s]   [0.93s]   Starting Analyzing yews_8PM_3-10-25-8PM-2.jpg...
2025-03-11 11:40:41,767 - INFO - [0.93s]   [0.93s]   File size: 316,625 bytes
2025-03-11 11:40:41,767 - DEBUG -   Starting metadata analysis...
2025-03-11 11:40:41,767 - INFO - [0.93s]   [0.93s]   Checking metadata...
2025-03-11 11:40:41,767 - DEBUG -   Starting Reading EXIF data...
2025-03-11 11:40:41,767 - DEBUG -   JPEG format recognized data[0:2]=0xFFD8
2025-03-11 11:40:41,767 - DEBUG -   data[2]=0xFF data[3]=0xE1 data[6:10]=b'Exif'
2025-03-11 11:40:41,767 - DEBUG -    Segment base 0x2
2025-03-11 11:40:41,767 - DEBUG -     APP1 at base 0x2
2025-03-11 11:40:41,767 - DEBUG -     Length: 0xF 0xFE
2025-03-11 11:40:41,767 - DEBUG -     Code: b'Exif'
2025-03-11 11:40:41,767 - DEBUG -     Decrement base by 2 to get to pre-segment header (for compatibility with later code)
2025-03-11 11:40:41,767 - DEBUG -   Endian format is M (Motorola)
2025-03-11 11:40:41,767 - DEBUG -   IFD 0 (Image) at offset 8:
2025-03-11 11:40:41,767 - DEBUG -    Orientation: (0x0112) Short=Horizontal (normal) @ 18
2025-03-11 11:40:41,767 - DEBUG -    XResolution: (0x011A) Ratio=1146368/11877 @ 86
2025-03-11 11:40:41,767 - DEBUG -    YResolution: (0x011B) Ratio=1146368/11877 @ 94
2025-03-11 11:40:41,767 - DEBUG -    ResolutionUnit: (0x0128) Short=Pixels/Inch @ 54
2025-03-11 11:40:41,767 - DEBUG -    YCbCrPositioning: (0x0213) Short=Centered @ 66
2025-03-11 11:40:41,767 - DEBUG -    ExifOffset: (0x8769) Long=102 @ 78
2025-03-11 11:40:41,767 - DEBUG -   Exif SubIFD at offset 102:
2025-03-11 11:40:41,767 - DEBUG -    ExifVersion: (0x9000) Undefined=0221 @ 112
2025-03-11 11:40:41,767 - DEBUG -    ComponentsConfiguration: (0x9101) Undefined=YCbCr @ 124
2025-03-11 11:40:41,767 - DEBUG -    FlashPixVersion: (0xA000) Undefined=0100 @ 136
2025-03-11 11:40:41,767 - DEBUG -    ColorSpace: (0xA001) Short=sRGB @ 148
2025-03-11 11:40:41,767 - DEBUG -    ExifImageWidth: (0xA002) Long=733 @ 160
2025-03-11 11:40:41,767 - DEBUG -    ExifImageLength: (0xA003) Long=755 @ 172
2025-03-11 11:40:41,767 - DEBUG -    SceneCaptureType: (0xA406) Short=Standard @ 184
2025-03-11 11:40:41,767 - DEBUG -   Found 13 EXIF tags
2025-03-11 11:40:41,767 - DEBUG -   Completed Reading EXIF data in 0.00s
2025-03-11 11:40:41,768 - DEBUG -   Starting Analyzing metadata content...
2025-03-11 11:40:41,768 - INFO - [0.93s]   [0.93s]   No suspicious patterns found in metadata
2025-03-11 11:40:41,768 - DEBUG -   Completed Analyzing metadata content in 0.00s
2025-03-11 11:40:41,768 - DEBUG -   Completed metadata analysis in 0.00s
2025-03-11 11:40:41,768 - INFO - [0.93s]   [0.93s]   Progress: 1/12 analysis steps completed (8.3%)
2025-03-11 11:40:41,768 - DEBUG -   Starting raw_bytes analysis...
2025-03-11 11:40:41,768 - INFO - [0.93s]   [0.93s]   Checking raw bytes...
2025-03-11 11:40:41,768 - DEBUG -   Starting Reading file content...
2025-03-11 11:40:41,768 - DEBUG -   Read 316,625 bytes
2025-03-11 11:40:41,768 - DEBUG -   Completed Reading file content in 0.00s
2025-03-11 11:40:41,768 - DEBUG -   Starting Analyzing ASCII content...
2025-03-11 11:40:41,770 - DEBUG -   Completed Analyzing ASCII content in 0.00s
2025-03-11 11:40:41,770 - DEBUG -   Starting Analyzing hex content...
2025-03-11 11:40:41,771 - DEBUG -   Completed Analyzing hex content in 0.00s
2025-03-11 11:40:41,771 - DEBUG -   Starting Checking base64 variants...
2025-03-11 11:40:41,772 - DEBUG -   Completed Checking base64 variants in 0.00s
2025-03-11 11:40:41,772 - DEBUG -   Starting Analyzing suspicious patterns...
2025-03-11 11:40:41,803 - WARNING - [0.96s]   [0.96s]   Suspicious substring in raw data: Steganography tool reference: f5
2025-03-11 11:40:41,803 - DEBUG -   Completed Analyzing suspicious patterns in 0.03s
2025-03-11 11:40:41,803 - INFO - [0.96s]   [0.96s]   Found 1 suspicious patterns in raw bytes
2025-03-11 11:40:41,804 - DEBUG -   Completed raw_bytes analysis in 0.04s
2025-03-11 11:40:41,804 - INFO - [0.96s]   [0.96s]   Progress: 2/12 analysis steps completed (16.7%)
2025-03-11 11:40:41,804 - DEBUG -   Starting binary_patterns analysis...
2025-03-11 11:40:42,095 - DEBUG -   Completed binary_patterns analysis in 0.29s
2025-03-11 11:40:42,095 - INFO - [1.26s]   [1.26s]   Progress: 3/12 analysis steps completed (25.0%)
2025-03-11 11:40:42,095 - DEBUG -   Starting lsb analysis...
2025-03-11 11:40:42,095 - DEBUG -   tag: Orientation (274) - type: short (3) - value: b'\x00\x01'
2025-03-11 11:40:42,095 - DEBUG -   tag: XResolution (282) - type: rational (5) Tag Location: 34 - Data Location: 86 - value: b'\x00\x11~\x00\x00\x00.e'
2025-03-11 11:40:42,095 - DEBUG -   tag: YResolution (283) - type: rational (5) Tag Location: 46 - Data Location: 94 - value: b'\x00\x11~\x00\x00\x00.e'
2025-03-11 11:40:42,095 - DEBUG -   tag: ResolutionUnit (296) - type: short (3) - value: b'\x00\x02'
2025-03-11 11:40:42,095 - DEBUG -   tag: YCbCrPositioning (531) - type: short (3) - value: b'\x00\x01'
2025-03-11 11:40:42,095 - DEBUG -   tag: ExifIFD (34665) - type: long (4) - value: b'\x00\x00\x00f'
2025-03-11 11:40:43,762 - DEBUG -   Completed lsb analysis in 1.67s
2025-03-11 11:40:43,763 - INFO - [2.92s]   [2.92s]   Progress: 4/12 analysis steps completed (33.3%)
2025-03-11 11:40:43,763 - DEBUG -   Starting channels analysis...
2025-03-11 11:40:43,763 - DEBUG -   tag: Orientation (274) - type: short (3) - value: b'\x00\x01'
2025-03-11 11:40:43,763 - DEBUG -   tag: XResolution (282) - type: rational (5) Tag Location: 34 - Data Location: 86 - value: b'\x00\x11~\x00\x00\x00.e'
2025-03-11 11:40:43,763 - DEBUG -   tag: YResolution (283) - type: rational (5) Tag Location: 46 - Data Location: 94 - value: b'\x00\x11~\x00\x00\x00.e'
2025-03-11 11:40:43,763 - DEBUG -   tag: ResolutionUnit (296) - type: short (3) - value: b'\x00\x02'
2025-03-11 11:40:43,763 - DEBUG -   tag: YCbCrPositioning (531) - type: short (3) - value: b'\x00\x01'
2025-03-11 11:40:43,763 - DEBUG -   tag: ExifIFD (34665) - type: long (4) - value: b'\x00\x00\x00f'
2025-03-11 11:40:44,003 - DEBUG -   Completed channels analysis in 0.24s
2025-03-11 11:40:44,004 - INFO - [3.16s]   [3.16s]   Progress: 5/12 analysis steps completed (41.7%)
2025-03-11 11:40:44,004 - DEBUG -   Starting binwalk analysis...
2025-03-11 11:40:44,023 - DEBUG -   Completed binwalk analysis in 0.02s
2025-03-11 11:40:44,023 - INFO - [3.18s]   [3.18s]   Progress: 6/12 analysis steps completed (50.0%)
2025-03-11 11:40:44,023 - DEBUG -   Starting icc_profile analysis...
2025-03-11 11:40:44,023 - DEBUG -   tag: Orientation (274) - type: short (3) - value: b'\x00\x01'
2025-03-11 11:40:44,023 - DEBUG -   tag: XResolution (282) - type: rational (5) Tag Location: 34 - Data Location: 86 - value: b'\x00\x11~\x00\x00\x00.e'
2025-03-11 11:40:44,023 - DEBUG -   tag: YResolution (283) - type: rational (5) Tag Location: 46 - Data Location: 94 - value: b'\x00\x11~\x00\x00\x00.e'
2025-03-11 11:40:44,023 - DEBUG -   tag: ResolutionUnit (296) - type: short (3) - value: b'\x00\x02'
2025-03-11 11:40:44,023 - DEBUG -   tag: YCbCrPositioning (531) - type: short (3) - value: b'\x00\x01'
2025-03-11 11:40:44,023 - DEBUG -   tag: ExifIFD (34665) - type: long (4) - value: b'\x00\x00\x00f'
2025-03-11 11:40:44,023 - DEBUG -   Completed icc_profile analysis in 0.00s
2025-03-11 11:40:44,023 - INFO - [3.18s]   [3.18s]   Progress: 7/12 analysis steps completed (58.3%)
2025-03-11 11:40:44,023 - DEBUG -   Starting zip_signatures analysis...
2025-03-11 11:40:44,048 - DEBUG -   Completed zip_signatures analysis in 0.02s
2025-03-11 11:40:44,048 - INFO - [3.21s]   [3.21s]   Progress: 8/12 analysis steps completed (66.7%)
2025-03-11 11:40:44,049 - DEBUG -   Starting appended_data analysis...
2025-03-11 11:40:44,049 - INFO - [3.21s]   [3.21s]   Checking for appended data...
2025-03-11 11:40:44,049 - DEBUG -   Starting Reading file...
2025-03-11 11:40:44,049 - DEBUG -   Read 316,625 bytes
2025-03-11 11:40:44,049 - DEBUG -   Completed Reading file in 0.00s
2025-03-11 11:40:44,049 - DEBUG -   Starting Analyzing file format...
2025-03-11 11:40:44,068 - DEBUG -   Found 1 EOI markers
2025-03-11 11:40:44,068 - DEBUG -   Completed Analyzing file format in 0.02s
2025-03-11 11:40:44,068 - INFO - [3.23s]   [3.23s]   No appended data found
2025-03-11 11:40:44,068 - DEBUG -   Completed appended_data analysis in 0.02s
2025-03-11 11:40:44,068 - INFO - [3.23s]   [3.23s]   Progress: 9/12 analysis steps completed (75.0%)
2025-03-11 11:40:44,068 - DEBUG -   Starting histogram analysis...
2025-03-11 11:40:44,068 - DEBUG -   tag: Orientation (274) - type: short (3) - value: b'\x00\x01'
2025-03-11 11:40:44,068 - DEBUG -   tag: XResolution (282) - type: rational (5) Tag Location: 34 - Data Location: 86 - value: b'\x00\x11~\x00\x00\x00.e'
2025-03-11 11:40:44,068 - DEBUG -   tag: YResolution (283) - type: rational (5) Tag Location: 46 - Data Location: 94 - value: b'\x00\x11~\x00\x00\x00.e'
2025-03-11 11:40:44,068 - DEBUG -   tag: ResolutionUnit (296) - type: short (3) - value: b'\x00\x02'
2025-03-11 11:40:44,068 - DEBUG -   tag: YCbCrPositioning (531) - type: short (3) - value: b'\x00\x01'
2025-03-11 11:40:44,068 - DEBUG -   tag: ExifIFD (34665) - type: long (4) - value: b'\x00\x00\x00f'
2025-03-11 11:40:44,182 - DEBUG -   Completed histogram analysis in 0.11s
2025-03-11 11:40:44,183 - INFO - [3.34s]   [3.34s]   Progress: 10/12 analysis steps completed (83.3%)
2025-03-11 11:40:44,183 - DEBUG -   Starting jpeg_comments analysis...
2025-03-11 11:40:44,183 - INFO - [3.34s]   [3.34s]   Checking JPEG comment segments...
2025-03-11 11:40:44,183 - DEBUG -   Starting Reading JPEG file...
2025-03-11 11:40:44,183 - DEBUG -   Completed Reading JPEG file in 0.00s
2025-03-11 11:40:44,183 - DEBUG -   Starting Analyzing comment segments...
2025-03-11 11:40:44,202 - DEBUG -   Completed Analyzing comment segments in 0.02s
2025-03-11 11:40:44,203 - INFO - [3.36s]   [3.36s]   No suspicious patterns found in JPEG comments
2025-03-11 11:40:44,203 - DEBUG -   Completed jpeg_comments analysis in 0.02s
2025-03-11 11:40:44,203 - INFO - [3.36s]   [3.36s]   Progress: 11/12 analysis steps completed (91.7%)
2025-03-11 11:40:44,203 - DEBUG -   Starting large_metadata analysis...
2025-03-11 11:40:44,203 - INFO - [3.36s]   [3.36s]   Checking for large metadata fields...
2025-03-11 11:40:44,203 - DEBUG -   Starting Reading metadata...
2025-03-11 11:40:44,203 - DEBUG -   JPEG format recognized data[0:2]=0xFFD8
2025-03-11 11:40:44,203 - DEBUG -   data[2]=0xFF data[3]=0xE1 data[6:10]=b'Exif'
2025-03-11 11:40:44,203 - DEBUG -    Segment base 0x2
2025-03-11 11:40:44,203 - DEBUG -     APP1 at base 0x2
2025-03-11 11:40:44,203 - DEBUG -     Length: 0xF 0xFE
2025-03-11 11:40:44,203 - DEBUG -     Code: b'Exif'
2025-03-11 11:40:44,203 - DEBUG -     Decrement base by 2 to get to pre-segment header (for compatibility with later code)
2025-03-11 11:40:44,203 - DEBUG -   Endian format is M (Motorola)
2025-03-11 11:40:44,203 - DEBUG -   IFD 0 (Image) at offset 8:
2025-03-11 11:40:44,203 - DEBUG -    Orientation: (0x0112) Short=Horizontal (normal) @ 18
2025-03-11 11:40:44,203 - DEBUG -    XResolution: (0x011A) Ratio=1146368/11877 @ 86
2025-03-11 11:40:44,203 - DEBUG -    YResolution: (0x011B) Ratio=1146368/11877 @ 94
2025-03-11 11:40:44,203 - DEBUG -    ResolutionUnit: (0x0128) Short=Pixels/Inch @ 54
2025-03-11 11:40:44,203 - DEBUG -    YCbCrPositioning: (0x0213) Short=Centered @ 66
2025-03-11 11:40:44,203 - DEBUG -    ExifOffset: (0x8769) Long=102 @ 78
2025-03-11 11:40:44,203 - DEBUG -   Exif SubIFD at offset 102:
2025-03-11 11:40:44,203 - DEBUG -    ExifVersion: (0x9000) Undefined=0221 @ 112
2025-03-11 11:40:44,203 - DEBUG -    ComponentsConfiguration: (0x9101) Undefined=YCbCr @ 124
2025-03-11 11:40:44,203 - DEBUG -    FlashPixVersion: (0xA000) Undefined=0100 @ 136
2025-03-11 11:40:44,203 - DEBUG -    ColorSpace: (0xA001) Short=sRGB @ 148
2025-03-11 11:40:44,203 - DEBUG -    ExifImageWidth: (0xA002) Long=733 @ 160
2025-03-11 11:40:44,203 - DEBUG -    ExifImageLength: (0xA003) Long=755 @ 172
2025-03-11 11:40:44,203 - DEBUG -    SceneCaptureType: (0xA406) Short=Standard @ 184
2025-03-11 11:40:44,203 - DEBUG -   Found 13 metadata tags
2025-03-11 11:40:44,203 - DEBUG -   Completed Reading metadata in 0.00s
2025-03-11 11:40:44,203 - DEBUG -   Starting Analyzing metadata fields...
2025-03-11 11:40:44,203 - DEBUG -   Completed Analyzing metadata fields in 0.00s
2025-03-11 11:40:44,203 - INFO - [3.36s]   [3.36s]   No suspicious large metadata fields found
2025-03-11 11:40:44,203 - DEBUG -   Completed large_metadata analysis in 0.00s
2025-03-11 11:40:44,203 - INFO - [3.36s]   [3.36s]   Progress: 12/12 analysis steps completed (100.0%)
2025-03-11 11:40:44,203 - INFO - [3.36s]   [3.36s]   Analysis complete - 0 total findings
2025-03-11 11:40:44,203 - INFO - [3.36s]   [3.36s]   Completed Analyzing yews_8PM_3-10-25-8PM-2.jpg in 2.44s
2025-03-11 11:40:44,203 - INFO - [3.36s]   [3.36s]   Completed Analyzing yews_8PM_3-10-25-8PM-2.jpg in 2.44s
2025-03-11 11:40:44,203 - INFO - [3.36s]   [3.36s]   
Analyzing file 3/30: /Users/adam/Git/stego_tools/yews_images/yews_news/2025-03-11/yews_8PM_3-10-25-8PM-3.jpg
2025-03-11 11:40:44,203 - INFO - [3.36s]   [3.36s]   Starting Analyzing yews_8PM_3-10-25-8PM-3.jpg...
2025-03-11 11:40:44,204 - INFO - [3.36s]   [3.36s]   Starting Analyzing yews_8PM_3-10-25-8PM-3.jpg...
2025-03-11 11:40:44,204 - INFO - [3.36s]   [3.36s]   File size: 2,651,568 bytes
2025-03-11 11:40:44,204 - DEBUG -   Starting metadata analysis...
2025-03-11 11:40:44,204 - INFO - [3.36s]   [3.36s]   Checking metadata...
2025-03-11 11:40:44,204 - DEBUG -   Starting Reading EXIF data...
2025-03-11 11:40:44,205 - DEBUG -   PNG format recognized in data[0:8]=89504e470d0a1a0a
2025-03-11 11:40:44,205 - DEBUG -   PNG found chunk IHDR
2025-03-11 11:40:44,205 - DEBUG -   PNG found chunk iCCP
2025-03-11 11:40:44,205 - DEBUG -   PNG found chunk eXIf
2025-03-11 11:40:44,205 - DEBUG -   Endian format is M (Motorola)
2025-03-11 11:40:44,205 - DEBUG -   IFD 0 (Image) at offset 8:
2025-03-11 11:40:44,205 - DEBUG -    Orientation: (0x0112) Short=Horizontal (normal) @ 18
2025-03-11 11:40:44,205 - DEBUG -    XResolution: (0x011A) Ratio=144 @ 74
2025-03-11 11:40:44,205 - DEBUG -    YResolution: (0x011B) Ratio=144 @ 82
2025-03-11 11:40:44,205 - DEBUG -    ResolutionUnit: (0x0128) Short=Pixels/Inch @ 54
2025-03-11 11:40:44,205 - DEBUG -    ExifOffset: (0x8769) Long=90 @ 66
2025-03-11 11:40:44,205 - DEBUG -   Exif SubIFD at offset 90:
2025-03-11 11:40:44,205 - DEBUG -    UserComment: (0x9286) Undefined=Screenshot @ 132
2025-03-11 11:40:44,205 - DEBUG -    ExifImageWidth: (0xA002) Long=2206 @ 112
2025-03-11 11:40:44,205 - DEBUG -    ExifImageLength: (0xA003) Long=1547 @ 124
2025-03-11 11:40:44,205 - DEBUG -   Found 8 EXIF tags
2025-03-11 11:40:44,205 - DEBUG -   Completed Reading EXIF data in 0.00s
2025-03-11 11:40:44,205 - DEBUG -   Starting Analyzing metadata content...
2025-03-11 11:40:44,205 - INFO - [3.37s]   [3.37s]   No suspicious patterns found in metadata
2025-03-11 11:40:44,205 - DEBUG -   Completed Analyzing metadata content in 0.00s
2025-03-11 11:40:44,205 - DEBUG -   Completed metadata analysis in 0.00s
2025-03-11 11:40:44,205 - INFO - [3.37s]   [3.37s]   Progress: 1/12 analysis steps completed (8.3%)
2025-03-11 11:40:44,205 - DEBUG -   Starting raw_bytes analysis...
2025-03-11 11:40:44,205 - INFO - [3.37s]   [3.37s]   Checking raw bytes...
2025-03-11 11:40:44,205 - DEBUG -   Starting Reading file content...
2025-03-11 11:40:44,207 - DEBUG -   Read 2,651,568 bytes
2025-03-11 11:40:44,207 - DEBUG -   Completed Reading file content in 0.00s
2025-03-11 11:40:44,207 - DEBUG -   Starting Analyzing ASCII content...
2025-03-11 11:40:44,224 - DEBUG -   Completed Analyzing ASCII content in 0.02s
2025-03-11 11:40:44,224 - DEBUG -   Starting Analyzing hex content...
2025-03-11 11:40:44,232 - DEBUG -   Completed Analyzing hex content in 0.01s
2025-03-11 11:40:44,232 - DEBUG -   Starting Checking base64 variants...
2025-03-11 11:40:44,240 - DEBUG -   Completed Checking base64 variants in 0.01s
2025-03-11 11:40:44,240 - DEBUG -   Starting Analyzing suspicious patterns...
2025-03-11 11:40:44,494 - WARNING - [3.65s]   [3.65s]   Suspicious substring in raw data: Steganography tool reference: f5
2025-03-11 11:40:44,494 - DEBUG -   Completed Analyzing suspicious patterns in 0.25s
2025-03-11 11:40:44,494 - INFO - [3.65s]   [3.65s]   Found 1 suspicious patterns in raw bytes
2025-03-11 11:40:44,495 - DEBUG -   Completed raw_bytes analysis in 0.29s
2025-03-11 11:40:44,495 - INFO - [3.66s]   [3.66s]   Progress: 2/12 analysis steps completed (16.7%)
2025-03-11 11:40:44,495 - DEBUG -   Starting binary_patterns analysis...
2025-03-11 11:40:46,856 - DEBUG -   Completed binary_patterns analysis in 2.36s
2025-03-11 11:40:46,856 - INFO - [6.02s]   [6.02s]   Progress: 3/12 analysis steps completed (25.0%)
2025-03-11 11:40:46,856 - DEBUG -   Starting lsb analysis...
2025-03-11 11:40:46,856 - DEBUG -   STREAM b'IHDR' 16 13
2025-03-11 11:40:46,856 - DEBUG -   STREAM b'iCCP' 41 3132
2025-03-11 11:40:46,856 - DEBUG -   iCCP profile name b'ICC Profile'
2025-03-11 11:40:46,856 - DEBUG -   Compression method 0
2025-03-11 11:40:46,856 - DEBUG -   STREAM b'eXIf' 3185 150
2025-03-11 11:40:46,856 - DEBUG -   STREAM b'pHYs' 3347 9
2025-03-11 11:40:46,856 - DEBUG -   STREAM b'iTXt' 3368 729
2025-03-11 11:40:46,856 - DEBUG -   STREAM b'IDAT' 4109 16384
2025-03-11 11:40:57,334 - DEBUG -   Completed lsb analysis in 10.48s
2025-03-11 11:40:57,335 - INFO - [16.50s]   [16.50s]   Progress: 4/12 analysis steps completed (33.3%)
2025-03-11 11:40:57,336 - DEBUG -   Starting channels analysis...
2025-03-11 11:40:57,336 - DEBUG -   STREAM b'IHDR' 16 13
2025-03-11 11:40:57,336 - DEBUG -   STREAM b'iCCP' 41 3132
2025-03-11 11:40:57,336 - DEBUG -   iCCP profile name b'ICC Profile'
2025-03-11 11:40:57,336 - DEBUG -   Compression method 0
2025-03-11 11:40:57,336 - DEBUG -   STREAM b'eXIf' 3185 150
2025-03-11 11:40:57,336 - DEBUG -   STREAM b'pHYs' 3347 9
2025-03-11 11:40:57,336 - DEBUG -   STREAM b'iTXt' 3368 729
2025-03-11 11:40:57,336 - DEBUG -   STREAM b'IDAT' 4109 16384
2025-03-11 11:40:58,901 - DEBUG -   Completed channels analysis in 1.57s
2025-03-11 11:40:58,901 - INFO - [18.06s]   [18.06s]   Progress: 5/12 analysis steps completed (41.7%)
2025-03-11 11:40:58,901 - DEBUG -   Starting binwalk analysis...
2025-03-11 11:40:58,940 - DEBUG -   Completed binwalk analysis in 0.04s
2025-03-11 11:40:58,941 - INFO - [18.10s]   [18.10s]   Progress: 6/12 analysis steps completed (50.0%)
2025-03-11 11:40:58,941 - DEBUG -   Starting icc_profile analysis...
2025-03-11 11:40:58,941 - DEBUG -   STREAM b'IHDR' 16 13
2025-03-11 11:40:58,941 - DEBUG -   STREAM b'iCCP' 41 3132
2025-03-11 11:40:58,941 - DEBUG -   iCCP profile name b'ICC Profile'
2025-03-11 11:40:58,941 - DEBUG -   Compression method 0
2025-03-11 11:40:58,941 - DEBUG -   STREAM b'eXIf' 3185 150
2025-03-11 11:40:58,941 - DEBUG -   STREAM b'pHYs' 3347 9
2025-03-11 11:40:58,941 - DEBUG -   STREAM b'iTXt' 3368 729
2025-03-11 11:40:58,941 - DEBUG -   STREAM b'IDAT' 4109 16384
2025-03-11 11:40:58,942 - DEBUG -   Completed icc_profile analysis in 0.00s
2025-03-11 11:40:58,942 - INFO - [18.10s]   [18.10s]   Progress: 7/12 analysis steps completed (58.3%)
2025-03-11 11:40:58,942 - DEBUG -   Starting zip_signatures analysis...
2025-03-11 11:40:59,154 - DEBUG -   Completed zip_signatures analysis in 0.21s
2025-03-11 11:40:59,154 - INFO - [18.31s]   [18.31s]   Progress: 8/12 analysis steps completed (66.7%)
2025-03-11 11:40:59,154 - DEBUG -   Starting appended_data analysis...
2025-03-11 11:40:59,154 - INFO - [18.31s]   [18.31s]   Checking for appended data...
2025-03-11 11:40:59,154 - DEBUG -   Starting Reading file...
2025-03-11 11:40:59,155 - DEBUG -   Read 2,651,568 bytes
2025-03-11 11:40:59,155 - DEBUG -   Completed Reading file in 0.00s
2025-03-11 11:40:59,155 - DEBUG -   Starting Analyzing file format...
2025-03-11 11:40:59,155 - DEBUG -   Completed Analyzing file format in 0.00s
2025-03-11 11:40:59,155 - INFO - [18.32s]   [18.32s]   No appended data found
2025-03-11 11:40:59,155 - DEBUG -   Completed appended_data analysis in 0.00s
2025-03-11 11:40:59,155 - INFO - [18.32s]   [18.32s]   Progress: 9/12 analysis steps completed (75.0%)
2025-03-11 11:40:59,155 - DEBUG -   Starting histogram analysis...
2025-03-11 11:40:59,155 - DEBUG -   STREAM b'IHDR' 16 13
2025-03-11 11:40:59,155 - DEBUG -   STREAM b'iCCP' 41 3132
2025-03-11 11:40:59,155 - DEBUG -   iCCP profile name b'ICC Profile'
2025-03-11 11:40:59,155 - DEBUG -   Compression method 0
2025-03-11 11:40:59,155 - DEBUG -   STREAM b'eXIf' 3185 150
2025-03-11 11:40:59,155 - DEBUG -   STREAM b'pHYs' 3347 9
2025-03-11 11:40:59,155 - DEBUG -   STREAM b'iTXt' 3368 729
2025-03-11 11:40:59,155 - DEBUG -   STREAM b'IDAT' 4109 16384
2025-03-11 11:40:59,912 - DEBUG -   Completed histogram analysis in 0.76s
2025-03-11 11:40:59,912 - INFO - [19.07s]   [19.07s]   Progress: 10/12 analysis steps completed (83.3%)
2025-03-11 11:40:59,912 - DEBUG -   Starting jpeg_comments analysis...
2025-03-11 11:40:59,912 - INFO - [19.07s]   [19.07s]   Checking JPEG comment segments...
2025-03-11 11:40:59,912 - DEBUG -   Starting Reading JPEG file...
2025-03-11 11:40:59,913 - INFO - [19.07s]   [19.07s]   Not a JPEG file - skipping comment analysis
2025-03-11 11:40:59,913 - DEBUG -   Completed Reading JPEG file in 0.00s
2025-03-11 11:40:59,914 - DEBUG -   Completed jpeg_comments analysis in 0.00s
2025-03-11 11:40:59,914 - INFO - [19.07s]   [19.07s]   Progress: 11/12 analysis steps completed (91.7%)
2025-03-11 11:40:59,914 - DEBUG -   Starting large_metadata analysis...
2025-03-11 11:40:59,914 - INFO - [19.07s]   [19.07s]   Checking for large metadata fields...
2025-03-11 11:40:59,914 - DEBUG -   Starting Reading metadata...
2025-03-11 11:40:59,914 - DEBUG -   PNG format recognized in data[0:8]=89504e470d0a1a0a
2025-03-11 11:40:59,914 - DEBUG -   PNG found chunk IHDR
2025-03-11 11:40:59,914 - DEBUG -   PNG found chunk iCCP
2025-03-11 11:40:59,914 - DEBUG -   PNG found chunk eXIf
2025-03-11 11:40:59,914 - DEBUG -   Endian format is M (Motorola)
2025-03-11 11:40:59,914 - DEBUG -   IFD 0 (Image) at offset 8:
2025-03-11 11:40:59,914 - DEBUG -    Orientation: (0x0112) Short=Horizontal (normal) @ 18
2025-03-11 11:40:59,914 - DEBUG -    XResolution: (0x011A) Ratio=144 @ 74
2025-03-11 11:40:59,914 - DEBUG -    YResolution: (0x011B) Ratio=144 @ 82
2025-03-11 11:40:59,914 - DEBUG -    ResolutionUnit: (0x0128) Short=Pixels/Inch @ 54
2025-03-11 11:40:59,914 - DEBUG -    ExifOffset: (0x8769) Long=90 @ 66
2025-03-11 11:40:59,914 - DEBUG -   Exif SubIFD at offset 90:
2025-03-11 11:40:59,914 - DEBUG -    UserComment: (0x9286) Undefined=Screenshot @ 132
2025-03-11 11:40:59,914 - DEBUG -    ExifImageWidth: (0xA002) Long=2206 @ 112
2025-03-11 11:40:59,914 - DEBUG -    ExifImageLength: (0xA003) Long=1547 @ 124
2025-03-11 11:40:59,914 - DEBUG -   Found 8 metadata tags
2025-03-11 11:40:59,914 - DEBUG -   Completed Reading metadata in 0.00s
2025-03-11 11:40:59,914 - DEBUG -   Starting Analyzing metadata fields...
2025-03-11 11:40:59,914 - DEBUG -   Completed Analyzing metadata fields in 0.00s
2025-03-11 11:40:59,914 - INFO - [19.07s]   [19.07s]   No suspicious large metadata fields found
2025-03-11 11:40:59,914 - DEBUG -   Completed large_metadata analysis in 0.00s
2025-03-11 11:40:59,914 - INFO - [19.07s]   [19.07s]   Progress: 12/12 analysis steps completed (100.0%)
2025-03-11 11:40:59,914 - INFO - [19.07s]   [19.07s]   Analysis complete - 0 total findings
2025-03-11 11:40:59,914 - INFO - [19.07s]   [19.07s]   Completed Analyzing yews_8PM_3-10-25-8PM-3.jpg in 15.71s
2025-03-11 11:40:59,914 - INFO - [19.07s]   [19.07s]   Completed Analyzing yews_8PM_3-10-25-8PM-3.jpg in 15.71s
2025-03-11 11:40:59,914 - INFO - [19.07s]   [19.07s]   
Analyzing file 4/30: /Users/adam/Git/stego_tools/yews_images/yews_news/2025-03-11/yews_3PM_3-10-25-3PM-6.jpg
2025-03-11 11:40:59,914 - INFO - [19.07s]   [19.07s]   Starting Analyzing yews_3PM_3-10-25-3PM-6.jpg...
2025-03-11 11:40:59,914 - INFO - [19.07s]   [19.07s]   Starting Analyzing yews_3PM_3-10-25-3PM-6.jpg...
2025-03-11 11:40:59,914 - INFO - [19.08s]   [19.08s]   File size: 95,113 bytes
2025-03-11 11:40:59,914 - DEBUG -   Starting metadata analysis...
2025-03-11 11:40:59,914 - INFO - [19.08s]   [19.08s]   Checking metadata...
2025-03-11 11:40:59,914 - DEBUG -   Starting Reading EXIF data...
2025-03-11 11:40:59,916 - DEBUG -   JPEG format recognized data[0:2]=0xFFD8
2025-03-11 11:40:59,916 - DEBUG -   data[2]=0xFF data[3]=0xE0 data[6:10]=b'JFIF'
2025-03-11 11:40:59,916 - DEBUG -    Length offset is 16
2025-03-11 11:40:59,916 - DEBUG -    Added to zero
2025-03-11 11:40:59,916 - DEBUG -    Set segment base to 0x14
2025-03-11 11:40:59,916 - DEBUG -    Segment base 0x14
2025-03-11 11:40:59,916 - DEBUG -     APP1 at base 0x14
2025-03-11 11:40:59,916 - DEBUG -     Length: 0x0 0x58
2025-03-11 11:40:59,916 - DEBUG -     Code: b'Exif'
2025-03-11 11:40:59,916 - DEBUG -     Decrement base by 2 to get to pre-segment header (for compatibility with later code)
2025-03-11 11:40:59,916 - DEBUG -   Endian format is M (Motorola)
2025-03-11 11:40:59,916 - DEBUG -   IFD 0 (Image) at offset 8:
2025-03-11 11:40:59,916 - DEBUG -    Orientation: (0x0112) Short=Horizontal (normal) @ 18
2025-03-11 11:40:59,916 - DEBUG -    ExifOffset: (0x8769) Long=38 @ 30
2025-03-11 11:40:59,916 - DEBUG -   Exif SubIFD at offset 38:
2025-03-11 11:40:59,916 - DEBUG -    ColorSpace: (0xA001) Short=sRGB @ 48
2025-03-11 11:40:59,916 - DEBUG -    ExifImageWidth: (0xA002) Long=569 @ 60
2025-03-11 11:40:59,916 - DEBUG -    ExifImageLength: (0xA003) Long=700 @ 72
2025-03-11 11:40:59,916 - DEBUG -   Found 5 EXIF tags
2025-03-11 11:40:59,916 - DEBUG -   Completed Reading EXIF data in 0.00s
2025-03-11 11:40:59,916 - DEBUG -   Starting Analyzing metadata content...
2025-03-11 11:40:59,916 - INFO - [19.08s]   [19.08s]   No suspicious patterns found in metadata
2025-03-11 11:40:59,916 - DEBUG -   Completed Analyzing metadata content in 0.00s
2025-03-11 11:40:59,916 - DEBUG -   Completed metadata analysis in 0.00s
2025-03-11 11:40:59,916 - INFO - [19.08s]   [19.08s]   Progress: 1/12 analysis steps completed (8.3%)
2025-03-11 11:40:59,916 - DEBUG -   Starting raw_bytes analysis...
2025-03-11 11:40:59,916 - INFO - [19.08s]   [19.08s]   Checking raw bytes...
2025-03-11 11:40:59,916 - DEBUG -   Starting Reading file content...
2025-03-11 11:40:59,916 - DEBUG -   Read 95,113 bytes
2025-03-11 11:40:59,916 - DEBUG -   Completed Reading file content in 0.00s
2025-03-11 11:40:59,916 - DEBUG -   Starting Analyzing ASCII content...
2025-03-11 11:40:59,917 - DEBUG -   Completed Analyzing ASCII content in 0.00s
2025-03-11 11:40:59,917 - DEBUG -   Starting Analyzing hex content...
2025-03-11 11:40:59,917 - DEBUG -   Completed Analyzing hex content in 0.00s
2025-03-11 11:40:59,917 - DEBUG -   Starting Checking base64 variants...
2025-03-11 11:40:59,918 - DEBUG -   Completed Checking base64 variants in 0.00s
2025-03-11 11:40:59,918 - DEBUG -   Starting Analyzing suspicious patterns...
2025-03-11 11:40:59,928 - WARNING - [19.09s]   [19.09s]   Suspicious substring in raw data: Steganography tool reference: f5
2025-03-11 11:40:59,928 - DEBUG -   Completed Analyzing suspicious patterns in 0.01s
2025-03-11 11:40:59,928 - INFO - [19.09s]   [19.09s]   Found 1 suspicious patterns in raw bytes
2025-03-11 11:40:59,928 - DEBUG -   Completed raw_bytes analysis in 0.01s
2025-03-11 11:40:59,928 - INFO - [19.09s]   [19.09s]   Progress: 2/12 analysis steps completed (16.7%)
2025-03-11 11:40:59,928 - DEBUG -   Starting binary_patterns analysis...
2025-03-11 11:41:00,016 - DEBUG -   Completed binary_patterns analysis in 0.09s
2025-03-11 11:41:00,016 - INFO - [19.18s]   [19.18s]   Progress: 3/12 analysis steps completed (25.0%)
2025-03-11 11:41:00,016 - DEBUG -   Starting lsb analysis...
2025-03-11 11:41:00,016 - DEBUG -   tag: Orientation (274) - type: short (3) - value: b'\x00\x01'
2025-03-11 11:41:00,016 - DEBUG -   tag: ExifIFD (34665) - type: long (4) - value: b'\x00\x00\x00&'
2025-03-11 11:41:01,188 - DEBUG -   Completed lsb analysis in 1.17s
2025-03-11 11:41:01,188 - INFO - [20.35s]   [20.35s]   Progress: 4/12 analysis steps completed (33.3%)
2025-03-11 11:41:01,188 - DEBUG -   Starting channels analysis...
2025-03-11 11:41:01,188 - DEBUG -   tag: Orientation (274) - type: short (3) - value: b'\x00\x01'
2025-03-11 11:41:01,188 - DEBUG -   tag: ExifIFD (34665) - type: long (4) - value: b'\x00\x00\x00&'
2025-03-11 11:41:01,376 - DEBUG -   Completed channels analysis in 0.19s
2025-03-11 11:41:01,376 - INFO - [20.54s]   [20.54s]   Progress: 5/12 analysis steps completed (41.7%)
2025-03-11 11:41:01,376 - DEBUG -   Starting binwalk analysis...
2025-03-11 11:41:01,412 - DEBUG -   Completed binwalk analysis in 0.04s
2025-03-11 11:41:01,413 - INFO - [20.57s]   [20.57s]   Progress: 6/12 analysis steps completed (50.0%)
2025-03-11 11:41:01,413 - DEBUG -   Starting icc_profile analysis...
2025-03-11 11:41:01,413 - DEBUG -   tag: Orientation (274) - type: short (3) - value: b'\x00\x01'
2025-03-11 11:41:01,413 - DEBUG -   tag: ExifIFD (34665) - type: long (4) - value: b'\x00\x00\x00&'
2025-03-11 11:41:01,413 - DEBUG -   Completed icc_profile analysis in 0.00s
2025-03-11 11:41:01,413 - INFO - [20.57s]   [20.57s]   Progress: 7/12 analysis steps completed (58.3%)
2025-03-11 11:41:01,413 - DEBUG -   Starting zip_signatures analysis...
2025-03-11 11:41:01,421 - DEBUG -   Completed zip_signatures analysis in 0.01s
2025-03-11 11:41:01,421 - INFO - [20.58s]   [20.58s]   Progress: 8/12 analysis steps completed (66.7%)
2025-03-11 11:41:01,421 - DEBUG -   Starting appended_data analysis...
2025-03-11 11:41:01,421 - INFO - [20.58s]   [20.58s]   Checking for appended data...
2025-03-11 11:41:01,421 - DEBUG -   Starting Reading file...
2025-03-11 11:41:01,421 - DEBUG -   Read 95,113 bytes
2025-03-11 11:41:01,421 - DEBUG -   Completed Reading file in 0.00s
2025-03-11 11:41:01,421 - DEBUG -   Starting Analyzing file format...
2025-03-11 11:41:01,427 - DEBUG -   Found 1 EOI markers
2025-03-11 11:41:01,427 - DEBUG -   Completed Analyzing file format in 0.01s
2025-03-11 11:41:01,427 - INFO - [20.59s]   [20.59s]   No appended data found
2025-03-11 11:41:01,427 - DEBUG -   Completed appended_data analysis in 0.01s
2025-03-11 11:41:01,427 - INFO - [20.59s]   [20.59s]   Progress: 9/12 analysis steps completed (75.0%)
2025-03-11 11:41:01,427 - DEBUG -   Starting histogram analysis...
2025-03-11 11:41:01,427 - DEBUG -   tag: Orientation (274) - type: short (3) - value: b'\x00\x01'
2025-03-11 11:41:01,427 - DEBUG -   tag: ExifIFD (34665) - type: long (4) - value: b'\x00\x00\x00&'
2025-03-11 11:41:01,510 - DEBUG -   Completed histogram analysis in 0.08s
2025-03-11 11:41:01,510 - INFO - [20.67s]   [20.67s]   Progress: 10/12 analysis steps completed (83.3%)
2025-03-11 11:41:01,510 - DEBUG -   Starting jpeg_comments analysis...
2025-03-11 11:41:01,510 - INFO - [20.67s]   [20.67s]   Checking JPEG comment segments...
2025-03-11 11:41:01,510 - DEBUG -   Starting Reading JPEG file...
2025-03-11 11:41:01,510 - DEBUG -   Completed Reading JPEG file in 0.00s
2025-03-11 11:41:01,510 - DEBUG -   Starting Analyzing comment segments...
2025-03-11 11:41:01,516 - DEBUG -   Completed Analyzing comment segments in 0.01s
2025-03-11 11:41:01,516 - INFO - [20.68s]   [20.68s]   No suspicious patterns found in JPEG comments
2025-03-11 11:41:01,516 - DEBUG -   Completed jpeg_comments analysis in 0.01s
2025-03-11 11:41:01,516 - INFO - [20.68s]   [20.68s]   Progress: 11/12 analysis steps completed (91.7%)
2025-03-11 11:41:01,516 - DEBUG -   Starting large_metadata analysis...
2025-03-11 11:41:01,516 - INFO - [20.68s]   [20.68s]   Checking for large metadata fields...
2025-03-11 11:41:01,516 - DEBUG -   Starting Reading metadata...
2025-03-11 11:41:01,516 - DEBUG -   JPEG format recognized data[0:2]=0xFFD8
2025-03-11 11:41:01,516 - DEBUG -   data[2]=0xFF data[3]=0xE0 data[6:10]=b'JFIF'
2025-03-11 11:41:01,516 - DEBUG -    Length offset is 16
2025-03-11 11:41:01,516 - DEBUG -    Added to zero
2025-03-11 11:41:01,516 - DEBUG -    Set segment base to 0x14
2025-03-11 11:41:01,516 - DEBUG -    Segment base 0x14
2025-03-11 11:41:01,516 - DEBUG -     APP1 at base 0x14
2025-03-11 11:41:01,516 - DEBUG -     Length: 0x0 0x58
2025-03-11 11:41:01,516 - DEBUG -     Code: b'Exif'
2025-03-11 11:41:01,516 - DEBUG -     Decrement base by 2 to get to pre-segment header (for compatibility with later code)
2025-03-11 11:41:01,516 - DEBUG -   Endian format is M (Motorola)
2025-03-11 11:41:01,516 - DEBUG -   IFD 0 (Image) at offset 8:
2025-03-11 11:41:01,517 - DEBUG -    Orientation: (0x0112) Short=Horizontal (normal) @ 18
2025-03-11 11:41:01,517 - DEBUG -    ExifOffset: (0x8769) Long=38 @ 30
2025-03-11 11:41:01,517 - DEBUG -   Exif SubIFD at offset 38:
2025-03-11 11:41:01,517 - DEBUG -    ColorSpace: (0xA001) Short=sRGB @ 48
2025-03-11 11:41:01,517 - DEBUG -    ExifImageWidth: (0xA002) Long=569 @ 60
2025-03-11 11:41:01,517 - DEBUG -    ExifImageLength: (0xA003) Long=700 @ 72
2025-03-11 11:41:01,517 - DEBUG -   Found 5 metadata tags
2025-03-11 11:41:01,517 - DEBUG -   Completed Reading metadata in 0.00s
2025-03-11 11:41:01,517 - DEBUG -   Starting Analyzing metadata fields...
2025-03-11 11:41:01,517 - DEBUG -   Completed Analyzing metadata fields in 0.00s
2025-03-11 11:41:01,517 - INFO - [20.68s]   [20.68s]   No suspicious large metadata fields found
2025-03-11 11:41:01,517 - DEBUG -   Completed large_metadata analysis in 0.00s
2025-03-11 11:41:01,517 - INFO - [20.68s]   [20.68s]   Progress: 12/12 analysis steps completed (100.0%)
2025-03-11 11:41:01,517 - INFO - [20.68s]   [20.68s]   Analysis complete - 0 total findings
2025-03-11 11:41:01,517 - INFO - [20.68s]   [20.68s]   Completed Analyzing yews_3PM_3-10-25-3PM-6.jpg in 1.60s
2025-03-11 11:41:01,517 - INFO - [20.68s]   [20.68s]   Completed Analyzing yews_3PM_3-10-25-3PM-6.jpg in 1.60s
2025-03-11 11:41:01,517 - INFO - [20.68s]   [20.68s]   
Analyzing file 5/30: /Users/adam/Git/stego_tools/yews_images/yews_news/2025-03-11/yews_3PM_3-10-25-3PM-4.jpg
2025-03-11 11:41:01,517 - INFO - [20.68s]   [20.68s]   Starting Analyzing yews_3PM_3-10-25-3PM-4.jpg...
2025-03-11 11:41:01,517 - INFO - [20.68s]   [20.68s]   Starting Analyzing yews_3PM_3-10-25-3PM-4.jpg...
2025-03-11 11:41:01,517 - INFO - [20.68s]   [20.68s]   File size: 135,418 bytes
2025-03-11 11:41:01,517 - DEBUG -   Starting metadata analysis...
2025-03-11 11:41:01,517 - INFO - [20.68s]   [20.68s]   Checking metadata...
2025-03-11 11:41:01,517 - DEBUG -   Starting Reading EXIF data...
2025-03-11 11:41:01,518 - DEBUG -   JPEG format recognized data[0:2]=0xFFD8
2025-03-11 11:41:01,518 - DEBUG -   data[2]=0xFF data[3]=0xE1 data[6:10]=b'Exif'
2025-03-11 11:41:01,518 - DEBUG -    Segment base 0x2
2025-03-11 11:41:01,518 - DEBUG -     APP1 at base 0x2
2025-03-11 11:41:01,518 - DEBUG -     Length: 0x3 0xA0
2025-03-11 11:41:01,518 - DEBUG -     Code: b'Exif'
2025-03-11 11:41:01,518 - DEBUG -     Decrement base by 2 to get to pre-segment header (for compatibility with later code)
2025-03-11 11:41:01,518 - DEBUG -   Endian format is M (Motorola)
2025-03-11 11:41:01,518 - DEBUG -   IFD 0 (Image) at offset 8:
2025-03-11 11:41:01,518 - DEBUG -    PhotometricInterpretation: (0x0106) Short=2 @ 18
2025-03-11 11:41:01,518 - DEBUG -    Make: (0x010F) ASCII=NIKON CORPORATION @ 146
2025-03-11 11:41:01,518 - DEBUG -    Model: (0x0110) ASCII=NIKON D300 @ 164
2025-03-11 11:41:01,518 - DEBUG -    Orientation: (0x0112) Short=Horizontal (normal) @ 54
2025-03-11 11:41:01,518 - DEBUG -    XResolution: (0x011A) Ratio=100 @ 176
2025-03-11 11:41:01,518 - DEBUG -    YResolution: (0x011B) Ratio=100 @ 184
2025-03-11 11:41:01,518 - DEBUG -    ResolutionUnit: (0x0128) Short=Pixels/Inch @ 90
2025-03-11 11:41:01,518 - DEBUG -    Software: (0x0131) ASCII=Adobe Photoshop CS Macintosh @ 192
2025-03-11 11:41:01,518 - DEBUG -    DateTime: (0x0132) ASCII=2012:09:27 12:33:46 @ 222
2025-03-11 11:41:01,518 - DEBUG -    YCbCrPositioning: (0x0213) Short=Centered @ 126
2025-03-11 11:41:01,518 - DEBUG -    ExifOffset: (0x8769) Long=242 @ 138
2025-03-11 11:41:01,518 - DEBUG -   Exif SubIFD at offset 242:
2025-03-11 11:41:01,519 - DEBUG -    ExposureTime: (0x829A) Ratio=1/60 @ 752
2025-03-11 11:41:01,519 - DEBUG -    FNumber: (0x829D) Ratio=25 @ 760
2025-03-11 11:41:01,519 - DEBUG -    ExposureProgram: (0x8822) Short=Manual @ 276
2025-03-11 11:41:01,519 - DEBUG -    ISOSpeedRatings: (0x8827) Short=200 @ 288
2025-03-11 11:41:01,519 - DEBUG -    SensitivityType: (0x8830) Short=Unknown @ 300
2025-03-11 11:41:01,519 - DEBUG -    ExifVersion: (0x9000) Undefined=0221 @ 312
2025-03-11 11:41:01,519 - DEBUG -    DateTimeOriginal: (0x9003) ASCII=2011:10:20 17:37:08 @ 768
2025-03-11 11:41:01,519 - DEBUG -    DateTimeDigitized: (0x9004) ASCII=2011:10:20 17:37:08 @ 788
2025-03-11 11:41:01,519 - DEBUG -    ComponentsConfiguration: (0x9101) Undefined=YCbCr @ 348
2025-03-11 11:41:01,519 - DEBUG -    ShutterSpeedValue: (0x9201) Signed Ratio=88119/14918 @ 808
2025-03-11 11:41:01,519 - DEBUG -    ApertureValue: (0x9202) Ratio=196593/21167 @ 816
2025-03-11 11:41:01,519 - DEBUG -    ExposureBiasValue: (0x9204) Signed Ratio=-1/3 @ 824
2025-03-11 11:41:01,519 - DEBUG -    MaxApertureValue: (0x9205) Ratio=3 @ 832
2025-03-11 11:41:01,519 - DEBUG -    SubjectDistance: (0x9206) Ratio=133/100 @ 840
2025-03-11 11:41:01,519 - DEBUG -    MeteringMode: (0x9207) Short=CenterWeightedAverage @ 420
2025-03-11 11:41:01,519 - DEBUG -    LightSource: (0x9208) Short=Flash @ 432
2025-03-11 11:41:01,519 - DEBUG -    Flash: (0x9209) Short=Flash did not fire @ 444
2025-03-11 11:41:01,519 - DEBUG -    FocalLength: (0x920A) Ratio=60 @ 848
2025-03-11 11:41:01,519 - DEBUG -    SubSecTime: (0x9290) ASCII=13 @ 468
2025-03-11 11:41:01,519 - DEBUG -    SubSecTimeOriginal: (0x9291) ASCII=13 @ 480
2025-03-11 11:41:01,519 - DEBUG -    SubSecTimeDigitized: (0x9292) ASCII=13 @ 492
2025-03-11 11:41:01,519 - DEBUG -    FlashPixVersion: (0xA000) Undefined=0100 @ 504
2025-03-11 11:41:01,519 - DEBUG -    ColorSpace: (0xA001) Short=Uncalibrated @ 516
2025-03-11 11:41:01,519 - DEBUG -    ExifImageWidth: (0xA002) Long=620 @ 528
2025-03-11 11:41:01,519 - DEBUG -    ExifImageLength: (0xA003) Long=530 @ 540
2025-03-11 11:41:01,519 - DEBUG -    SensingMethod: (0xA217) Short=One-chip color area @ 552
2025-03-11 11:41:01,519 - DEBUG -    FileSource: (0xA300) Undefined=Digital Camera @ 564
2025-03-11 11:41:01,519 - DEBUG -    SceneType: (0xA301) Undefined=Directly Photographed @ 576
2025-03-11 11:41:01,519 - DEBUG -    CustomRendered: (0xA401) Short=Normal @ 588
2025-03-11 11:41:01,519 - DEBUG -    ExposureMode: (0xA402) Short=Manual Exposure @ 600
2025-03-11 11:41:01,519 - DEBUG -    WhiteBalance: (0xA403) Short=Manual @ 612
2025-03-11 11:41:01,519 - DEBUG -    DigitalZoomRatio: (0xA404) Ratio=1 @ 856
2025-03-11 11:41:01,519 - DEBUG -    FocalLengthIn35mmFilm: (0xA405) Short=90 @ 636
2025-03-11 11:41:01,519 - DEBUG -    SceneCaptureType: (0xA406) Short=Standard @ 648
2025-03-11 11:41:01,519 - DEBUG -    GainControl: (0xA407) Short=None @ 660
2025-03-11 11:41:01,519 - DEBUG -    Contrast: (0xA408) Short=Normal @ 672
2025-03-11 11:41:01,519 - DEBUG -    Saturation: (0xA409) Short=Normal @ 684
2025-03-11 11:41:01,519 - DEBUG -    Sharpness: (0xA40A) Short=Normal @ 696
2025-03-11 11:41:01,519 - DEBUG -    SubjectDistanceRange: (0xA40C) Short=0 @ 708
2025-03-11 11:41:01,519 - DEBUG -    BodySerialNumber: (0xA431) ASCII=3133102 @ 864
2025-03-11 11:41:01,519 - DEBUG -    LensSpecification: (0xA432) Ratio=[60, 60, 14/5, 14/5] @ 872
2025-03-11 11:41:01,519 - DEBUG -    LensModel: (0xA434) ASCII=60.0 mm f/2.8 @ 904
2025-03-11 11:41:01,519 - DEBUG -   Found 53 EXIF tags
2025-03-11 11:41:01,519 - DEBUG -   Completed Reading EXIF data in 0.00s
2025-03-11 11:41:01,519 - DEBUG -   Starting Analyzing metadata content...
2025-03-11 11:41:01,519 - INFO - [20.68s]   [20.68s]   No suspicious patterns found in metadata
2025-03-11 11:41:01,519 - DEBUG -   Completed Analyzing metadata content in 0.00s
2025-03-11 11:41:01,519 - DEBUG -   Completed metadata analysis in 0.00s
2025-03-11 11:41:01,520 - INFO - [20.68s]   [20.68s]   Progress: 1/12 analysis steps completed (8.3%)
2025-03-11 11:41:01,520 - DEBUG -   Starting raw_bytes analysis...
2025-03-11 11:41:01,520 - INFO - [20.68s]   [20.68s]   Checking raw bytes...
2025-03-11 11:41:01,520 - DEBUG -   Starting Reading file content...
2025-03-11 11:41:01,520 - DEBUG -   Read 135,418 bytes
2025-03-11 11:41:01,520 - DEBUG -   Completed Reading file content in 0.00s
2025-03-11 11:41:01,520 - DEBUG -   Starting Analyzing ASCII content...
2025-03-11 11:41:01,521 - DEBUG -   Completed Analyzing ASCII content in 0.00s
2025-03-11 11:41:01,522 - DEBUG -   Starting Analyzing hex content...
2025-03-11 11:41:01,522 - DEBUG -   Completed Analyzing hex content in 0.00s
2025-03-11 11:41:01,522 - DEBUG -   Starting Checking base64 variants...
2025-03-11 11:41:01,522 - DEBUG -   Completed Checking base64 variants in 0.00s
2025-03-11 11:41:01,522 - DEBUG -   Starting Analyzing suspicious patterns...
2025-03-11 11:41:01,536 - DEBUG -   Completed Analyzing suspicious patterns in 0.01s
2025-03-11 11:41:01,536 - INFO - [20.70s]   [20.70s]   No suspicious patterns found in raw bytes
2025-03-11 11:41:01,537 - DEBUG -   Completed raw_bytes analysis in 0.02s
2025-03-11 11:41:01,537 - INFO - [20.70s]   [20.70s]   Progress: 2/12 analysis steps completed (16.7%)
2025-03-11 11:41:01,537 - DEBUG -   Starting binary_patterns analysis...
2025-03-11 11:41:01,658 - DEBUG -   Completed binary_patterns analysis in 0.12s
2025-03-11 11:41:01,658 - INFO - [20.82s]   [20.82s]   Progress: 3/12 analysis steps completed (25.0%)
2025-03-11 11:41:01,658 - DEBUG -   Starting lsb analysis...
2025-03-11 11:41:01,658 - DEBUG -   tag: PhotometricInterpretation (262) - type: short (3) - value: b'\x00\x02'
2025-03-11 11:41:01,658 - DEBUG -   tag: Make (271) - type: string (2) Tag Location: 34 - Data Location: 146 - value: b'NIKON CORPORATION\x00'
2025-03-11 11:41:01,658 - DEBUG -   tag: Model (272) - type: string (2) Tag Location: 46 - Data Location: 164 - value: b'NIKON D300\x00'
2025-03-11 11:41:01,658 - DEBUG -   tag: Orientation (274) - type: short (3) - value: b'\x00\x01'
2025-03-11 11:41:01,658 - DEBUG -   tag: XResolution (282) - type: rational (5) Tag Location: 70 - Data Location: 176 - value: b'\x00\x00\x00d\x00\x00\x00\x01'
2025-03-11 11:41:01,658 - DEBUG -   tag: YResolution (283) - type: rational (5) Tag Location: 82 - Data Location: 184 - value: b'\x00\x00\x00d\x00\x00\x00\x01'
2025-03-11 11:41:01,658 - DEBUG -   tag: ResolutionUnit (296) - type: short (3) - value: b'\x00\x02'
2025-03-11 11:41:01,658 - DEBUG -   tag: Software (305) - type: string (2) Tag Location: 106 - Data Location: 192 - value: b'Adobe Photoshop CS Macintosh\x00'
2025-03-11 11:41:01,658 - DEBUG -   tag: DateTime (306) - type: string (2) Tag Location: 118 - Data Location: 222 - value: b'2012:09:27 12:33:46\x00'
2025-03-11 11:41:01,658 - DEBUG -   tag: YCbCrPositioning (531) - type: short (3) - value: b'\x00\x01'
2025-03-11 11:41:01,658 - DEBUG -   tag: ExifIFD (34665) - type: long (4) - value: b'\x00\x00\x00\xf2'
2025-03-11 11:41:02,573 - DEBUG -   Completed lsb analysis in 0.91s
2025-03-11 11:41:02,573 - INFO - [21.73s]   [21.73s]   Progress: 4/12 analysis steps completed (33.3%)
2025-03-11 11:41:02,573 - DEBUG -   Starting channels analysis...
2025-03-11 11:41:02,573 - DEBUG -   tag: PhotometricInterpretation (262) - type: short (3) - value: b'\x00\x02'
2025-03-11 11:41:02,573 - DEBUG -   tag: Make (271) - type: string (2) Tag Location: 34 - Data Location: 146 - value: b'NIKON CORPORATION\x00'
2025-03-11 11:41:02,573 - DEBUG -   tag: Model (272) - type: string (2) Tag Location: 46 - Data Location: 164 - value: b'NIKON D300\x00'
2025-03-11 11:41:02,573 - DEBUG -   tag: Orientation (274) - type: short (3) - value: b'\x00\x01'
2025-03-11 11:41:02,573 - DEBUG -   tag: XResolution (282) - type: rational (5) Tag Location: 70 - Data Location: 176 - value: b'\x00\x00\x00d\x00\x00\x00\x01'
2025-03-11 11:41:02,573 - DEBUG -   tag: YResolution (283) - type: rational (5) Tag Location: 82 - Data Location: 184 - value: b'\x00\x00\x00d\x00\x00\x00\x01'
2025-03-11 11:41:02,573 - DEBUG -   tag: ResolutionUnit (296) - type: short (3) - value: b'\x00\x02'
2025-03-11 11:41:02,573 - DEBUG -   tag: Software (305) - type: string (2) Tag Location: 106 - Data Location: 192 - value: b'Adobe Photoshop CS Macintosh\x00'
2025-03-11 11:41:02,573 - DEBUG -   tag: DateTime (306) - type: string (2) Tag Location: 118 - Data Location: 222 - value: b'2012:09:27 12:33:46\x00'
2025-03-11 11:41:02,574 - DEBUG -   tag: YCbCrPositioning (531) - type: short (3) - value: b'\x00\x01'
2025-03-11 11:41:02,574 - DEBUG -   tag: ExifIFD (34665) - type: long (4) - value: b'\x00\x00\x00\xf2'
2025-03-11 11:41:02,714 - DEBUG -   Completed channels analysis in 0.14s
2025-03-11 11:41:02,714 - INFO - [21.87s]   [21.87s]   Progress: 5/12 analysis steps completed (41.7%)
2025-03-11 11:41:02,714 - DEBUG -   Starting binwalk analysis...
2025-03-11 11:41:02,750 - DEBUG -   Completed binwalk analysis in 0.04s
2025-03-11 11:41:02,750 - INFO - [21.91s]   [21.91s]   Progress: 6/12 analysis steps completed (50.0%)
2025-03-11 11:41:02,750 - DEBUG -   Starting icc_profile analysis...
2025-03-11 11:41:02,750 - DEBUG -   tag: PhotometricInterpretation (262) - type: short (3) - value: b'\x00\x02'
2025-03-11 11:41:02,750 - DEBUG -   tag: Make (271) - type: string (2) Tag Location: 34 - Data Location: 146 - value: b'NIKON CORPORATION\x00'
2025-03-11 11:41:02,750 - DEBUG -   tag: Model (272) - type: string (2) Tag Location: 46 - Data Location: 164 - value: b'NIKON D300\x00'
2025-03-11 11:41:02,750 - DEBUG -   tag: Orientation (274) - type: short (3) - value: b'\x00\x01'
2025-03-11 11:41:02,750 - DEBUG -   tag: XResolution (282) - type: rational (5) Tag Location: 70 - Data Location: 176 - value: b'\x00\x00\x00d\x00\x00\x00\x01'
2025-03-11 11:41:02,750 - DEBUG -   tag: YResolution (283) - type: rational (5) Tag Location: 82 - Data Location: 184 - value: b'\x00\x00\x00d\x00\x00\x00\x01'
2025-03-11 11:41:02,750 - DEBUG -   tag: ResolutionUnit (296) - type: short (3) - value: b'\x00\x02'
2025-03-11 11:41:02,750 - DEBUG -   tag: Software (305) - type: string (2) Tag Location: 106 - Data Location: 192 - value: b'Adobe Photoshop CS Macintosh\x00'
2025-03-11 11:41:02,750 - DEBUG -   tag: DateTime (306) - type: string (2) Tag Location: 118 - Data Location: 222 - value: b'2012:09:27 12:33:46\x00'
2025-03-11 11:41:02,750 - DEBUG -   tag: YCbCrPositioning (531) - type: short (3) - value: b'\x00\x01'
2025-03-11 11:41:02,750 - DEBUG -   tag: ExifIFD (34665) - type: long (4) - value: b'\x00\x00\x00\xf2'
2025-03-11 11:41:02,750 - DEBUG -   Completed icc_profile analysis in 0.00s
2025-03-11 11:41:02,750 - INFO - [21.91s]   [21.91s]   Progress: 7/12 analysis steps completed (58.3%)
2025-03-11 11:41:02,750 - DEBUG -   Starting zip_signatures analysis...
2025-03-11 11:41:02,761 - DEBUG -   Completed zip_signatures analysis in 0.01s
2025-03-11 11:41:02,761 - INFO - [21.92s]   [21.92s]   Progress: 8/12 analysis steps completed (66.7%)
2025-03-11 11:41:02,761 - DEBUG -   Starting appended_data analysis...
2025-03-11 11:41:02,761 - INFO - [21.92s]   [21.92s]   Checking for appended data...
2025-03-11 11:41:02,761 - DEBUG -   Starting Reading file...
2025-03-11 11:41:02,761 - DEBUG -   Read 135,418 bytes
2025-03-11 11:41:02,762 - DEBUG -   Completed Reading file in 0.00s
2025-03-11 11:41:02,762 - DEBUG -   Starting Analyzing file format...
2025-03-11 11:41:02,770 - DEBUG -   Found 1 EOI markers
2025-03-11 11:41:02,770 - DEBUG -   Completed Analyzing file format in 0.01s
2025-03-11 11:41:02,770 - INFO - [21.93s]   [21.93s]   No appended data found
2025-03-11 11:41:02,770 - DEBUG -   Completed appended_data analysis in 0.01s
2025-03-11 11:41:02,770 - INFO - [21.93s]   [21.93s]   Progress: 9/12 analysis steps completed (75.0%)
2025-03-11 11:41:02,770 - DEBUG -   Starting histogram analysis...
2025-03-11 11:41:02,770 - DEBUG -   tag: PhotometricInterpretation (262) - type: short (3) - value: b'\x00\x02'
2025-03-11 11:41:02,770 - DEBUG -   tag: Make (271) - type: string (2) Tag Location: 34 - Data Location: 146 - value: b'NIKON CORPORATION\x00'
2025-03-11 11:41:02,770 - DEBUG -   tag: Model (272) - type: string (2) Tag Location: 46 - Data Location: 164 - value: b'NIKON D300\x00'
2025-03-11 11:41:02,770 - DEBUG -   tag: Orientation (274) - type: short (3) - value: b'\x00\x01'
2025-03-11 11:41:02,770 - DEBUG -   tag: XResolution (282) - type: rational (5) Tag Location: 70 - Data Location: 176 - value: b'\x00\x00\x00d\x00\x00\x00\x01'
2025-03-11 11:41:02,770 - DEBUG -   tag: YResolution (283) - type: rational (5) Tag Location: 82 - Data Location: 184 - value: b'\x00\x00\x00d\x00\x00\x00\x01'
2025-03-11 11:41:02,770 - DEBUG -   tag: ResolutionUnit (296) - type: short (3) - value: b'\x00\x02'
2025-03-11 11:41:02,770 - DEBUG -   tag: Software (305) - type: string (2) Tag Location: 106 - Data Location: 192 - value: b'Adobe Photoshop CS Macintosh\x00'
2025-03-11 11:41:02,770 - DEBUG -   tag: DateTime (306) - type: string (2) Tag Location: 118 - Data Location: 222 - value: b'2012:09:27 12:33:46\x00'
2025-03-11 11:41:02,770 - DEBUG -   tag: YCbCrPositioning (531) - type: short (3) - value: b'\x00\x01'
2025-03-11 11:41:02,770 - DEBUG -   tag: ExifIFD (34665) - type: long (4) - value: b'\x00\x00\x00\xf2'
2025-03-11 11:41:02,832 - DEBUG -   Completed histogram analysis in 0.06s
2025-03-11 11:41:02,832 - INFO - [21.99s]   [21.99s]   Progress: 10/12 analysis steps completed (83.3%)
2025-03-11 11:41:02,832 - DEBUG -   Starting jpeg_comments analysis...
2025-03-11 11:41:02,832 - INFO - [21.99s]   [21.99s]   Checking JPEG comment segments...
2025-03-11 11:41:02,832 - DEBUG -   Starting Reading JPEG file...
2025-03-11 11:41:02,833 - DEBUG -   Completed Reading JPEG file in 0.00s
2025-03-11 11:41:02,833 - DEBUG -   Starting Analyzing comment segments...
2025-03-11 11:41:02,841 - DEBUG -   Completed Analyzing comment segments in 0.01s
2025-03-11 11:41:02,841 - INFO - [22.00s]   [22.00s]   No suspicious patterns found in JPEG comments
2025-03-11 11:41:02,841 - DEBUG -   Completed jpeg_comments analysis in 0.01s
2025-03-11 11:41:02,841 - INFO - [22.00s]   [22.00s]   Progress: 11/12 analysis steps completed (91.7%)
2025-03-11 11:41:02,841 - DEBUG -   Starting large_metadata analysis...
2025-03-11 11:41:02,841 - INFO - [22.00s]   [22.00s]   Checking for large metadata fields...
2025-03-11 11:41:02,841 - DEBUG -   Starting Reading metadata...
2025-03-11 11:41:02,841 - DEBUG -   JPEG format recognized data[0:2]=0xFFD8
2025-03-11 11:41:02,841 - DEBUG -   data[2]=0xFF data[3]=0xE1 data[6:10]=b'Exif'
2025-03-11 11:41:02,841 - DEBUG -    Segment base 0x2
2025-03-11 11:41:02,841 - DEBUG -     APP1 at base 0x2
2025-03-11 11:41:02,841 - DEBUG -     Length: 0x3 0xA0
2025-03-11 11:41:02,841 - DEBUG -     Code: b'Exif'
2025-03-11 11:41:02,841 - DEBUG -     Decrement base by 2 to get to pre-segment header (for compatibility with later code)
2025-03-11 11:41:02,841 - DEBUG -   Endian format is M (Motorola)
2025-03-11 11:41:02,841 - DEBUG -   IFD 0 (Image) at offset 8:
2025-03-11 11:41:02,841 - DEBUG -    PhotometricInterpretation: (0x0106) Short=2 @ 18
2025-03-11 11:41:02,841 - DEBUG -    Make: (0x010F) ASCII=NIKON CORPORATION @ 146
2025-03-11 11:41:02,841 - DEBUG -    Model: (0x0110) ASCII=NIKON D300 @ 164
2025-03-11 11:41:02,841 - DEBUG -    Orientation: (0x0112) Short=Horizontal (normal) @ 54
2025-03-11 11:41:02,841 - DEBUG -    XResolution: (0x011A) Ratio=100 @ 176
2025-03-11 11:41:02,841 - DEBUG -    YResolution: (0x011B) Ratio=100 @ 184
2025-03-11 11:41:02,842 - DEBUG -    ResolutionUnit: (0x0128) Short=Pixels/Inch @ 90
2025-03-11 11:41:02,842 - DEBUG -    Software: (0x0131) ASCII=Adobe Photoshop CS Macintosh @ 192
2025-03-11 11:41:02,842 - DEBUG -    DateTime: (0x0132) ASCII=2012:09:27 12:33:46 @ 222
2025-03-11 11:41:02,842 - DEBUG -    YCbCrPositioning: (0x0213) Short=Centered @ 126
2025-03-11 11:41:02,842 - DEBUG -    ExifOffset: (0x8769) Long=242 @ 138
2025-03-11 11:41:02,842 - DEBUG -   Exif SubIFD at offset 242:
2025-03-11 11:41:02,842 - DEBUG -    ExposureTime: (0x829A) Ratio=1/60 @ 752
2025-03-11 11:41:02,842 - DEBUG -    FNumber: (0x829D) Ratio=25 @ 760
2025-03-11 11:41:02,842 - DEBUG -    ExposureProgram: (0x8822) Short=Manual @ 276
2025-03-11 11:41:02,842 - DEBUG -    ISOSpeedRatings: (0x8827) Short=200 @ 288
2025-03-11 11:41:02,842 - DEBUG -    SensitivityType: (0x8830) Short=Unknown @ 300
2025-03-11 11:41:02,842 - DEBUG -    ExifVersion: (0x9000) Undefined=0221 @ 312
2025-03-11 11:41:02,842 - DEBUG -    DateTimeOriginal: (0x9003) ASCII=2011:10:20 17:37:08 @ 768
2025-03-11 11:41:02,842 - DEBUG -    DateTimeDigitized: (0x9004) ASCII=2011:10:20 17:37:08 @ 788
2025-03-11 11:41:02,842 - DEBUG -    ComponentsConfiguration: (0x9101) Undefined=YCbCr @ 348
2025-03-11 11:41:02,842 - DEBUG -    ShutterSpeedValue: (0x9201) Signed Ratio=88119/14918 @ 808
2025-03-11 11:41:02,842 - DEBUG -    ApertureValue: (0x9202) Ratio=196593/21167 @ 816
2025-03-11 11:41:02,842 - DEBUG -    ExposureBiasValue: (0x9204) Signed Ratio=-1/3 @ 824
2025-03-11 11:41:02,842 - DEBUG -    MaxApertureValue: (0x9205) Ratio=3 @ 832
2025-03-11 11:41:02,842 - DEBUG -    SubjectDistance: (0x9206) Ratio=133/100 @ 840
2025-03-11 11:41:02,842 - DEBUG -    MeteringMode: (0x9207) Short=CenterWeightedAverage @ 420
2025-03-11 11:41:02,842 - DEBUG -    LightSource: (0x9208) Short=Flash @ 432
2025-03-11 11:41:02,842 - DEBUG -    Flash: (0x9209) Short=Flash did not fire @ 444
2025-03-11 11:41:02,842 - DEBUG -    FocalLength: (0x920A) Ratio=60 @ 848
2025-03-11 11:41:02,842 - DEBUG -    SubSecTime: (0x9290) ASCII=13 @ 468
2025-03-11 11:41:02,842 - DEBUG -    SubSecTimeOriginal: (0x9291) ASCII=13 @ 480
2025-03-11 11:41:02,842 - DEBUG -    SubSecTimeDigitized: (0x9292) ASCII=13 @ 492
2025-03-11 11:41:02,842 - DEBUG -    FlashPixVersion: (0xA000) Undefined=0100 @ 504
2025-03-11 11:41:02,842 - DEBUG -    ColorSpace: (0xA001) Short=Uncalibrated @ 516
2025-03-11 11:41:02,842 - DEBUG -    ExifImageWidth: (0xA002) Long=620 @ 528
2025-03-11 11:41:02,842 - DEBUG -    ExifImageLength: (0xA003) Long=530 @ 540
2025-03-11 11:41:02,842 - DEBUG -    SensingMethod: (0xA217) Short=One-chip color area @ 552
2025-03-11 11:41:02,842 - DEBUG -    FileSource: (0xA300) Undefined=Digital Camera @ 564
2025-03-11 11:41:02,842 - DEBUG -    SceneType: (0xA301) Undefined=Directly Photographed @ 576
2025-03-11 11:41:02,842 - DEBUG -    CustomRendered: (0xA401) Short=Normal @ 588
2025-03-11 11:41:02,842 - DEBUG -    ExposureMode: (0xA402) Short=Manual Exposure @ 600
2025-03-11 11:41:02,842 - DEBUG -    WhiteBalance: (0xA403) Short=Manual @ 612
2025-03-11 11:41:02,842 - DEBUG -    DigitalZoomRatio: (0xA404) Ratio=1 @ 856
2025-03-11 11:41:02,842 - DEBUG -    FocalLengthIn35mmFilm: (0xA405) Short=90 @ 636
2025-03-11 11:41:02,842 - DEBUG -    SceneCaptureType: (0xA406) Short=Standard @ 648
2025-03-11 11:41:02,842 - DEBUG -    GainControl: (0xA407) Short=None @ 660
2025-03-11 11:41:02,842 - DEBUG -    Contrast: (0xA408) Short=Normal @ 672
2025-03-11 11:41:02,842 - DEBUG -    Saturation: (0xA409) Short=Normal @ 684
2025-03-11 11:41:02,842 - DEBUG -    Sharpness: (0xA40A) Short=Normal @ 696
2025-03-11 11:41:02,842 - DEBUG -    SubjectDistanceRange: (0xA40C) Short=0 @ 708
2025-03-11 11:41:02,842 - DEBUG -    BodySerialNumber: (0xA431) ASCII=3133102 @ 864
2025-03-11 11:41:02,842 - DEBUG -    LensSpecification: (0xA432) Ratio=[60, 60, 14/5, 14/5] @ 872
2025-03-11 11:41:02,842 - DEBUG -    LensModel: (0xA434) ASCII=60.0 mm f/2.8 @ 904
2025-03-11 11:41:02,842 - DEBUG -   Found 53 metadata tags
2025-03-11 11:41:02,842 - DEBUG -   Completed Reading metadata in 0.00s
2025-03-11 11:41:02,842 - DEBUG -   Starting Analyzing metadata fields...
2025-03-11 11:41:02,842 - DEBUG -   Completed Analyzing metadata fields in 0.00s
2025-03-11 11:41:02,842 - INFO - [22.00s]   [22.00s]   No suspicious large metadata fields found
2025-03-11 11:41:02,843 - DEBUG -   Completed large_metadata analysis in 0.00s
2025-03-11 11:41:02,843 - INFO - [22.00s]   [22.00s]   Progress: 12/12 analysis steps completed (100.0%)
2025-03-11 11:41:02,843 - INFO - [22.00s]   [22.00s]   Analysis complete - 0 total findings
2025-03-11 11:41:02,843 - INFO - [22.00s]   [22.00s]   Completed Analyzing yews_3PM_3-10-25-3PM-4.jpg in 1.33s
2025-03-11 11:41:02,843 - INFO - [22.00s]   [22.00s]   Completed Analyzing yews_3PM_3-10-25-3PM-4.jpg in 1.33s
2025-03-11 11:41:02,843 - INFO - [22.00s]   [22.00s]   
Analyzing file 6/30: /Users/adam/Git/stego_tools/yews_images/yews_news/2025-03-11/yews_8PM_3-10-25-8PM-1.jpg
2025-03-11 11:41:02,843 - INFO - [22.00s]   [22.00s]   Starting Analyzing yews_8PM_3-10-25-8PM-1.jpg...
2025-03-11 11:41:02,843 - INFO - [22.00s]   [22.00s]   Starting Analyzing yews_8PM_3-10-25-8PM-1.jpg...
2025-03-11 11:41:02,843 - INFO - [22.00s]   [22.00s]   File size: 3,850,072 bytes
2025-03-11 11:41:02,843 - DEBUG -   Starting metadata analysis...
2025-03-11 11:41:02,843 - INFO - [22.00s]   [22.00s]   Checking metadata...
2025-03-11 11:41:02,843 - DEBUG -   Starting Reading EXIF data...
2025-03-11 11:41:02,843 - DEBUG -   JPEG format recognized data[0:2]=0xFFD8
2025-03-11 11:41:02,843 - DEBUG -   data[2]=0xFF data[3]=0xE1 data[6:10]=b'Exif'
2025-03-11 11:41:02,843 - DEBUG -    Segment base 0x2
2025-03-11 11:41:02,843 - DEBUG -     APP1 at base 0x2
2025-03-11 11:41:02,843 - DEBUG -     Length: 0x0 0xCA
2025-03-11 11:41:02,843 - DEBUG -     Code: b'Exif'
2025-03-11 11:41:02,843 - DEBUG -     Decrement base by 2 to get to pre-segment header (for compatibility with later code)
2025-03-11 11:41:02,843 - DEBUG -   Endian format is M (Motorola)
2025-03-11 11:41:02,843 - DEBUG -   IFD 0 (Image) at offset 8:
2025-03-11 11:41:02,844 - DEBUG -    Orientation: (0x0112) Short=Horizontal (normal) @ 18
2025-03-11 11:41:02,844 - DEBUG -    XResolution: (0x011A) Ratio=300 @ 86
2025-03-11 11:41:02,844 - DEBUG -    YResolution: (0x011B) Ratio=300 @ 94
2025-03-11 11:41:02,844 - DEBUG -    ResolutionUnit: (0x0128) Short=Pixels/Inch @ 54
2025-03-11 11:41:02,844 - DEBUG -    YCbCrPositioning: (0x0213) Short=Centered @ 66
2025-03-11 11:41:02,844 - DEBUG -    ExifOffset: (0x8769) Long=102 @ 78
2025-03-11 11:41:02,844 - DEBUG -   Exif SubIFD at offset 102:
2025-03-11 11:41:02,844 - DEBUG -    ExifVersion: (0x9000) Undefined=0221 @ 112
2025-03-11 11:41:02,844 - DEBUG -    ComponentsConfiguration: (0x9101) Undefined=YCbCr @ 124
2025-03-11 11:41:02,844 - DEBUG -    FlashPixVersion: (0xA000) Undefined=0100 @ 136
2025-03-11 11:41:02,844 - DEBUG -    ColorSpace: (0xA001) Short=sRGB @ 148
2025-03-11 11:41:02,844 - DEBUG -    ExifImageWidth: (0xA002) Long=2973 @ 160
2025-03-11 11:41:02,844 - DEBUG -    ExifImageLength: (0xA003) Long=4178 @ 172
2025-03-11 11:41:02,844 - DEBUG -    SceneCaptureType: (0xA406) Short=Standard @ 184
2025-03-11 11:41:02,844 - DEBUG -   Found 13 EXIF tags
2025-03-11 11:41:02,844 - DEBUG -   Completed Reading EXIF data in 0.00s
2025-03-11 11:41:02,844 - DEBUG -   Starting Analyzing metadata content...
2025-03-11 11:41:02,844 - INFO - [22.00s]   [22.00s]   No suspicious patterns found in metadata
2025-03-11 11:41:02,844 - DEBUG -   Completed Analyzing metadata content in 0.00s
2025-03-11 11:41:02,844 - DEBUG -   Completed metadata analysis in 0.00s
2025-03-11 11:41:02,844 - INFO - [22.00s]   [22.00s]   Progress: 1/12 analysis steps completed (8.3%)
2025-03-11 11:41:02,844 - DEBUG -   Starting raw_bytes analysis...
2025-03-11 11:41:02,844 - INFO - [22.00s]   [22.00s]   Checking raw bytes...
2025-03-11 11:41:02,844 - DEBUG -   Starting Reading file content...
2025-03-11 11:41:02,845 - DEBUG -   Read 3,850,072 bytes
2025-03-11 11:41:02,845 - DEBUG -   Completed Reading file content in 0.00s
2025-03-11 11:41:02,846 - DEBUG -   Starting Analyzing ASCII content...
2025-03-11 11:41:02,871 - DEBUG -   Completed Analyzing ASCII content in 0.03s
2025-03-11 11:41:02,871 - DEBUG -   Starting Analyzing hex content...
2025-03-11 11:41:02,884 - DEBUG -   Completed Analyzing hex content in 0.01s
2025-03-11 11:41:02,884 - DEBUG -   Starting Checking base64 variants...
2025-03-11 11:41:02,896 - DEBUG -   Completed Checking base64 variants in 0.01s
2025-03-11 11:41:02,896 - DEBUG -   Starting Analyzing suspicious patterns...
2025-03-11 11:41:03,325 - WARNING - [22.49s]   [22.49s]   Suspicious substring in raw data: Steganography tool reference: f5
2025-03-11 11:41:03,325 - DEBUG -   Completed Analyzing suspicious patterns in 0.43s
2025-03-11 11:41:03,325 - INFO - [22.49s]   [22.49s]   Found 1 suspicious patterns in raw bytes
2025-03-11 11:41:03,326 - DEBUG -   Completed raw_bytes analysis in 0.48s
2025-03-11 11:41:03,326 - INFO - [22.49s]   [22.49s]   Progress: 2/12 analysis steps completed (16.7%)
2025-03-11 11:41:03,326 - DEBUG -   Starting binary_patterns analysis...
2025-03-11 11:41:06,873 - DEBUG -   Completed binary_patterns analysis in 3.55s
2025-03-11 11:41:06,873 - INFO - [26.03s]   [26.03s]   Progress: 3/12 analysis steps completed (25.0%)
2025-03-11 11:41:06,873 - DEBUG -   Starting lsb analysis...
2025-03-11 11:41:06,873 - DEBUG -   tag: Orientation (274) - type: short (3) - value: b'\x00\x01'
2025-03-11 11:41:06,873 - DEBUG -   tag: XResolution (282) - type: rational (5) Tag Location: 34 - Data Location: 86 - value: b'\x00\x00\x01,\x00\x00\x00\x01'
2025-03-11 11:41:06,873 - DEBUG -   tag: YResolution (283) - type: rational (5) Tag Location: 46 - Data Location: 94 - value: b'\x00\x00\x01,\x00\x00\x00\x01'
2025-03-11 11:41:06,873 - DEBUG -   tag: ResolutionUnit (296) - type: short (3) - value: b'\x00\x02'
2025-03-11 11:41:06,873 - DEBUG -   tag: YCbCrPositioning (531) - type: short (3) - value: b'\x00\x01'
2025-03-11 11:41:06,873 - DEBUG -   tag: ExifIFD (34665) - type: long (4) - value: b'\x00\x00\x00f'
2025-03-11 11:41:32,898 - DEBUG -   Completed lsb analysis in 26.02s
2025-03-11 11:41:32,899 - INFO - [52.06s]   [52.06s]   Progress: 4/12 analysis steps completed (33.3%)
2025-03-11 11:41:32,899 - DEBUG -   Starting channels analysis...
2025-03-11 11:41:32,900 - DEBUG -   tag: Orientation (274) - type: short (3) - value: b'\x00\x01'
2025-03-11 11:41:32,900 - DEBUG -   tag: XResolution (282) - type: rational (5) Tag Location: 34 - Data Location: 86 - value: b'\x00\x00\x01,\x00\x00\x00\x01'
2025-03-11 11:41:32,900 - DEBUG -   tag: YResolution (283) - type: rational (5) Tag Location: 46 - Data Location: 94 - value: b'\x00\x00\x01,\x00\x00\x00\x01'
2025-03-11 11:41:32,900 - DEBUG -   tag: ResolutionUnit (296) - type: short (3) - value: b'\x00\x02'
2025-03-11 11:41:32,900 - DEBUG -   tag: YCbCrPositioning (531) - type: short (3) - value: b'\x00\x01'
2025-03-11 11:41:32,900 - DEBUG -   tag: ExifIFD (34665) - type: long (4) - value: b'\x00\x00\x00f'
2025-03-11 11:41:36,840 - DEBUG -   Completed channels analysis in 3.94s
2025-03-11 11:41:36,840 - INFO - [56.00s]   [56.00s]   Progress: 5/12 analysis steps completed (41.7%)
2025-03-11 11:41:36,840 - DEBUG -   Starting binwalk analysis...
2025-03-11 11:41:36,884 - DEBUG -   Completed binwalk analysis in 0.04s
2025-03-11 11:41:36,885 - INFO - [56.05s]   [56.05s]   Progress: 6/12 analysis steps completed (50.0%)
2025-03-11 11:41:36,885 - DEBUG -   Starting icc_profile analysis...
2025-03-11 11:41:36,885 - DEBUG -   tag: Orientation (274) - type: short (3) - value: b'\x00\x01'
2025-03-11 11:41:36,885 - DEBUG -   tag: XResolution (282) - type: rational (5) Tag Location: 34 - Data Location: 86 - value: b'\x00\x00\x01,\x00\x00\x00\x01'
2025-03-11 11:41:36,885 - DEBUG -   tag: YResolution (283) - type: rational (5) Tag Location: 46 - Data Location: 94 - value: b'\x00\x00\x01,\x00\x00\x00\x01'
2025-03-11 11:41:36,885 - DEBUG -   tag: ResolutionUnit (296) - type: short (3) - value: b'\x00\x02'
2025-03-11 11:41:36,885 - DEBUG -   tag: YCbCrPositioning (531) - type: short (3) - value: b'\x00\x01'
2025-03-11 11:41:36,885 - DEBUG -   tag: ExifIFD (34665) - type: long (4) - value: b'\x00\x00\x00f'
2025-03-11 11:41:36,885 - DEBUG -   Completed icc_profile analysis in 0.00s
2025-03-11 11:41:36,885 - INFO - [56.05s]   [56.05s]   Progress: 7/12 analysis steps completed (58.3%)
2025-03-11 11:41:36,885 - DEBUG -   Starting zip_signatures analysis...
2025-03-11 11:41:37,186 - DEBUG -   Completed zip_signatures analysis in 0.30s
2025-03-11 11:41:37,186 - INFO - [56.35s]   [56.35s]   Progress: 8/12 analysis steps completed (66.7%)
2025-03-11 11:41:37,186 - DEBUG -   Starting appended_data analysis...
2025-03-11 11:41:37,186 - INFO - [56.35s]   [56.35s]   Checking for appended data...
2025-03-11 11:41:37,186 - DEBUG -   Starting Reading file...
2025-03-11 11:41:37,187 - DEBUG -   Read 3,850,072 bytes
2025-03-11 11:41:37,187 - DEBUG -   Completed Reading file in 0.00s
2025-03-11 11:41:37,187 - DEBUG -   Starting Analyzing file format...
2025-03-11 11:41:37,414 - DEBUG -   Found 1 EOI markers
2025-03-11 11:41:37,414 - DEBUG -   Completed Analyzing file format in 0.23s
2025-03-11 11:41:37,414 - INFO - [56.57s]   [56.57s]   No appended data found
2025-03-11 11:41:37,414 - DEBUG -   Completed appended_data analysis in 0.23s
2025-03-11 11:41:37,414 - INFO - [56.57s]   [56.57s]   Progress: 9/12 analysis steps completed (75.0%)
2025-03-11 11:41:37,414 - DEBUG -   Starting histogram analysis...
2025-03-11 11:41:37,415 - DEBUG -   tag: Orientation (274) - type: short (3) - value: b'\x00\x01'
2025-03-11 11:41:37,415 - DEBUG -   tag: XResolution (282) - type: rational (5) Tag Location: 34 - Data Location: 86 - value: b'\x00\x00\x01,\x00\x00\x00\x01'
2025-03-11 11:41:37,415 - DEBUG -   tag: YResolution (283) - type: rational (5) Tag Location: 46 - Data Location: 94 - value: b'\x00\x00\x01,\x00\x00\x00\x01'
2025-03-11 11:41:37,415 - DEBUG -   tag: ResolutionUnit (296) - type: short (3) - value: b'\x00\x02'
2025-03-11 11:41:37,415 - DEBUG -   tag: YCbCrPositioning (531) - type: short (3) - value: b'\x00\x01'
2025-03-11 11:41:37,415 - DEBUG -   tag: ExifIFD (34665) - type: long (4) - value: b'\x00\x00\x00f'
2025-03-11 11:41:39,314 - DEBUG -   Completed histogram analysis in 1.90s
2025-03-11 11:41:39,314 - INFO - [58.48s]   [58.47s]   Progress: 10/12 analysis steps completed (83.3%)
2025-03-11 11:41:39,314 - DEBUG -   Starting jpeg_comments analysis...
2025-03-11 11:41:39,314 - INFO - [58.48s]   [58.48s]   Checking JPEG comment segments...
2025-03-11 11:41:39,314 - DEBUG -   Starting Reading JPEG file...
2025-03-11 11:41:39,315 - DEBUG -   Completed Reading JPEG file in 0.00s
2025-03-11 11:41:39,315 - DEBUG -   Starting Analyzing comment segments...
2025-03-11 11:41:39,552 - DEBUG -   Completed Analyzing comment segments in 0.24s
2025-03-11 11:41:39,552 - INFO - [58.71s]   [58.71s]   No suspicious patterns found in JPEG comments
2025-03-11 11:41:39,552 - DEBUG -   Completed jpeg_comments analysis in 0.24s
2025-03-11 11:41:39,552 - INFO - [58.71s]   [58.71s]   Progress: 11/12 analysis steps completed (91.7%)
2025-03-11 11:41:39,552 - DEBUG -   Starting large_metadata analysis...
2025-03-11 11:41:39,552 - INFO - [58.71s]   [58.71s]   Checking for large metadata fields...
2025-03-11 11:41:39,552 - DEBUG -   Starting Reading metadata...
2025-03-11 11:41:39,553 - DEBUG -   JPEG format recognized data[0:2]=0xFFD8
2025-03-11 11:41:39,553 - DEBUG -   data[2]=0xFF data[3]=0xE1 data[6:10]=b'Exif'
2025-03-11 11:41:39,553 - DEBUG -    Segment base 0x2
2025-03-11 11:41:39,553 - DEBUG -     APP1 at base 0x2
2025-03-11 11:41:39,553 - DEBUG -     Length: 0x0 0xCA
2025-03-11 11:41:39,553 - DEBUG -     Code: b'Exif'
2025-03-11 11:41:39,553 - DEBUG -     Decrement base by 2 to get to pre-segment header (for compatibility with later code)
2025-03-11 11:41:39,553 - DEBUG -   Endian format is M (Motorola)
2025-03-11 11:41:39,553 - DEBUG -   IFD 0 (Image) at offset 8:
2025-03-11 11:41:39,553 - DEBUG -    Orientation: (0x0112) Short=Horizontal (normal) @ 18
2025-03-11 11:41:39,553 - DEBUG -    XResolution: (0x011A) Ratio=300 @ 86
2025-03-11 11:41:39,553 - DEBUG -    YResolution: (0x011B) Ratio=300 @ 94
2025-03-11 11:41:39,553 - DEBUG -    ResolutionUnit: (0x0128) Short=Pixels/Inch @ 54
2025-03-11 11:41:39,553 - DEBUG -    YCbCrPositioning: (0x0213) Short=Centered @ 66
2025-03-11 11:41:39,553 - DEBUG -    ExifOffset: (0x8769) Long=102 @ 78
2025-03-11 11:41:39,553 - DEBUG -   Exif SubIFD at offset 102:
2025-03-11 11:41:39,553 - DEBUG -    ExifVersion: (0x9000) Undefined=0221 @ 112
2025-03-11 11:41:39,553 - DEBUG -    ComponentsConfiguration: (0x9101) Undefined=YCbCr @ 124
2025-03-11 11:41:39,553 - DEBUG -    FlashPixVersion: (0xA000) Undefined=0100 @ 136
2025-03-11 11:41:39,553 - DEBUG -    ColorSpace: (0xA001) Short=sRGB @ 148
2025-03-11 11:41:39,553 - DEBUG -    ExifImageWidth: (0xA002) Long=2973 @ 160
2025-03-11 11:41:39,553 - DEBUG -    ExifImageLength: (0xA003) Long=4178 @ 172
2025-03-11 11:41:39,553 - DEBUG -    SceneCaptureType: (0xA406) Short=Standard @ 184
2025-03-11 11:41:39,553 - DEBUG -   Found 13 metadata tags
2025-03-11 11:41:39,553 - DEBUG -   Completed Reading metadata in 0.00s
2025-03-11 11:41:39,553 - DEBUG -   Starting Analyzing metadata fields...
2025-03-11 11:41:39,553 - DEBUG -   Completed Analyzing metadata fields in 0.00s
2025-03-11 11:41:39,553 - INFO - [58.71s]   [58.71s]   No suspicious large metadata fields found
2025-03-11 11:41:39,553 - DEBUG -   Completed large_metadata analysis in 0.00s
2025-03-11 11:41:39,553 - INFO - [58.71s]   [58.71s]   Progress: 12/12 analysis steps completed (100.0%)
2025-03-11 11:41:39,553 - INFO - [58.71s]   [58.71s]   Analysis complete - 0 total findings
2025-03-11 11:41:39,553 - INFO - [58.71s]   [58.71s]   Completed Analyzing yews_8PM_3-10-25-8PM-1.jpg in 36.71s
2025-03-11 11:41:39,553 - INFO - [58.71s]   [58.71s]   Completed Analyzing yews_8PM_3-10-25-8PM-1.jpg in 36.71s
2025-03-11 11:41:39,553 - INFO - [58.71s]   [58.71s]   
Analyzing file 7/30: /Users/adam/Git/stego_tools/yews_images/yews_news/2025-03-11/yews_8PM_3-10-25-8PM-0.jpg
2025-03-11 11:41:39,553 - INFO - [58.71s]   [58.71s]   Starting Analyzing yews_8PM_3-10-25-8PM-0.jpg...
2025-03-11 11:41:39,553 - INFO - [58.71s]   [58.71s]   Starting Analyzing yews_8PM_3-10-25-8PM-0.jpg...
2025-03-11 11:41:39,554 - INFO - [58.71s]   [58.71s]   File size: 104,238 bytes
2025-03-11 11:41:39,554 - DEBUG -   Starting metadata analysis...
2025-03-11 11:41:39,554 - INFO - [58.71s]   [58.71s]   Checking metadata...
2025-03-11 11:41:39,554 - DEBUG -   Starting Reading EXIF data...
2025-03-11 11:41:39,555 - DEBUG -   JPEG format recognized data[0:2]=0xFFD8
2025-03-11 11:41:39,555 - DEBUG -   data[2]=0xFF data[3]=0xE1 data[6:10]=b'Exif'
2025-03-11 11:41:39,555 - DEBUG -    Segment base 0x2
2025-03-11 11:41:39,555 - DEBUG -     APP1 at base 0x2
2025-03-11 11:41:39,555 - DEBUG -     Length: 0xF 0xFE
2025-03-11 11:41:39,555 - DEBUG -     Code: b'Exif'
2025-03-11 11:41:39,555 - DEBUG -     Decrement base by 2 to get to pre-segment header (for compatibility with later code)
2025-03-11 11:41:39,555 - DEBUG -   Endian format is M (Motorola)
2025-03-11 11:41:39,555 - DEBUG -   IFD 0 (Image) at offset 8:
2025-03-11 11:41:39,555 - DEBUG -    Orientation: (0x0112) Short=Horizontal (normal) @ 18
2025-03-11 11:41:39,555 - DEBUG -    XResolution: (0x011A) Ratio=300 @ 86
2025-03-11 11:41:39,555 - DEBUG -    YResolution: (0x011B) Ratio=300 @ 94
2025-03-11 11:41:39,555 - DEBUG -    ResolutionUnit: (0x0128) Short=Pixels/Inch @ 54
2025-03-11 11:41:39,555 - DEBUG -    YCbCrPositioning: (0x0213) Short=Centered @ 66
2025-03-11 11:41:39,555 - DEBUG -    ExifOffset: (0x8769) Long=102 @ 78
2025-03-11 11:41:39,555 - DEBUG -   Exif SubIFD at offset 102:
2025-03-11 11:41:39,555 - DEBUG -    ExifVersion: (0x9000) Undefined=0221 @ 112
2025-03-11 11:41:39,555 - DEBUG -    ComponentsConfiguration: (0x9101) Undefined=YCbCr @ 124
2025-03-11 11:41:39,555 - DEBUG -    FlashPixVersion: (0xA000) Undefined=0100 @ 136
2025-03-11 11:41:39,555 - DEBUG -    ColorSpace: (0xA001) Short=sRGB @ 148
2025-03-11 11:41:39,555 - DEBUG -    ExifImageWidth: (0xA002) Long=352 @ 160
2025-03-11 11:41:39,555 - DEBUG -    ExifImageLength: (0xA003) Long=575 @ 172
2025-03-11 11:41:39,555 - DEBUG -    SceneCaptureType: (0xA406) Short=Standard @ 184
2025-03-11 11:41:39,555 - DEBUG -   Found 13 EXIF tags
2025-03-11 11:41:39,555 - DEBUG -   Completed Reading EXIF data in 0.00s
2025-03-11 11:41:39,555 - DEBUG -   Starting Analyzing metadata content...
2025-03-11 11:41:39,555 - INFO - [58.72s]   [58.72s]   No suspicious patterns found in metadata
2025-03-11 11:41:39,555 - DEBUG -   Completed Analyzing metadata content in 0.00s
2025-03-11 11:41:39,555 - DEBUG -   Completed metadata analysis in 0.00s
2025-03-11 11:41:39,555 - INFO - [58.72s]   [58.72s]   Progress: 1/12 analysis steps completed (8.3%)
2025-03-11 11:41:39,555 - DEBUG -   Starting raw_bytes analysis...
2025-03-11 11:41:39,555 - INFO - [58.72s]   [58.72s]   Checking raw bytes...
2025-03-11 11:41:39,555 - DEBUG -   Starting Reading file content...
2025-03-11 11:41:39,556 - DEBUG -   Read 104,238 bytes
2025-03-11 11:41:39,556 - DEBUG -   Completed Reading file content in 0.00s
2025-03-11 11:41:39,556 - DEBUG -   Starting Analyzing ASCII content...
2025-03-11 11:41:39,557 - DEBUG -   Completed Analyzing ASCII content in 0.00s
2025-03-11 11:41:39,557 - DEBUG -   Starting Analyzing hex content...
2025-03-11 11:41:39,557 - DEBUG -   Completed Analyzing hex content in 0.00s
2025-03-11 11:41:39,557 - DEBUG -   Starting Checking base64 variants...
2025-03-11 11:41:39,557 - DEBUG -   Completed Checking base64 variants in 0.00s
2025-03-11 11:41:39,557 - DEBUG -   Starting Analyzing suspicious patterns...
2025-03-11 11:41:39,568 - DEBUG -   Completed Analyzing suspicious patterns in 0.01s
2025-03-11 11:41:39,568 - INFO - [58.73s]   [58.73s]   No suspicious patterns found in raw bytes
2025-03-11 11:41:39,568 - DEBUG -   Completed raw_bytes analysis in 0.01s
2025-03-11 11:41:39,568 - INFO - [58.73s]   [58.73s]   Progress: 2/12 analysis steps completed (16.7%)
2025-03-11 11:41:39,568 - DEBUG -   Starting binary_patterns analysis...
2025-03-11 11:41:39,662 - DEBUG -   Completed binary_patterns analysis in 0.09s
2025-03-11 11:41:39,662 - INFO - [58.82s]   [58.82s]   Progress: 3/12 analysis steps completed (25.0%)
2025-03-11 11:41:39,662 - DEBUG -   Starting lsb analysis...
2025-03-11 11:41:39,663 - DEBUG -   tag: Orientation (274) - type: short (3) - value: b'\x00\x01'
2025-03-11 11:41:39,663 - DEBUG -   tag: XResolution (282) - type: rational (5) Tag Location: 34 - Data Location: 86 - value: b'\x00\x00\x01,\x00\x00\x00\x01'
2025-03-11 11:41:39,663 - DEBUG -   tag: YResolution (283) - type: rational (5) Tag Location: 46 - Data Location: 94 - value: b'\x00\x00\x01,\x00\x00\x00\x01'
2025-03-11 11:41:39,663 - DEBUG -   tag: ResolutionUnit (296) - type: short (3) - value: b'\x00\x02'
2025-03-11 11:41:39,663 - DEBUG -   tag: YCbCrPositioning (531) - type: short (3) - value: b'\x00\x01'
2025-03-11 11:41:39,663 - DEBUG -   tag: ExifIFD (34665) - type: long (4) - value: b'\x00\x00\x00f'
2025-03-11 11:41:40,264 - DEBUG -   Completed lsb analysis in 0.60s
2025-03-11 11:41:40,264 - INFO - [59.42s]   [59.42s]   Progress: 4/12 analysis steps completed (33.3%)
2025-03-11 11:41:40,264 - DEBUG -   Starting channels analysis...
2025-03-11 11:41:40,264 - DEBUG -   tag: Orientation (274) - type: short (3) - value: b'\x00\x01'
2025-03-11 11:41:40,264 - DEBUG -   tag: XResolution (282) - type: rational (5) Tag Location: 34 - Data Location: 86 - value: b'\x00\x00\x01,\x00\x00\x00\x01'
2025-03-11 11:41:40,264 - DEBUG -   tag: YResolution (283) - type: rational (5) Tag Location: 46 - Data Location: 94 - value: b'\x00\x00\x01,\x00\x00\x00\x01'
2025-03-11 11:41:40,264 - DEBUG -   tag: ResolutionUnit (296) - type: short (3) - value: b'\x00\x02'
2025-03-11 11:41:40,264 - DEBUG -   tag: YCbCrPositioning (531) - type: short (3) - value: b'\x00\x01'
2025-03-11 11:41:40,264 - DEBUG -   tag: ExifIFD (34665) - type: long (4) - value: b'\x00\x00\x00f'
2025-03-11 11:41:40,357 - DEBUG -   Completed channels analysis in 0.09s
2025-03-11 11:41:40,357 - INFO - [59.52s]   [59.52s]   Progress: 5/12 analysis steps completed (41.7%)
2025-03-11 11:41:40,357 - DEBUG -   Starting binwalk analysis...
2025-03-11 11:41:40,376 - DEBUG -   Completed binwalk analysis in 0.02s
2025-03-11 11:41:40,376 - INFO - [59.54s]   [59.54s]   Progress: 6/12 analysis steps completed (50.0%)
2025-03-11 11:41:40,376 - DEBUG -   Starting icc_profile analysis...
2025-03-11 11:41:40,377 - DEBUG -   tag: Orientation (274) - type: short (3) - value: b'\x00\x01'
2025-03-11 11:41:40,377 - DEBUG -   tag: XResolution (282) - type: rational (5) Tag Location: 34 - Data Location: 86 - value: b'\x00\x00\x01,\x00\x00\x00\x01'
2025-03-11 11:41:40,377 - DEBUG -   tag: YResolution (283) - type: rational (5) Tag Location: 46 - Data Location: 94 - value: b'\x00\x00\x01,\x00\x00\x00\x01'
2025-03-11 11:41:40,377 - DEBUG -   tag: ResolutionUnit (296) - type: short (3) - value: b'\x00\x02'
2025-03-11 11:41:40,377 - DEBUG -   tag: YCbCrPositioning (531) - type: short (3) - value: b'\x00\x01'
2025-03-11 11:41:40,377 - DEBUG -   tag: ExifIFD (34665) - type: long (4) - value: b'\x00\x00\x00f'
2025-03-11 11:41:40,377 - DEBUG -   Completed icc_profile analysis in 0.00s
2025-03-11 11:41:40,377 - INFO - [59.54s]   [59.54s]   Progress: 7/12 analysis steps completed (58.3%)
2025-03-11 11:41:40,377 - DEBUG -   Starting zip_signatures analysis...
2025-03-11 11:41:40,385 - DEBUG -   Completed zip_signatures analysis in 0.01s
2025-03-11 11:41:40,385 - INFO - [59.55s]   [59.55s]   Progress: 8/12 analysis steps completed (66.7%)
2025-03-11 11:41:40,385 - DEBUG -   Starting appended_data analysis...
2025-03-11 11:41:40,385 - INFO - [59.55s]   [59.55s]   Checking for appended data...
2025-03-11 11:41:40,385 - DEBUG -   Starting Reading file...
2025-03-11 11:41:40,385 - DEBUG -   Read 104,238 bytes
2025-03-11 11:41:40,385 - DEBUG -   Completed Reading file in 0.00s
2025-03-11 11:41:40,385 - DEBUG -   Starting Analyzing file format...
2025-03-11 11:41:40,392 - DEBUG -   Found 1 EOI markers
2025-03-11 11:41:40,392 - DEBUG -   Completed Analyzing file format in 0.01s
2025-03-11 11:41:40,392 - INFO - [59.55s]   [59.55s]   No appended data found
2025-03-11 11:41:40,392 - DEBUG -   Completed appended_data analysis in 0.01s
2025-03-11 11:41:40,392 - INFO - [59.55s]   [59.55s]   Progress: 9/12 analysis steps completed (75.0%)
2025-03-11 11:41:40,392 - DEBUG -   Starting histogram analysis...
2025-03-11 11:41:40,392 - DEBUG -   tag: Orientation (274) - type: short (3) - value: b'\x00\x01'
2025-03-11 11:41:40,392 - DEBUG -   tag: XResolution (282) - type: rational (5) Tag Location: 34 - Data Location: 86 - value: b'\x00\x00\x01,\x00\x00\x00\x01'
2025-03-11 11:41:40,392 - DEBUG -   tag: YResolution (283) - type: rational (5) Tag Location: 46 - Data Location: 94 - value: b'\x00\x00\x01,\x00\x00\x00\x01'
2025-03-11 11:41:40,392 - DEBUG -   tag: ResolutionUnit (296) - type: short (3) - value: b'\x00\x02'
2025-03-11 11:41:40,392 - DEBUG -   tag: YCbCrPositioning (531) - type: short (3) - value: b'\x00\x01'
2025-03-11 11:41:40,392 - DEBUG -   tag: ExifIFD (34665) - type: long (4) - value: b'\x00\x00\x00f'
2025-03-11 11:41:40,433 - DEBUG -   Completed histogram analysis in 0.04s
2025-03-11 11:41:40,433 - INFO - [59.59s]   [59.59s]   Progress: 10/12 analysis steps completed (83.3%)
2025-03-11 11:41:40,433 - DEBUG -   Starting jpeg_comments analysis...
2025-03-11 11:41:40,433 - INFO - [59.59s]   [59.59s]   Checking JPEG comment segments...
2025-03-11 11:41:40,434 - DEBUG -   Starting Reading JPEG file...
2025-03-11 11:41:40,434 - DEBUG -   Completed Reading JPEG file in 0.00s
2025-03-11 11:41:40,434 - DEBUG -   Starting Analyzing comment segments...
2025-03-11 11:41:40,440 - DEBUG -   Completed Analyzing comment segments in 0.01s
2025-03-11 11:41:40,440 - INFO - [59.60s]   [59.60s]   No suspicious patterns found in JPEG comments
2025-03-11 11:41:40,440 - DEBUG -   Completed jpeg_comments analysis in 0.01s
2025-03-11 11:41:40,440 - INFO - [59.60s]   [59.60s]   Progress: 11/12 analysis steps completed (91.7%)
2025-03-11 11:41:40,440 - DEBUG -   Starting large_metadata analysis...
2025-03-11 11:41:40,440 - INFO - [59.60s]   [59.60s]   Checking for large metadata fields...
2025-03-11 11:41:40,440 - DEBUG -   Starting Reading metadata...
2025-03-11 11:41:40,441 - DEBUG -   JPEG format recognized data[0:2]=0xFFD8
2025-03-11 11:41:40,441 - DEBUG -   data[2]=0xFF data[3]=0xE1 data[6:10]=b'Exif'
2025-03-11 11:41:40,441 - DEBUG -    Segment base 0x2
2025-03-11 11:41:40,441 - DEBUG -     APP1 at base 0x2
2025-03-11 11:41:40,441 - DEBUG -     Length: 0xF 0xFE
2025-03-11 11:41:40,441 - DEBUG -     Code: b'Exif'
2025-03-11 11:41:40,441 - DEBUG -     Decrement base by 2 to get to pre-segment header (for compatibility with later code)
2025-03-11 11:41:40,441 - DEBUG -   Endian format is M (Motorola)
2025-03-11 11:41:40,441 - DEBUG -   IFD 0 (Image) at offset 8:
2025-03-11 11:41:40,441 - DEBUG -    Orientation: (0x0112) Short=Horizontal (normal) @ 18
2025-03-11 11:41:40,441 - DEBUG -    XResolution: (0x011A) Ratio=300 @ 86
2025-03-11 11:41:40,441 - DEBUG -    YResolution: (0x011B) Ratio=300 @ 94
2025-03-11 11:41:40,441 - DEBUG -    ResolutionUnit: (0x0128) Short=Pixels/Inch @ 54
2025-03-11 11:41:40,441 - DEBUG -    YCbCrPositioning: (0x0213) Short=Centered @ 66
2025-03-11 11:41:40,441 - DEBUG -    ExifOffset: (0x8769) Long=102 @ 78
2025-03-11 11:41:40,441 - DEBUG -   Exif SubIFD at offset 102:
2025-03-11 11:41:40,441 - DEBUG -    ExifVersion: (0x9000) Undefined=0221 @ 112
2025-03-11 11:41:40,441 - DEBUG -    ComponentsConfiguration: (0x9101) Undefined=YCbCr @ 124
2025-03-11 11:41:40,441 - DEBUG -    FlashPixVersion: (0xA000) Undefined=0100 @ 136
2025-03-11 11:41:40,441 - DEBUG -    ColorSpace: (0xA001) Short=sRGB @ 148
2025-03-11 11:41:40,441 - DEBUG -    ExifImageWidth: (0xA002) Long=352 @ 160
2025-03-11 11:41:40,441 - DEBUG -    ExifImageLength: (0xA003) Long=575 @ 172
2025-03-11 11:41:40,441 - DEBUG -    SceneCaptureType: (0xA406) Short=Standard @ 184
2025-03-11 11:41:40,441 - DEBUG -   Found 13 metadata tags
2025-03-11 11:41:40,441 - DEBUG -   Completed Reading metadata in 0.00s
2025-03-11 11:41:40,441 - DEBUG -   Starting Analyzing metadata fields...
2025-03-11 11:41:40,441 - DEBUG -   Completed Analyzing metadata fields in 0.00s
2025-03-11 11:41:40,441 - INFO - [59.60s]   [59.60s]   No suspicious large metadata fields found
2025-03-11 11:41:40,441 - DEBUG -   Completed large_metadata analysis in 0.00s
2025-03-11 11:41:40,441 - INFO - [59.60s]   [59.60s]   Progress: 12/12 analysis steps completed (100.0%)
2025-03-11 11:41:40,441 - INFO - [59.60s]   [59.60s]   Analysis complete - 0 total findings
2025-03-11 11:41:40,441 - INFO - [59.60s]   [59.60s]   Completed Analyzing yews_8PM_3-10-25-8PM-0.jpg in 0.89s
2025-03-11 11:41:40,441 - INFO - [59.60s]   [59.60s]   Completed Analyzing yews_8PM_3-10-25-8PM-0.jpg in 0.89s
2025-03-11 11:41:40,441 - INFO - [59.60s]   [59.60s]   
Analyzing file 8/30: /Users/adam/Git/stego_tools/yews_images/yews_news/2025-03-11/yews_3PM_3-10-25-3PM-5.jpg
2025-03-11 11:41:40,441 - INFO - [59.60s]   [59.60s]   Starting Analyzing yews_3PM_3-10-25-3PM-5.jpg...
2025-03-11 11:41:40,441 - INFO - [59.60s]   [59.60s]   Starting Analyzing yews_3PM_3-10-25-3PM-5.jpg...
2025-03-11 11:41:40,441 - INFO - [59.60s]   [59.60s]   File size: 1,099,324 bytes
2025-03-11 11:41:40,441 - DEBUG -   Starting metadata analysis...
2025-03-11 11:41:40,441 - INFO - [59.60s]   [59.60s]   Checking metadata...
2025-03-11 11:41:40,441 - DEBUG -   Starting Reading EXIF data...
2025-03-11 11:41:40,442 - DEBUG -   JPEG format recognized data[0:2]=0xFFD8
2025-03-11 11:41:40,443 - DEBUG -   data[2]=0xFF data[3]=0xE1 data[6:10]=b'Exif'
2025-03-11 11:41:40,443 - DEBUG -    Segment base 0x2
2025-03-11 11:41:40,443 - DEBUG -     APP1 at base 0x2
2025-03-11 11:41:40,443 - DEBUG -     Length: 0xF 0xFE
2025-03-11 11:41:40,443 - DEBUG -     Code: b'Exif'
2025-03-11 11:41:40,443 - DEBUG -     Decrement base by 2 to get to pre-segment header (for compatibility with later code)
2025-03-11 11:41:40,443 - DEBUG -   Endian format is M (Motorola)
2025-03-11 11:41:40,443 - DEBUG -   IFD 0 (Image) at offset 8:
2025-03-11 11:41:40,443 - DEBUG -    PhotometricInterpretation: (0x0106) Short=2 @ 18
2025-03-11 11:41:40,443 - DEBUG -    Orientation: (0x0112) Short=Horizontal (normal) @ 30
2025-03-11 11:41:40,443 - DEBUG -    XResolution: (0x011A) Ratio=72 @ 98
2025-03-11 11:41:40,443 - DEBUG -    YResolution: (0x011B) Ratio=72 @ 106
2025-03-11 11:41:40,443 - DEBUG -    ResolutionUnit: (0x0128) Short=Pixels/Inch @ 66
2025-03-11 11:41:40,443 - DEBUG -    YCbCrPositioning: (0x0213) Short=Centered @ 78
2025-03-11 11:41:40,443 - DEBUG -    ExifOffset: (0x8769) Long=114 @ 90
2025-03-11 11:41:40,443 - DEBUG -   Exif SubIFD at offset 114:
2025-03-11 11:41:40,443 - DEBUG -    ExifVersion: (0x9000) Undefined=0221 @ 124
2025-03-11 11:41:40,443 - DEBUG -    ComponentsConfiguration: (0x9101) Undefined=YCbCr @ 136
2025-03-11 11:41:40,443 - DEBUG -    FlashPixVersion: (0xA000) Undefined=0100 @ 148
2025-03-11 11:41:40,443 - DEBUG -    ColorSpace: (0xA001) Short=sRGB @ 160
2025-03-11 11:41:40,443 - DEBUG -    ExifImageWidth: (0xA002) Long=1087 @ 172
2025-03-11 11:41:40,443 - DEBUG -    ExifImageLength: (0xA003) Long=1400 @ 184
2025-03-11 11:41:40,443 - DEBUG -    SceneCaptureType: (0xA406) Short=Standard @ 196
2025-03-11 11:41:40,443 - DEBUG -   Found 14 EXIF tags
2025-03-11 11:41:40,443 - DEBUG -   Completed Reading EXIF data in 0.00s
2025-03-11 11:41:40,443 - DEBUG -   Starting Analyzing metadata content...
2025-03-11 11:41:40,443 - INFO - [59.60s]   [59.60s]   No suspicious patterns found in metadata
2025-03-11 11:41:40,443 - DEBUG -   Completed Analyzing metadata content in 0.00s
2025-03-11 11:41:40,443 - DEBUG -   Completed metadata analysis in 0.00s
2025-03-11 11:41:40,443 - INFO - [59.60s]   [59.60s]   Progress: 1/12 analysis steps completed (8.3%)
2025-03-11 11:41:40,443 - DEBUG -   Starting raw_bytes analysis...
2025-03-11 11:41:40,443 - INFO - [59.60s]   [59.60s]   Checking raw bytes...
2025-03-11 11:41:40,443 - DEBUG -   Starting Reading file content...
2025-03-11 11:41:40,444 - DEBUG -   Read 1,099,324 bytes
2025-03-11 11:41:40,444 - DEBUG -   Completed Reading file content in 0.00s
2025-03-11 11:41:40,444 - DEBUG -   Starting Analyzing ASCII content...
2025-03-11 11:41:40,451 - DEBUG -   Completed Analyzing ASCII content in 0.01s
2025-03-11 11:41:40,452 - DEBUG -   Starting Analyzing hex content...
2025-03-11 11:41:40,455 - DEBUG -   Completed Analyzing hex content in 0.00s
2025-03-11 11:41:40,455 - DEBUG -   Starting Checking base64 variants...
2025-03-11 11:41:40,458 - DEBUG -   Completed Checking base64 variants in 0.00s
2025-03-11 11:41:40,458 - DEBUG -   Starting Analyzing suspicious patterns...
2025-03-11 11:41:40,561 - WARNING - [59.72s]   [59.72s]   Suspicious substring in raw data: Steganography tool reference: f5
2025-03-11 11:41:40,561 - DEBUG -   Completed Analyzing suspicious patterns in 0.10s
2025-03-11 11:41:40,561 - INFO - [59.72s]   [59.72s]   Found 1 suspicious patterns in raw bytes
2025-03-11 11:41:40,561 - DEBUG -   Completed raw_bytes analysis in 0.12s
2025-03-11 11:41:40,561 - INFO - [59.72s]   [59.72s]   Progress: 2/12 analysis steps completed (16.7%)
2025-03-11 11:41:40,561 - DEBUG -   Starting binary_patterns analysis...
2025-03-11 11:41:41,572 - DEBUG -   Completed binary_patterns analysis in 1.01s
2025-03-11 11:41:41,572 - INFO - [60.73s]   [60.73s]   Progress: 3/12 analysis steps completed (25.0%)
2025-03-11 11:41:41,572 - DEBUG -   Starting lsb analysis...
2025-03-11 11:41:41,572 - DEBUG -   tag: PhotometricInterpretation (262) - type: short (3) - value: b'\x00\x02'
2025-03-11 11:41:41,572 - DEBUG -   tag: Orientation (274) - type: short (3) - value: b'\x00\x01'
2025-03-11 11:41:41,572 - DEBUG -   tag: XResolution (282) - type: rational (5) Tag Location: 46 - Data Location: 98 - value: b'\x00\x00\x00H\x00\x00\x00\x01'
2025-03-11 11:41:41,572 - DEBUG -   tag: YResolution (283) - type: rational (5) Tag Location: 58 - Data Location: 106 - value: b'\x00\x00\x00H\x00\x00\x00\x01'
2025-03-11 11:41:41,572 - DEBUG -   tag: ResolutionUnit (296) - type: short (3) - value: b'\x00\x02'
2025-03-11 11:41:41,572 - DEBUG -   tag: YCbCrPositioning (531) - type: short (3) - value: b'\x00\x01'
2025-03-11 11:41:41,572 - DEBUG -   tag: ExifIFD (34665) - type: long (4) - value: b'\x00\x00\x00r'
2025-03-11 11:41:46,182 - DEBUG -   Completed lsb analysis in 4.61s
2025-03-11 11:41:46,185 - INFO - [65.35s]   [65.35s]   Progress: 4/12 analysis steps completed (33.3%)
2025-03-11 11:41:46,186 - DEBUG -   Starting channels analysis...
2025-03-11 11:41:46,186 - DEBUG -   tag: PhotometricInterpretation (262) - type: short (3) - value: b'\x00\x02'
2025-03-11 11:41:46,186 - DEBUG -   tag: Orientation (274) - type: short (3) - value: b'\x00\x01'
2025-03-11 11:41:46,186 - DEBUG -   tag: XResolution (282) - type: rational (5) Tag Location: 46 - Data Location: 98 - value: b'\x00\x00\x00H\x00\x00\x00\x01'
2025-03-11 11:41:46,186 - DEBUG -   tag: YResolution (283) - type: rational (5) Tag Location: 58 - Data Location: 106 - value: b'\x00\x00\x00H\x00\x00\x00\x01'
2025-03-11 11:41:46,186 - DEBUG -   tag: ResolutionUnit (296) - type: short (3) - value: b'\x00\x02'
2025-03-11 11:41:46,186 - DEBUG -   tag: YCbCrPositioning (531) - type: short (3) - value: b'\x00\x01'
2025-03-11 11:41:46,186 - DEBUG -   tag: ExifIFD (34665) - type: long (4) - value: b'\x00\x00\x00r'
2025-03-11 11:41:46,849 - DEBUG -   Completed channels analysis in 0.66s
2025-03-11 11:41:46,849 - INFO - [66.01s]   [66.01s]   Progress: 5/12 analysis steps completed (41.7%)
2025-03-11 11:41:46,849 - DEBUG -   Starting binwalk analysis...
2025-03-11 11:41:46,871 - DEBUG -   Completed binwalk analysis in 0.02s
2025-03-11 11:41:46,871 - INFO - [66.03s]   [66.03s]   Progress: 6/12 analysis steps completed (50.0%)
2025-03-11 11:41:46,871 - DEBUG -   Starting icc_profile analysis...
2025-03-11 11:41:46,871 - DEBUG -   tag: PhotometricInterpretation (262) - type: short (3) - value: b'\x00\x02'
2025-03-11 11:41:46,871 - DEBUG -   tag: Orientation (274) - type: short (3) - value: b'\x00\x01'
2025-03-11 11:41:46,871 - DEBUG -   tag: XResolution (282) - type: rational (5) Tag Location: 46 - Data Location: 98 - value: b'\x00\x00\x00H\x00\x00\x00\x01'
2025-03-11 11:41:46,871 - DEBUG -   tag: YResolution (283) - type: rational (5) Tag Location: 58 - Data Location: 106 - value: b'\x00\x00\x00H\x00\x00\x00\x01'
2025-03-11 11:41:46,871 - DEBUG -   tag: ResolutionUnit (296) - type: short (3) - value: b'\x00\x02'
2025-03-11 11:41:46,871 - DEBUG -   tag: YCbCrPositioning (531) - type: short (3) - value: b'\x00\x01'
2025-03-11 11:41:46,871 - DEBUG -   tag: ExifIFD (34665) - type: long (4) - value: b'\x00\x00\x00r'
2025-03-11 11:41:46,872 - DEBUG -   Completed icc_profile analysis in 0.00s
2025-03-11 11:41:46,872 - INFO - [66.03s]   [66.03s]   Progress: 7/12 analysis steps completed (58.3%)
2025-03-11 11:41:46,872 - DEBUG -   Starting zip_signatures analysis...
2025-03-11 11:41:46,959 - DEBUG -   Completed zip_signatures analysis in 0.09s
2025-03-11 11:41:46,959 - INFO - [66.12s]   [66.12s]   Progress: 8/12 analysis steps completed (66.7%)
2025-03-11 11:41:46,959 - DEBUG -   Starting appended_data analysis...
2025-03-11 11:41:46,959 - INFO - [66.12s]   [66.12s]   Checking for appended data...
2025-03-11 11:41:46,959 - DEBUG -   Starting Reading file...
2025-03-11 11:41:46,960 - DEBUG -   Read 1,099,324 bytes
2025-03-11 11:41:46,960 - DEBUG -   Completed Reading file in 0.00s
2025-03-11 11:41:46,960 - DEBUG -   Starting Analyzing file format...
2025-03-11 11:41:47,026 - DEBUG -   Found 1 EOI markers
2025-03-11 11:41:47,026 - DEBUG -   Completed Analyzing file format in 0.07s
2025-03-11 11:41:47,026 - INFO - [66.19s]   [66.19s]   No appended data found
2025-03-11 11:41:47,026 - DEBUG -   Completed appended_data analysis in 0.07s
2025-03-11 11:41:47,026 - INFO - [66.19s]   [66.19s]   Progress: 9/12 analysis steps completed (75.0%)
2025-03-11 11:41:47,026 - DEBUG -   Starting histogram analysis...
2025-03-11 11:41:47,026 - DEBUG -   tag: PhotometricInterpretation (262) - type: short (3) - value: b'\x00\x02'
2025-03-11 11:41:47,026 - DEBUG -   tag: Orientation (274) - type: short (3) - value: b'\x00\x01'
2025-03-11 11:41:47,026 - DEBUG -   tag: XResolution (282) - type: rational (5) Tag Location: 46 - Data Location: 98 - value: b'\x00\x00\x00H\x00\x00\x00\x01'
2025-03-11 11:41:47,026 - DEBUG -   tag: YResolution (283) - type: rational (5) Tag Location: 58 - Data Location: 106 - value: b'\x00\x00\x00H\x00\x00\x00\x01'
2025-03-11 11:41:47,026 - DEBUG -   tag: ResolutionUnit (296) - type: short (3) - value: b'\x00\x02'
2025-03-11 11:41:47,026 - DEBUG -   tag: YCbCrPositioning (531) - type: short (3) - value: b'\x00\x01'
2025-03-11 11:41:47,026 - DEBUG -   tag: ExifIFD (34665) - type: long (4) - value: b'\x00\x00\x00r'
2025-03-11 11:41:47,349 - DEBUG -   Completed histogram analysis in 0.32s
2025-03-11 11:41:47,349 - INFO - [66.51s]   [66.51s]   Progress: 10/12 analysis steps completed (83.3%)
2025-03-11 11:41:47,349 - DEBUG -   Starting jpeg_comments analysis...
2025-03-11 11:41:47,349 - INFO - [66.51s]   [66.51s]   Checking JPEG comment segments...
2025-03-11 11:41:47,349 - DEBUG -   Starting Reading JPEG file...
2025-03-11 11:41:47,350 - DEBUG -   Completed Reading JPEG file in 0.00s
2025-03-11 11:41:47,350 - DEBUG -   Starting Analyzing comment segments...
2025-03-11 11:41:47,417 - DEBUG -   Completed Analyzing comment segments in 0.07s
2025-03-11 11:41:47,418 - INFO - [66.58s]   [66.58s]   No suspicious patterns found in JPEG comments
2025-03-11 11:41:47,418 - DEBUG -   Completed jpeg_comments analysis in 0.07s
2025-03-11 11:41:47,418 - INFO - [66.58s]   [66.58s]   Progress: 11/12 analysis steps completed (91.7%)
2025-03-11 11:41:47,418 - DEBUG -   Starting large_metadata analysis...
2025-03-11 11:41:47,418 - INFO - [66.58s]   [66.58s]   Checking for large metadata fields...
2025-03-11 11:41:47,418 - DEBUG -   Starting Reading metadata...
2025-03-11 11:41:47,418 - DEBUG -   JPEG format recognized data[0:2]=0xFFD8
2025-03-11 11:41:47,418 - DEBUG -   data[2]=0xFF data[3]=0xE1 data[6:10]=b'Exif'
2025-03-11 11:41:47,418 - DEBUG -    Segment base 0x2
2025-03-11 11:41:47,418 - DEBUG -     APP1 at base 0x2
2025-03-11 11:41:47,418 - DEBUG -     Length: 0xF 0xFE
2025-03-11 11:41:47,418 - DEBUG -     Code: b'Exif'
2025-03-11 11:41:47,418 - DEBUG -     Decrement base by 2 to get to pre-segment header (for compatibility with later code)
2025-03-11 11:41:47,418 - DEBUG -   Endian format is M (Motorola)
2025-03-11 11:41:47,418 - DEBUG -   IFD 0 (Image) at offset 8:
2025-03-11 11:41:47,418 - DEBUG -    PhotometricInterpretation: (0x0106) Short=2 @ 18
2025-03-11 11:41:47,418 - DEBUG -    Orientation: (0x0112) Short=Horizontal (normal) @ 30
2025-03-11 11:41:47,418 - DEBUG -    XResolution: (0x011A) Ratio=72 @ 98
2025-03-11 11:41:47,418 - DEBUG -    YResolution: (0x011B) Ratio=72 @ 106
2025-03-11 11:41:47,418 - DEBUG -    ResolutionUnit: (0x0128) Short=Pixels/Inch @ 66
2025-03-11 11:41:47,418 - DEBUG -    YCbCrPositioning: (0x0213) Short=Centered @ 78
2025-03-11 11:41:47,418 - DEBUG -    ExifOffset: (0x8769) Long=114 @ 90
2025-03-11 11:41:47,418 - DEBUG -   Exif SubIFD at offset 114:
2025-03-11 11:41:47,418 - DEBUG -    ExifVersion: (0x9000) Undefined=0221 @ 124
2025-03-11 11:41:47,418 - DEBUG -    ComponentsConfiguration: (0x9101) Undefined=YCbCr @ 136
2025-03-11 11:41:47,419 - DEBUG -    FlashPixVersion: (0xA000) Undefined=0100 @ 148
2025-03-11 11:41:47,419 - DEBUG -    ColorSpace: (0xA001) Short=sRGB @ 160
2025-03-11 11:41:47,419 - DEBUG -    ExifImageWidth: (0xA002) Long=1087 @ 172
2025-03-11 11:41:47,419 - DEBUG -    ExifImageLength: (0xA003) Long=1400 @ 184
2025-03-11 11:41:47,419 - DEBUG -    SceneCaptureType: (0xA406) Short=Standard @ 196
2025-03-11 11:41:47,419 - DEBUG -   Found 14 metadata tags
2025-03-11 11:41:47,419 - DEBUG -   Completed Reading metadata in 0.00s
2025-03-11 11:41:47,419 - DEBUG -   Starting Analyzing metadata fields...
2025-03-11 11:41:47,419 - DEBUG -   Completed Analyzing metadata fields in 0.00s
2025-03-11 11:41:47,419 - INFO - [66.58s]   [66.58s]   No suspicious large metadata fields found
2025-03-11 11:41:47,419 - DEBUG -   Completed large_metadata analysis in 0.00s
2025-03-11 11:41:47,419 - INFO - [66.58s]   [66.58s]   Progress: 12/12 analysis steps completed (100.0%)
2025-03-11 11:41:47,419 - INFO - [66.58s]   [66.58s]   Analysis complete - 0 total findings
2025-03-11 11:41:47,419 - INFO - [66.58s]   [66.58s]   Completed Analyzing yews_3PM_3-10-25-3PM-5.jpg in 6.98s
2025-03-11 11:41:47,419 - INFO - [66.58s]   [66.58s]   Completed Analyzing yews_3PM_3-10-25-3PM-5.jpg in 6.98s
2025-03-11 11:41:47,419 - INFO - [66.58s]   [66.58s]   
Analyzing file 9/30: /Users/adam/Git/stego_tools/yews_images/yews_news/2025-03-11/yews_3PM_3-10-25-3PM-1.jpg
2025-03-11 11:41:47,419 - INFO - [66.58s]   [66.58s]   Starting Analyzing yews_3PM_3-10-25-3PM-1.jpg...
2025-03-11 11:41:47,419 - INFO - [66.58s]   [66.58s]   Starting Analyzing yews_3PM_3-10-25-3PM-1.jpg...
2025-03-11 11:41:47,419 - INFO - [66.58s]   [66.58s]   File size: 334,092 bytes
2025-03-11 11:41:47,419 - DEBUG -   Starting metadata analysis...
2025-03-11 11:41:47,419 - INFO - [66.58s]   [66.58s]   Checking metadata...
2025-03-11 11:41:47,419 - DEBUG -   Starting Reading EXIF data...
2025-03-11 11:41:47,419 - DEBUG -   JPEG format recognized data[0:2]=0xFFD8
2025-03-11 11:41:47,419 - DEBUG -   data[2]=0xFF data[3]=0xE1 data[6:10]=b'Exif'
2025-03-11 11:41:47,419 - DEBUG -    Segment base 0x2
2025-03-11 11:41:47,419 - DEBUG -     APP1 at base 0x2
2025-03-11 11:41:47,419 - DEBUG -     Length: 0xF 0xFE
2025-03-11 11:41:47,419 - DEBUG -     Code: b'Exif'
2025-03-11 11:41:47,419 - DEBUG -     Decrement base by 2 to get to pre-segment header (for compatibility with later code)
2025-03-11 11:41:47,419 - DEBUG -   Endian format is M (Motorola)
2025-03-11 11:41:47,419 - DEBUG -   IFD 0 (Image) at offset 8:
2025-03-11 11:41:47,419 - DEBUG -    Orientation: (0x0112) Short=Horizontal (normal) @ 18
2025-03-11 11:41:47,420 - DEBUG -    XResolution: (0x011A) Ratio=300 @ 110
2025-03-11 11:41:47,420 - DEBUG -    YResolution: (0x011B) Ratio=300 @ 118
2025-03-11 11:41:47,420 - DEBUG -    ResolutionUnit: (0x0128) Short=Pixels/Inch @ 54
2025-03-11 11:41:47,420 - DEBUG -    Software: (0x0131) ASCII=Adobe Photoshop 7.0 @ 126
2025-03-11 11:41:47,420 - DEBUG -    DateTime: (0x0132) ASCII=2003:01:30 14:19:15 @ 146
2025-03-11 11:41:47,420 - DEBUG -    YCbCrPositioning: (0x0213) Short=Centered @ 90
2025-03-11 11:41:47,420 - DEBUG -    ExifOffset: (0x8769) Long=166 @ 102
2025-03-11 11:41:47,420 - DEBUG -   Exif SubIFD at offset 166:
2025-03-11 11:41:47,420 - DEBUG -    ExifVersion: (0x9000) Undefined=0221 @ 176
2025-03-11 11:41:47,420 - DEBUG -    ComponentsConfiguration: (0x9101) Undefined=YCbCr @ 188
2025-03-11 11:41:47,420 - DEBUG -    FlashPixVersion: (0xA000) Undefined=0100 @ 200
2025-03-11 11:41:47,420 - DEBUG -    ColorSpace: (0xA001) Short=Uncalibrated @ 212
2025-03-11 11:41:47,420 - DEBUG -    ExifImageWidth: (0xA002) Long=2188 @ 224
2025-03-11 11:41:47,420 - DEBUG -    ExifImageLength: (0xA003) Long=2925 @ 236
2025-03-11 11:41:47,420 - DEBUG -    SceneCaptureType: (0xA406) Short=Standard @ 248
2025-03-11 11:41:47,420 - DEBUG -   Found 15 EXIF tags
2025-03-11 11:41:47,420 - DEBUG -   Completed Reading EXIF data in 0.00s
2025-03-11 11:41:47,420 - DEBUG -   Starting Analyzing metadata content...
2025-03-11 11:41:47,420 - INFO - [66.58s]   [66.58s]   No suspicious patterns found in metadata
2025-03-11 11:41:47,420 - DEBUG -   Completed Analyzing metadata content in 0.00s
2025-03-11 11:41:47,420 - DEBUG -   Completed metadata analysis in 0.00s
2025-03-11 11:41:47,420 - INFO - [66.58s]   [66.58s]   Progress: 1/12 analysis steps completed (8.3%)
2025-03-11 11:41:47,420 - DEBUG -   Starting raw_bytes analysis...
2025-03-11 11:41:47,420 - INFO - [66.58s]   [66.58s]   Checking raw bytes...
2025-03-11 11:41:47,420 - DEBUG -   Starting Reading file content...
2025-03-11 11:41:47,421 - DEBUG -   Read 334,092 bytes
2025-03-11 11:41:47,421 - DEBUG -   Completed Reading file content in 0.00s
2025-03-11 11:41:47,421 - DEBUG -   Starting Analyzing ASCII content...
2025-03-11 11:41:47,423 - DEBUG -   Completed Analyzing ASCII content in 0.00s
2025-03-11 11:41:47,423 - DEBUG -   Starting Analyzing hex content...
2025-03-11 11:41:47,424 - DEBUG -   Completed Analyzing hex content in 0.00s
2025-03-11 11:41:47,424 - DEBUG -   Starting Checking base64 variants...
2025-03-11 11:41:47,425 - DEBUG -   Completed Checking base64 variants in 0.00s
2025-03-11 11:41:47,425 - DEBUG -   Starting Analyzing suspicious patterns...
2025-03-11 11:41:47,459 - WARNING - [66.62s]   [66.62s]   Suspicious substring in raw data: Steganography tool reference: f5
2025-03-11 11:41:47,460 - DEBUG -   Completed Analyzing suspicious patterns in 0.03s
2025-03-11 11:41:47,460 - INFO - [66.62s]   [66.62s]   Found 1 suspicious patterns in raw bytes
2025-03-11 11:41:47,460 - DEBUG -   Completed raw_bytes analysis in 0.04s
2025-03-11 11:41:47,460 - INFO - [66.62s]   [66.62s]   Progress: 2/12 analysis steps completed (16.7%)
2025-03-11 11:41:47,460 - DEBUG -   Starting binary_patterns analysis...
2025-03-11 11:41:47,766 - DEBUG -   Completed binary_patterns analysis in 0.31s
2025-03-11 11:41:47,766 - INFO - [66.93s]   [66.93s]   Progress: 3/12 analysis steps completed (25.0%)
2025-03-11 11:41:47,767 - DEBUG -   Starting lsb analysis...
2025-03-11 11:41:47,767 - DEBUG -   tag: Orientation (274) - type: short (3) - value: b'\x00\x01'
2025-03-11 11:41:47,767 - DEBUG -   tag: XResolution (282) - type: rational (5) Tag Location: 34 - Data Location: 110 - value: b'\x00\x00\x01,\x00\x00\x00\x01'
2025-03-11 11:41:47,767 - DEBUG -   tag: YResolution (283) - type: rational (5) Tag Location: 46 - Data Location: 118 - value: b'\x00\x00\x01,\x00\x00\x00\x01'
2025-03-11 11:41:47,767 - DEBUG -   tag: ResolutionUnit (296) - type: short (3) - value: b'\x00\x02'
2025-03-11 11:41:47,767 - DEBUG -   tag: Software (305) - type: string (2) Tag Location: 70 - Data Location: 126 - value: b'Adobe Photoshop 7.0\x00'
2025-03-11 11:41:47,767 - DEBUG -   tag: DateTime (306) - type: string (2) Tag Location: 82 - Data Location: 146 - value: b'2003:01:30 14:19:15\x00'
2025-03-11 11:41:47,767 - DEBUG -   tag: YCbCrPositioning (531) - type: short (3) - value: b'\x00\x01'
2025-03-11 11:41:47,767 - DEBUG -   tag: ExifIFD (34665) - type: long (4) - value: b'\x00\x00\x00\xa6'
2025-03-11 11:41:49,387 - DEBUG -   Completed lsb analysis in 1.62s
2025-03-11 11:41:49,387 - INFO - [68.55s]   [68.55s]   Progress: 4/12 analysis steps completed (33.3%)
2025-03-11 11:41:49,388 - DEBUG -   Starting channels analysis...
2025-03-11 11:41:49,388 - DEBUG -   tag: Orientation (274) - type: short (3) - value: b'\x00\x01'
2025-03-11 11:41:49,388 - DEBUG -   tag: XResolution (282) - type: rational (5) Tag Location: 34 - Data Location: 110 - value: b'\x00\x00\x01,\x00\x00\x00\x01'
2025-03-11 11:41:49,388 - DEBUG -   tag: YResolution (283) - type: rational (5) Tag Location: 46 - Data Location: 118 - value: b'\x00\x00\x01,\x00\x00\x00\x01'
2025-03-11 11:41:49,388 - DEBUG -   tag: ResolutionUnit (296) - type: short (3) - value: b'\x00\x02'
2025-03-11 11:41:49,388 - DEBUG -   tag: Software (305) - type: string (2) Tag Location: 70 - Data Location: 126 - value: b'Adobe Photoshop 7.0\x00'
2025-03-11 11:41:49,388 - DEBUG -   tag: DateTime (306) - type: string (2) Tag Location: 82 - Data Location: 146 - value: b'2003:01:30 14:19:15\x00'
2025-03-11 11:41:49,388 - DEBUG -   tag: YCbCrPositioning (531) - type: short (3) - value: b'\x00\x01'
2025-03-11 11:41:49,388 - DEBUG -   tag: ExifIFD (34665) - type: long (4) - value: b'\x00\x00\x00\xa6'
2025-03-11 11:41:49,631 - DEBUG -   Completed channels analysis in 0.24s
2025-03-11 11:41:49,631 - INFO - [68.79s]   [68.79s]   Progress: 5/12 analysis steps completed (41.7%)
2025-03-11 11:41:49,631 - DEBUG -   Starting binwalk analysis...
2025-03-11 11:41:49,650 - DEBUG -   Completed binwalk analysis in 0.02s
2025-03-11 11:41:49,650 - INFO - [68.81s]   [68.81s]   Progress: 6/12 analysis steps completed (50.0%)
2025-03-11 11:41:49,650 - DEBUG -   Starting icc_profile analysis...
2025-03-11 11:41:49,651 - DEBUG -   tag: Orientation (274) - type: short (3) - value: b'\x00\x01'
2025-03-11 11:41:49,651 - DEBUG -   tag: XResolution (282) - type: rational (5) Tag Location: 34 - Data Location: 110 - value: b'\x00\x00\x01,\x00\x00\x00\x01'
2025-03-11 11:41:49,651 - DEBUG -   tag: YResolution (283) - type: rational (5) Tag Location: 46 - Data Location: 118 - value: b'\x00\x00\x01,\x00\x00\x00\x01'
2025-03-11 11:41:49,651 - DEBUG -   tag: ResolutionUnit (296) - type: short (3) - value: b'\x00\x02'
2025-03-11 11:41:49,651 - DEBUG -   tag: Software (305) - type: string (2) Tag Location: 70 - Data Location: 126 - value: b'Adobe Photoshop 7.0\x00'
2025-03-11 11:41:49,651 - DEBUG -   tag: DateTime (306) - type: string (2) Tag Location: 82 - Data Location: 146 - value: b'2003:01:30 14:19:15\x00'
2025-03-11 11:41:49,651 - DEBUG -   tag: YCbCrPositioning (531) - type: short (3) - value: b'\x00\x01'
2025-03-11 11:41:49,651 - DEBUG -   tag: ExifIFD (34665) - type: long (4) - value: b'\x00\x00\x00\xa6'
2025-03-11 11:41:49,651 - DEBUG -   Completed icc_profile analysis in 0.00s
2025-03-11 11:41:49,651 - INFO - [68.81s]   [68.81s]   Progress: 7/12 analysis steps completed (58.3%)
2025-03-11 11:41:49,651 - DEBUG -   Starting zip_signatures analysis...
2025-03-11 11:41:49,678 - DEBUG -   Completed zip_signatures analysis in 0.03s
2025-03-11 11:41:49,678 - INFO - [68.84s]   [68.84s]   Progress: 8/12 analysis steps completed (66.7%)
2025-03-11 11:41:49,678 - DEBUG -   Starting appended_data analysis...
2025-03-11 11:41:49,678 - INFO - [68.84s]   [68.84s]   Checking for appended data...
2025-03-11 11:41:49,678 - DEBUG -   Starting Reading file...
2025-03-11 11:41:49,678 - DEBUG -   Read 334,092 bytes
2025-03-11 11:41:49,678 - DEBUG -   Completed Reading file in 0.00s
2025-03-11 11:41:49,678 - DEBUG -   Starting Analyzing file format...
2025-03-11 11:41:49,699 - DEBUG -   Found 1 EOI markers
2025-03-11 11:41:49,699 - DEBUG -   Completed Analyzing file format in 0.02s
2025-03-11 11:41:49,699 - INFO - [68.86s]   [68.86s]   No appended data found
2025-03-11 11:41:49,699 - DEBUG -   Completed appended_data analysis in 0.02s
2025-03-11 11:41:49,699 - INFO - [68.86s]   [68.86s]   Progress: 9/12 analysis steps completed (75.0%)
2025-03-11 11:41:49,699 - DEBUG -   Starting histogram analysis...
2025-03-11 11:41:49,699 - DEBUG -   tag: Orientation (274) - type: short (3) - value: b'\x00\x01'
2025-03-11 11:41:49,699 - DEBUG -   tag: XResolution (282) - type: rational (5) Tag Location: 34 - Data Location: 110 - value: b'\x00\x00\x01,\x00\x00\x00\x01'
2025-03-11 11:41:49,699 - DEBUG -   tag: YResolution (283) - type: rational (5) Tag Location: 46 - Data Location: 118 - value: b'\x00\x00\x01,\x00\x00\x00\x01'
2025-03-11 11:41:49,699 - DEBUG -   tag: ResolutionUnit (296) - type: short (3) - value: b'\x00\x02'
2025-03-11 11:41:49,699 - DEBUG -   tag: Software (305) - type: string (2) Tag Location: 70 - Data Location: 126 - value: b'Adobe Photoshop 7.0\x00'
2025-03-11 11:41:49,699 - DEBUG -   tag: DateTime (306) - type: string (2) Tag Location: 82 - Data Location: 146 - value: b'2003:01:30 14:19:15\x00'
2025-03-11 11:41:49,699 - DEBUG -   tag: YCbCrPositioning (531) - type: short (3) - value: b'\x00\x01'
2025-03-11 11:41:49,699 - DEBUG -   tag: ExifIFD (34665) - type: long (4) - value: b'\x00\x00\x00\xa6'
2025-03-11 11:41:49,812 - DEBUG -   Completed histogram analysis in 0.11s
2025-03-11 11:41:49,813 - INFO - [68.97s]   [68.97s]   Progress: 10/12 analysis steps completed (83.3%)
2025-03-11 11:41:49,813 - DEBUG -   Starting jpeg_comments analysis...
2025-03-11 11:41:49,813 - INFO - [68.97s]   [68.97s]   Checking JPEG comment segments...
2025-03-11 11:41:49,813 - DEBUG -   Starting Reading JPEG file...
2025-03-11 11:41:49,813 - DEBUG -   Completed Reading JPEG file in 0.00s
2025-03-11 11:41:49,813 - DEBUG -   Starting Analyzing comment segments...
2025-03-11 11:41:49,834 - DEBUG -   Completed Analyzing comment segments in 0.02s
2025-03-11 11:41:49,834 - INFO - [68.99s]   [68.99s]   No suspicious patterns found in JPEG comments
2025-03-11 11:41:49,834 - DEBUG -   Completed jpeg_comments analysis in 0.02s
2025-03-11 11:41:49,834 - INFO - [68.99s]   [68.99s]   Progress: 11/12 analysis steps completed (91.7%)
2025-03-11 11:41:49,834 - DEBUG -   Starting large_metadata analysis...
2025-03-11 11:41:49,834 - INFO - [68.99s]   [68.99s]   Checking for large metadata fields...
2025-03-11 11:41:49,834 - DEBUG -   Starting Reading metadata...
2025-03-11 11:41:49,834 - DEBUG -   JPEG format recognized data[0:2]=0xFFD8
2025-03-11 11:41:49,834 - DEBUG -   data[2]=0xFF data[3]=0xE1 data[6:10]=b'Exif'
2025-03-11 11:41:49,834 - DEBUG -    Segment base 0x2
2025-03-11 11:41:49,834 - DEBUG -     APP1 at base 0x2
2025-03-11 11:41:49,834 - DEBUG -     Length: 0xF 0xFE
2025-03-11 11:41:49,834 - DEBUG -     Code: b'Exif'
2025-03-11 11:41:49,834 - DEBUG -     Decrement base by 2 to get to pre-segment header (for compatibility with later code)
2025-03-11 11:41:49,834 - DEBUG -   Endian format is M (Motorola)
2025-03-11 11:41:49,834 - DEBUG -   IFD 0 (Image) at offset 8:
2025-03-11 11:41:49,834 - DEBUG -    Orientation: (0x0112) Short=Horizontal (normal) @ 18
2025-03-11 11:41:49,834 - DEBUG -    XResolution: (0x011A) Ratio=300 @ 110
2025-03-11 11:41:49,834 - DEBUG -    YResolution: (0x011B) Ratio=300 @ 118
2025-03-11 11:41:49,834 - DEBUG -    ResolutionUnit: (0x0128) Short=Pixels/Inch @ 54
2025-03-11 11:41:49,834 - DEBUG -    Software: (0x0131) ASCII=Adobe Photoshop 7.0 @ 126
2025-03-11 11:41:49,834 - DEBUG -    DateTime: (0x0132) ASCII=2003:01:30 14:19:15 @ 146
2025-03-11 11:41:49,834 - DEBUG -    YCbCrPositioning: (0x0213) Short=Centered @ 90
2025-03-11 11:41:49,834 - DEBUG -    ExifOffset: (0x8769) Long=166 @ 102
2025-03-11 11:41:49,834 - DEBUG -   Exif SubIFD at offset 166:
2025-03-11 11:41:49,834 - DEBUG -    ExifVersion: (0x9000) Undefined=0221 @ 176
2025-03-11 11:41:49,834 - DEBUG -    ComponentsConfiguration: (0x9101) Undefined=YCbCr @ 188
2025-03-11 11:41:49,834 - DEBUG -    FlashPixVersion: (0xA000) Undefined=0100 @ 200
2025-03-11 11:41:49,834 - DEBUG -    ColorSpace: (0xA001) Short=Uncalibrated @ 212
2025-03-11 11:41:49,834 - DEBUG -    ExifImageWidth: (0xA002) Long=2188 @ 224
2025-03-11 11:41:49,834 - DEBUG -    ExifImageLength: (0xA003) Long=2925 @ 236
2025-03-11 11:41:49,834 - DEBUG -    SceneCaptureType: (0xA406) Short=Standard @ 248
2025-03-11 11:41:49,834 - DEBUG -   Found 15 metadata tags
2025-03-11 11:41:49,834 - DEBUG -   Completed Reading metadata in 0.00s
2025-03-11 11:41:49,834 - DEBUG -   Starting Analyzing metadata fields...
2025-03-11 11:41:49,834 - DEBUG -   Completed Analyzing metadata fields in 0.00s
2025-03-11 11:41:49,834 - INFO - [69.00s]   [69.00s]   No suspicious large metadata fields found
2025-03-11 11:41:49,834 - DEBUG -   Completed large_metadata analysis in 0.00s
2025-03-11 11:41:49,834 - INFO - [69.00s]   [69.00s]   Progress: 12/12 analysis steps completed (100.0%)
2025-03-11 11:41:49,835 - INFO - [69.00s]   [69.00s]   Analysis complete - 0 total findings
2025-03-11 11:41:49,835 - INFO - [69.00s]   [69.00s]   Completed Analyzing yews_3PM_3-10-25-3PM-1.jpg in 2.42s
2025-03-11 11:41:49,835 - INFO - [69.00s]   [69.00s]   Completed Analyzing yews_3PM_3-10-25-3PM-1.jpg in 2.42s
2025-03-11 11:41:49,835 - INFO - [69.00s]   [69.00s]   
Analyzing file 10/30: /Users/adam/Git/stego_tools/yews_images/yews_news/2025-03-11/yews_8PM_3-10-25-8PM-4.jpg
2025-03-11 11:41:49,835 - INFO - [69.00s]   [69.00s]   Starting Analyzing yews_8PM_3-10-25-8PM-4.jpg...
2025-03-11 11:41:49,835 - INFO - [69.00s]   [69.00s]   Starting Analyzing yews_8PM_3-10-25-8PM-4.jpg...
2025-03-11 11:41:49,835 - INFO - [69.00s]   [69.00s]   File size: 1,041,264 bytes
2025-03-11 11:41:49,835 - DEBUG -   Starting metadata analysis...
2025-03-11 11:41:49,835 - INFO - [69.00s]   [69.00s]   Checking metadata...
2025-03-11 11:41:49,835 - DEBUG -   Starting Reading EXIF data...
2025-03-11 11:41:49,836 - DEBUG -   JPEG format recognized data[0:2]=0xFFD8
2025-03-11 11:41:49,836 - DEBUG -   data[2]=0xFF data[3]=0xE1 data[6:10]=b'Exif'
2025-03-11 11:41:49,836 - DEBUG -    Segment base 0x2
2025-03-11 11:41:49,836 - DEBUG -     APP1 at base 0x2
2025-03-11 11:41:49,836 - DEBUG -     Length: 0xF 0xFE
2025-03-11 11:41:49,836 - DEBUG -     Code: b'Exif'
2025-03-11 11:41:49,836 - DEBUG -     Decrement base by 2 to get to pre-segment header (for compatibility with later code)
2025-03-11 11:41:49,836 - DEBUG -   Endian format is M (Motorola)
2025-03-11 11:41:49,836 - DEBUG -   IFD 0 (Image) at offset 8:
2025-03-11 11:41:49,836 - DEBUG -    Orientation: (0x0112) Short=Horizontal (normal) @ 18
2025-03-11 11:41:49,836 - DEBUG -    XResolution: (0x011A) Ratio=72 @ 86
2025-03-11 11:41:49,836 - DEBUG -    YResolution: (0x011B) Ratio=72 @ 94
2025-03-11 11:41:49,836 - DEBUG -    ResolutionUnit: (0x0128) Short=Pixels/Inch @ 54
2025-03-11 11:41:49,836 - DEBUG -    YCbCrPositioning: (0x0213) Short=Centered @ 66
2025-03-11 11:41:49,836 - DEBUG -    ExifOffset: (0x8769) Long=102 @ 78
2025-03-11 11:41:49,836 - DEBUG -   Exif SubIFD at offset 102:
2025-03-11 11:41:49,836 - DEBUG -    ExifVersion: (0x9000) Undefined=0221 @ 112
2025-03-11 11:41:49,836 - DEBUG -    ComponentsConfiguration: (0x9101) Undefined=YCbCr @ 124
2025-03-11 11:41:49,836 - DEBUG -    FlashPixVersion: (0xA000) Undefined=0100 @ 136
2025-03-11 11:41:49,836 - DEBUG -    ColorSpace: (0xA001) Short=sRGB @ 148
2025-03-11 11:41:49,836 - DEBUG -    ExifImageWidth: (0xA002) Long=1394 @ 160
2025-03-11 11:41:49,836 - DEBUG -    ExifImageLength: (0xA003) Long=1130 @ 172
2025-03-11 11:41:49,836 - DEBUG -    SceneCaptureType: (0xA406) Short=Standard @ 184
2025-03-11 11:41:49,836 - DEBUG -   Found 13 EXIF tags
2025-03-11 11:41:49,836 - DEBUG -   Completed Reading EXIF data in 0.00s
2025-03-11 11:41:49,836 - DEBUG -   Starting Analyzing metadata content...
2025-03-11 11:41:49,836 - INFO - [69.00s]   [69.00s]   No suspicious patterns found in metadata
2025-03-11 11:41:49,836 - DEBUG -   Completed Analyzing metadata content in 0.00s
2025-03-11 11:41:49,836 - DEBUG -   Completed metadata analysis in 0.00s
2025-03-11 11:41:49,836 - INFO - [69.00s]   [69.00s]   Progress: 1/12 analysis steps completed (8.3%)
2025-03-11 11:41:49,836 - DEBUG -   Starting raw_bytes analysis...
2025-03-11 11:41:49,837 - INFO - [69.00s]   [69.00s]   Checking raw bytes...
2025-03-11 11:41:49,837 - DEBUG -   Starting Reading file content...
2025-03-11 11:41:49,837 - DEBUG -   Read 1,041,264 bytes
2025-03-11 11:41:49,837 - DEBUG -   Completed Reading file content in 0.00s
2025-03-11 11:41:49,837 - DEBUG -   Starting Analyzing ASCII content...
2025-03-11 11:41:49,844 - DEBUG -   Completed Analyzing ASCII content in 0.01s
2025-03-11 11:41:49,845 - DEBUG -   Starting Analyzing hex content...
2025-03-11 11:41:49,848 - DEBUG -   Completed Analyzing hex content in 0.00s
2025-03-11 11:41:49,848 - DEBUG -   Starting Checking base64 variants...
2025-03-11 11:41:49,851 - DEBUG -   Completed Checking base64 variants in 0.00s
2025-03-11 11:41:49,851 - DEBUG -   Starting Analyzing suspicious patterns...
2025-03-11 11:41:49,954 - WARNING - [69.12s]   [69.11s]   Suspicious substring in raw data: Steganography tool reference: f5
2025-03-11 11:41:49,954 - DEBUG -   Completed Analyzing suspicious patterns in 0.10s
2025-03-11 11:41:49,954 - INFO - [69.12s]   [69.12s]   Found 1 suspicious patterns in raw bytes
2025-03-11 11:41:49,955 - DEBUG -   Completed raw_bytes analysis in 0.12s
2025-03-11 11:41:49,955 - INFO - [69.12s]   [69.12s]   Progress: 2/12 analysis steps completed (16.7%)
2025-03-11 11:41:49,955 - DEBUG -   Starting binary_patterns analysis...
2025-03-11 11:41:50,918 - DEBUG -   Completed binary_patterns analysis in 0.96s
2025-03-11 11:41:50,918 - INFO - [70.08s]   [70.08s]   Progress: 3/12 analysis steps completed (25.0%)
2025-03-11 11:41:50,918 - DEBUG -   Starting lsb analysis...
2025-03-11 11:41:50,919 - DEBUG -   tag: Orientation (274) - type: short (3) - value: b'\x00\x01'
2025-03-11 11:41:50,919 - DEBUG -   tag: XResolution (282) - type: rational (5) Tag Location: 34 - Data Location: 86 - value: b'\x00\x00\x00H\x00\x00\x00\x01'
2025-03-11 11:41:50,919 - DEBUG -   tag: YResolution (283) - type: rational (5) Tag Location: 46 - Data Location: 94 - value: b'\x00\x00\x00H\x00\x00\x00\x01'
2025-03-11 11:41:50,919 - DEBUG -   tag: ResolutionUnit (296) - type: short (3) - value: b'\x00\x02'
2025-03-11 11:41:50,919 - DEBUG -   tag: YCbCrPositioning (531) - type: short (3) - value: b'\x00\x01'
2025-03-11 11:41:50,919 - DEBUG -   tag: ExifIFD (34665) - type: long (4) - value: b'\x00\x00\x00f'
2025-03-11 11:41:55,566 - DEBUG -   Completed lsb analysis in 4.65s
2025-03-11 11:41:55,566 - INFO - [74.73s]   [74.73s]   Progress: 4/12 analysis steps completed (33.3%)
2025-03-11 11:41:55,566 - DEBUG -   Starting channels analysis...
2025-03-11 11:41:55,566 - DEBUG -   tag: Orientation (274) - type: short (3) - value: b'\x00\x01'
2025-03-11 11:41:55,566 - DEBUG -   tag: XResolution (282) - type: rational (5) Tag Location: 34 - Data Location: 86 - value: b'\x00\x00\x00H\x00\x00\x00\x01'
2025-03-11 11:41:55,566 - DEBUG -   tag: YResolution (283) - type: rational (5) Tag Location: 46 - Data Location: 94 - value: b'\x00\x00\x00H\x00\x00\x00\x01'
2025-03-11 11:41:55,566 - DEBUG -   tag: ResolutionUnit (296) - type: short (3) - value: b'\x00\x02'
2025-03-11 11:41:55,566 - DEBUG -   tag: YCbCrPositioning (531) - type: short (3) - value: b'\x00\x01'
2025-03-11 11:41:55,566 - DEBUG -   tag: ExifIFD (34665) - type: long (4) - value: b'\x00\x00\x00f'
2025-03-11 11:41:56,253 - DEBUG -   Completed channels analysis in 0.69s
2025-03-11 11:41:56,254 - INFO - [75.41s]   [75.41s]   Progress: 5/12 analysis steps completed (41.7%)
2025-03-11 11:41:56,254 - DEBUG -   Starting binwalk analysis...
2025-03-11 11:41:56,275 - DEBUG -   Completed binwalk analysis in 0.02s
2025-03-11 11:41:56,276 - INFO - [75.44s]   [75.44s]   Progress: 6/12 analysis steps completed (50.0%)
2025-03-11 11:41:56,276 - DEBUG -   Starting icc_profile analysis...
2025-03-11 11:41:56,276 - DEBUG -   tag: Orientation (274) - type: short (3) - value: b'\x00\x01'
2025-03-11 11:41:56,276 - DEBUG -   tag: XResolution (282) - type: rational (5) Tag Location: 34 - Data Location: 86 - value: b'\x00\x00\x00H\x00\x00\x00\x01'
2025-03-11 11:41:56,276 - DEBUG -   tag: YResolution (283) - type: rational (5) Tag Location: 46 - Data Location: 94 - value: b'\x00\x00\x00H\x00\x00\x00\x01'
2025-03-11 11:41:56,276 - DEBUG -   tag: ResolutionUnit (296) - type: short (3) - value: b'\x00\x02'
2025-03-11 11:41:56,276 - DEBUG -   tag: YCbCrPositioning (531) - type: short (3) - value: b'\x00\x01'
2025-03-11 11:41:56,276 - DEBUG -   tag: ExifIFD (34665) - type: long (4) - value: b'\x00\x00\x00f'
2025-03-11 11:41:56,276 - DEBUG -   Completed icc_profile analysis in 0.00s
2025-03-11 11:41:56,276 - INFO - [75.44s]   [75.44s]   Progress: 7/12 analysis steps completed (58.3%)
2025-03-11 11:41:56,276 - DEBUG -   Starting zip_signatures analysis...
2025-03-11 11:41:56,358 - DEBUG -   Completed zip_signatures analysis in 0.08s
2025-03-11 11:41:56,358 - INFO - [75.52s]   [75.52s]   Progress: 8/12 analysis steps completed (66.7%)
2025-03-11 11:41:56,358 - DEBUG -   Starting appended_data analysis...
2025-03-11 11:41:56,358 - INFO - [75.52s]   [75.52s]   Checking for appended data...
2025-03-11 11:41:56,358 - DEBUG -   Starting Reading file...
2025-03-11 11:41:56,359 - DEBUG -   Read 1,041,264 bytes
2025-03-11 11:41:56,359 - DEBUG -   Completed Reading file in 0.00s
2025-03-11 11:41:56,359 - DEBUG -   Starting Analyzing file format...
2025-03-11 11:41:56,421 - DEBUG -   Found 1 EOI markers
2025-03-11 11:41:56,421 - DEBUG -   Completed Analyzing file format in 0.06s
2025-03-11 11:41:56,421 - INFO - [75.58s]   [75.58s]   No appended data found
2025-03-11 11:41:56,421 - DEBUG -   Completed appended_data analysis in 0.06s
2025-03-11 11:41:56,421 - INFO - [75.58s]   [75.58s]   Progress: 9/12 analysis steps completed (75.0%)
2025-03-11 11:41:56,421 - DEBUG -   Starting histogram analysis...
2025-03-11 11:41:56,421 - DEBUG -   tag: Orientation (274) - type: short (3) - value: b'\x00\x01'
2025-03-11 11:41:56,421 - DEBUG -   tag: XResolution (282) - type: rational (5) Tag Location: 34 - Data Location: 86 - value: b'\x00\x00\x00H\x00\x00\x00\x01'
2025-03-11 11:41:56,421 - DEBUG -   tag: YResolution (283) - type: rational (5) Tag Location: 46 - Data Location: 94 - value: b'\x00\x00\x00H\x00\x00\x00\x01'
2025-03-11 11:41:56,421 - DEBUG -   tag: ResolutionUnit (296) - type: short (3) - value: b'\x00\x02'
2025-03-11 11:41:56,421 - DEBUG -   tag: YCbCrPositioning (531) - type: short (3) - value: b'\x00\x01'
2025-03-11 11:41:56,421 - DEBUG -   tag: ExifIFD (34665) - type: long (4) - value: b'\x00\x00\x00f'
2025-03-11 11:41:56,749 - DEBUG -   Completed histogram analysis in 0.33s
2025-03-11 11:41:56,749 - INFO - [75.91s]   [75.91s]   Progress: 10/12 analysis steps completed (83.3%)
2025-03-11 11:41:56,749 - DEBUG -   Starting jpeg_comments analysis...
2025-03-11 11:41:56,749 - INFO - [75.91s]   [75.91s]   Checking JPEG comment segments...
2025-03-11 11:41:56,749 - DEBUG -   Starting Reading JPEG file...
2025-03-11 11:41:56,749 - DEBUG -   Completed Reading JPEG file in 0.00s
2025-03-11 11:41:56,749 - DEBUG -   Starting Analyzing comment segments...
2025-03-11 11:41:56,813 - DEBUG -   Completed Analyzing comment segments in 0.06s
2025-03-11 11:41:56,813 - INFO - [75.97s]   [75.97s]   No suspicious patterns found in JPEG comments
2025-03-11 11:41:56,813 - DEBUG -   Completed jpeg_comments analysis in 0.06s
2025-03-11 11:41:56,813 - INFO - [75.97s]   [75.97s]   Progress: 11/12 analysis steps completed (91.7%)
2025-03-11 11:41:56,813 - DEBUG -   Starting large_metadata analysis...
2025-03-11 11:41:56,813 - INFO - [75.97s]   [75.97s]   Checking for large metadata fields...
2025-03-11 11:41:56,814 - DEBUG -   Starting Reading metadata...
2025-03-11 11:41:56,814 - DEBUG -   JPEG format recognized data[0:2]=0xFFD8
2025-03-11 11:41:56,814 - DEBUG -   data[2]=0xFF data[3]=0xE1 data[6:10]=b'Exif'
2025-03-11 11:41:56,814 - DEBUG -    Segment base 0x2
2025-03-11 11:41:56,814 - DEBUG -     APP1 at base 0x2
2025-03-11 11:41:56,814 - DEBUG -     Length: 0xF 0xFE
2025-03-11 11:41:56,814 - DEBUG -     Code: b'Exif'
2025-03-11 11:41:56,814 - DEBUG -     Decrement base by 2 to get to pre-segment header (for compatibility with later code)
2025-03-11 11:41:56,814 - DEBUG -   Endian format is M (Motorola)
2025-03-11 11:41:56,814 - DEBUG -   IFD 0 (Image) at offset 8:
2025-03-11 11:41:56,814 - DEBUG -    Orientation: (0x0112) Short=Horizontal (normal) @ 18
2025-03-11 11:41:56,814 - DEBUG -    XResolution: (0x011A) Ratio=72 @ 86
2025-03-11 11:41:56,814 - DEBUG -    YResolution: (0x011B) Ratio=72 @ 94
2025-03-11 11:41:56,814 - DEBUG -    ResolutionUnit: (0x0128) Short=Pixels/Inch @ 54
2025-03-11 11:41:56,814 - DEBUG -    YCbCrPositioning: (0x0213) Short=Centered @ 66
2025-03-11 11:41:56,814 - DEBUG -    ExifOffset: (0x8769) Long=102 @ 78
2025-03-11 11:41:56,814 - DEBUG -   Exif SubIFD at offset 102:
2025-03-11 11:41:56,814 - DEBUG -    ExifVersion: (0x9000) Undefined=0221 @ 112
2025-03-11 11:41:56,814 - DEBUG -    ComponentsConfiguration: (0x9101) Undefined=YCbCr @ 124
2025-03-11 11:41:56,814 - DEBUG -    FlashPixVersion: (0xA000) Undefined=0100 @ 136
2025-03-11 11:41:56,814 - DEBUG -    ColorSpace: (0xA001) Short=sRGB @ 148
2025-03-11 11:41:56,814 - DEBUG -    ExifImageWidth: (0xA002) Long=1394 @ 160
2025-03-11 11:41:56,814 - DEBUG -    ExifImageLength: (0xA003) Long=1130 @ 172
2025-03-11 11:41:56,814 - DEBUG -    SceneCaptureType: (0xA406) Short=Standard @ 184
2025-03-11 11:41:56,814 - DEBUG -   Found 13 metadata tags
2025-03-11 11:41:56,814 - DEBUG -   Completed Reading metadata in 0.00s
2025-03-11 11:41:56,814 - DEBUG -   Starting Analyzing metadata fields...
2025-03-11 11:41:56,814 - DEBUG -   Completed Analyzing metadata fields in 0.00s
2025-03-11 11:41:56,814 - INFO - [75.97s]   [75.97s]   No suspicious large metadata fields found
2025-03-11 11:41:56,814 - DEBUG -   Completed large_metadata analysis in 0.00s
2025-03-11 11:41:56,814 - INFO - [75.97s]   [75.97s]   Progress: 12/12 analysis steps completed (100.0%)
2025-03-11 11:41:56,814 - INFO - [75.97s]   [75.97s]   Analysis complete - 0 total findings
2025-03-11 11:41:56,814 - INFO - [75.97s]   [75.97s]   Completed Analyzing yews_8PM_3-10-25-8PM-4.jpg in 6.98s
2025-03-11 11:41:56,814 - INFO - [75.97s]   [75.97s]   Completed Analyzing yews_8PM_3-10-25-8PM-4.jpg in 6.98s
2025-03-11 11:41:56,814 - INFO - [75.97s]   [75.97s]   
Analyzing file 11/30: /Users/adam/Git/stego_tools/yews_images/yews_news/2025-03-11/yews_8PM_3-10-25-8PM-5.jpg
2025-03-11 11:41:56,814 - INFO - [75.97s]   [75.97s]   Starting Analyzing yews_8PM_3-10-25-8PM-5.jpg...
2025-03-11 11:41:56,814 - INFO - [75.97s]   [75.97s]   Starting Analyzing yews_8PM_3-10-25-8PM-5.jpg...
2025-03-11 11:41:56,814 - INFO - [75.98s]   [75.98s]   File size: 4,100,524 bytes
2025-03-11 11:41:56,814 - DEBUG -   Starting metadata analysis...
2025-03-11 11:41:56,814 - INFO - [75.98s]   [75.98s]   Checking metadata...
2025-03-11 11:41:56,815 - DEBUG -   Starting Reading EXIF data...
2025-03-11 11:41:56,816 - DEBUG -   JPEG format recognized data[0:2]=0xFFD8
2025-03-11 11:41:56,816 - DEBUG -   data[2]=0xFF data[3]=0xE1 data[6:10]=b'Exif'
2025-03-11 11:41:56,816 - DEBUG -    Segment base 0x2
2025-03-11 11:41:56,816 - DEBUG -     APP1 at base 0x2
2025-03-11 11:41:56,816 - DEBUG -     Length: 0x2 0xFC
2025-03-11 11:41:56,816 - DEBUG -     Code: b'Exif'
2025-03-11 11:41:56,816 - DEBUG -     Decrement base by 2 to get to pre-segment header (for compatibility with later code)
2025-03-11 11:41:56,816 - DEBUG -   Endian format is M (Motorola)
2025-03-11 11:41:56,816 - DEBUG -   IFD 0 (Image) at offset 8:
2025-03-11 11:41:56,816 - DEBUG -    PhotometricInterpretation: (0x0106) Short=2 @ 18
2025-03-11 11:41:56,816 - DEBUG -    ImageDescription: (0x010E) ASCII=cam_1977.214 @ 182
2025-03-11 11:41:56,816 - DEBUG -    Make: (0x010F) ASCII=Hasselblad @ 196
2025-03-11 11:41:56,816 - DEBUG -    Model: (0x0110) ASCII=Hasselblad CF-39 - Hasselblad H2 @ 208
2025-03-11 11:41:56,816 - DEBUG -    Orientation: (0x0112) Short=Horizontal (normal) @ 66
2025-03-11 11:41:56,816 - DEBUG -    XResolution: (0x011A) Ratio=300 @ 242
2025-03-11 11:41:56,816 - DEBUG -    YResolution: (0x011B) Ratio=300 @ 250
2025-03-11 11:41:56,816 - DEBUG -    ResolutionUnit: (0x0128) Short=Pixels/Inch @ 102
2025-03-11 11:41:56,816 - DEBUG -    Software: (0x0131) ASCII=Adobe Photoshop CS Macintosh @ 258
2025-03-11 11:41:56,816 - DEBUG -    DateTime: (0x0132) ASCII=2014:07:02 12:45:48 @ 288
2025-03-11 11:41:56,816 - DEBUG -    Artist: (0x013B) ASCII=Rob Deslongchamps @ 308
2025-03-11 11:41:56,816 - DEBUG -    YCbCrPositioning: (0x0213) Short=Centered @ 150
2025-03-11 11:41:56,816 - DEBUG -    Copyright: (0x8298) ASCII=Cincinnati Art Museum @ 326
2025-03-11 11:41:56,816 - DEBUG -    ExifOffset: (0x8769) Long=348 @ 174
2025-03-11 11:41:56,816 - DEBUG -   Exif SubIFD at offset 348:
2025-03-11 11:41:56,816 - DEBUG -    ExposureTime: (0x829A) Ratio=9039/162454 @ 642
2025-03-11 11:41:56,816 - DEBUG -    FNumber: (0x829D) Ratio=36273/23920 @ 650
2025-03-11 11:41:56,816 - DEBUG -    ExposureProgram: (0x8822) Short=Manual @ 382
2025-03-11 11:41:56,816 - DEBUG -    ISOSpeedRatings: (0x8827) Short=50 @ 394
2025-03-11 11:41:56,816 - DEBUG -    ExifVersion: (0x9000) Undefined=0230 @ 406
2025-03-11 11:41:56,816 - DEBUG -    DateTimeOriginal: (0x9003) ASCII=2012:06:04 00:00:00 @ 658
2025-03-11 11:41:56,816 - DEBUG -    DateTimeDigitized: (0x9004) ASCII=2012:06:04 11:12:04 @ 678
2025-03-11 11:41:56,816 - DEBUG -    ComponentsConfiguration: (0x9101) Undefined=YCbCr @ 442
2025-03-11 11:41:56,816 - DEBUG -    ShutterSpeedValue: (0x9201) Signed Ratio=32087/34142 @ 698
2025-03-11 11:41:56,816 - DEBUG -    ApertureValue: (0x9202) Ratio=26791/11892 @ 706
2025-03-11 11:41:56,816 - DEBUG -    MaxApertureValue: (0x9205) Ratio=14756/33659 @ 714
2025-03-11 11:41:56,816 - DEBUG -    SubjectDistance: (0x9206) Ratio=18617/35644 @ 722
2025-03-11 11:41:56,816 - DEBUG -    MeteringMode: (0x9207) Short=CenterWeightedAverage @ 502
2025-03-11 11:41:56,816 - DEBUG -    Flash: (0x9209) Short=Flash did not fire @ 514
2025-03-11 11:41:56,816 - DEBUG -    FocalLength: (0x920A) Ratio=207955/12398 @ 730
2025-03-11 11:41:56,816 - DEBUG -    FlashPixVersion: (0xA000) Undefined=0100 @ 538
2025-03-11 11:41:56,816 - DEBUG -    ColorSpace: (0xA001) Short=Uncalibrated @ 550
2025-03-11 11:41:56,816 - DEBUG -    ExifImageWidth: (0xA002) Long=4774 @ 562
2025-03-11 11:41:56,816 - DEBUG -    ExifImageLength: (0xA003) Long=3597 @ 574
2025-03-11 11:41:56,816 - DEBUG -    FocalPlaneXResolution: (0xA20E) Ratio=20198/54503 @ 738
2025-03-11 11:41:56,817 - DEBUG -    FocalPlaneYResolution: (0xA20F) Ratio=457268/402785 @ 746
2025-03-11 11:41:56,817 - DEBUG -    FocalPlaneResolutionUnit: (0xA210) Short=3 @ 610
2025-03-11 11:41:56,817 - DEBUG -    FocalLengthIn35mmFilm: (0xA405) Short=84 @ 622
2025-03-11 11:41:56,817 - DEBUG -    SceneCaptureType: (0xA406) Short=Standard @ 634
2025-03-11 11:41:56,817 - DEBUG -   Found 38 EXIF tags
2025-03-11 11:41:56,817 - DEBUG -   Completed Reading EXIF data in 0.00s
2025-03-11 11:41:56,817 - DEBUG -   Starting Analyzing metadata content...
2025-03-11 11:41:56,817 - INFO - [75.98s]   [75.98s]   No suspicious patterns found in metadata
2025-03-11 11:41:56,817 - DEBUG -   Completed Analyzing metadata content in 0.00s
2025-03-11 11:41:56,817 - DEBUG -   Completed metadata analysis in 0.00s
2025-03-11 11:41:56,817 - INFO - [75.98s]   [75.98s]   Progress: 1/12 analysis steps completed (8.3%)
2025-03-11 11:41:56,817 - DEBUG -   Starting raw_bytes analysis...
2025-03-11 11:41:56,817 - INFO - [75.98s]   [75.98s]   Checking raw bytes...
2025-03-11 11:41:56,817 - DEBUG -   Starting Reading file content...
2025-03-11 11:41:56,818 - DEBUG -   Read 4,100,524 bytes
2025-03-11 11:41:56,819 - DEBUG -   Completed Reading file content in 0.00s
2025-03-11 11:41:56,819 - DEBUG -   Starting Analyzing ASCII content...
2025-03-11 11:41:56,846 - DEBUG -   Completed Analyzing ASCII content in 0.03s
2025-03-11 11:41:56,846 - DEBUG -   Starting Analyzing hex content...
2025-03-11 11:41:56,859 - DEBUG -   Completed Analyzing hex content in 0.01s
2025-03-11 11:41:56,859 - DEBUG -   Starting Checking base64 variants...
2025-03-11 11:41:56,872 - DEBUG -   Completed Checking base64 variants in 0.01s
2025-03-11 11:41:56,872 - DEBUG -   Starting Analyzing suspicious patterns...
2025-03-11 11:41:57,275 - WARNING - [76.44s]   [76.44s]   Suspicious substring in raw data: Steganography tool reference: f5
2025-03-11 11:41:57,275 - DEBUG -   Completed Analyzing suspicious patterns in 0.40s
2025-03-11 11:41:57,275 - INFO - [76.44s]   [76.44s]   Found 1 suspicious patterns in raw bytes
2025-03-11 11:41:57,276 - DEBUG -   Completed raw_bytes analysis in 0.46s
2025-03-11 11:41:57,276 - INFO - [76.44s]   [76.44s]   Progress: 2/12 analysis steps completed (16.7%)
2025-03-11 11:41:57,276 - DEBUG -   Starting binary_patterns analysis...
2025-03-11 11:42:00,986 - DEBUG -   Completed binary_patterns analysis in 3.71s
2025-03-11 11:42:00,986 - INFO - [80.15s]   [80.15s]   Progress: 3/12 analysis steps completed (25.0%)
2025-03-11 11:42:00,986 - DEBUG -   Starting lsb analysis...
2025-03-11 11:42:00,987 - DEBUG -   tag: PhotometricInterpretation (262) - type: short (3) - value: b'\x00\x02'
2025-03-11 11:42:00,987 - DEBUG -   tag: ImageDescription (270) - type: string (2) Tag Location: 34 - Data Location: 182 - value: b'cam_1977.214\x00'
2025-03-11 11:42:00,987 - DEBUG -   tag: Make (271) - type: string (2) Tag Location: 46 - Data Location: 196 - value: b'Hasselblad\x00'
2025-03-11 11:42:00,987 - DEBUG -   tag: Model (272) - type: string (2) Tag Location: 58 - Data Location: 208 - value: <table: 33 bytes>
2025-03-11 11:42:00,987 - DEBUG -   tag: Orientation (274) - type: short (3) - value: b'\x00\x01'
2025-03-11 11:42:00,987 - DEBUG -   tag: XResolution (282) - type: rational (5) Tag Location: 82 - Data Location: 242 - value: b'\x00\x00\x01,\x00\x00\x00\x01'
2025-03-11 11:42:00,987 - DEBUG -   tag: YResolution (283) - type: rational (5) Tag Location: 94 - Data Location: 250 - value: b'\x00\x00\x01,\x00\x00\x00\x01'
2025-03-11 11:42:00,987 - DEBUG -   tag: ResolutionUnit (296) - type: short (3) - value: b'\x00\x02'
2025-03-11 11:42:00,987 - DEBUG -   tag: Software (305) - type: string (2) Tag Location: 118 - Data Location: 258 - value: b'Adobe Photoshop CS Macintosh\x00'
2025-03-11 11:42:00,987 - DEBUG -   tag: DateTime (306) - type: string (2) Tag Location: 130 - Data Location: 288 - value: b'2014:07:02 12:45:48\x00'
2025-03-11 11:42:00,987 - DEBUG -   tag: Artist (315) - type: string (2) Tag Location: 142 - Data Location: 308 - value: b'Rob Deslongchamps\x00'
2025-03-11 11:42:00,987 - DEBUG -   tag: YCbCrPositioning (531) - type: short (3) - value: b'\x00\x01'
2025-03-11 11:42:00,987 - DEBUG -   tag: Copyright (33432) - type: string (2) Tag Location: 166 - Data Location: 326 - value: b'Cincinnati Art Museum\x00'
2025-03-11 11:42:00,987 - DEBUG -   tag: ExifIFD (34665) - type: long (4) - value: b'\x00\x00\x01\\'
2025-03-11 11:42:46,215 - DEBUG -   Completed lsb analysis in 45.23s
2025-03-11 11:42:46,216 - INFO - [125.38s]   [125.38s]   Progress: 4/12 analysis steps completed (33.3%)
2025-03-11 11:42:46,216 - DEBUG -   Starting channels analysis...
2025-03-11 11:42:46,216 - DEBUG -   tag: PhotometricInterpretation (262) - type: short (3) - value: b'\x00\x02'
2025-03-11 11:42:46,216 - DEBUG -   tag: ImageDescription (270) - type: string (2) Tag Location: 34 - Data Location: 182 - value: b'cam_1977.214\x00'
2025-03-11 11:42:46,216 - DEBUG -   tag: Make (271) - type: string (2) Tag Location: 46 - Data Location: 196 - value: b'Hasselblad\x00'
2025-03-11 11:42:46,216 - DEBUG -   tag: Model (272) - type: string (2) Tag Location: 58 - Data Location: 208 - value: <table: 33 bytes>
2025-03-11 11:42:46,216 - DEBUG -   tag: Orientation (274) - type: short (3) - value: b'\x00\x01'
2025-03-11 11:42:46,216 - DEBUG -   tag: XResolution (282) - type: rational (5) Tag Location: 82 - Data Location: 242 - value: b'\x00\x00\x01,\x00\x00\x00\x01'
2025-03-11 11:42:46,216 - DEBUG -   tag: YResolution (283) - type: rational (5) Tag Location: 94 - Data Location: 250 - value: b'\x00\x00\x01,\x00\x00\x00\x01'
2025-03-11 11:42:46,216 - DEBUG -   tag: ResolutionUnit (296) - type: short (3) - value: b'\x00\x02'
2025-03-11 11:42:46,216 - DEBUG -   tag: Software (305) - type: string (2) Tag Location: 118 - Data Location: 258 - value: b'Adobe Photoshop CS Macintosh\x00'
2025-03-11 11:42:46,216 - DEBUG -   tag: DateTime (306) - type: string (2) Tag Location: 130 - Data Location: 288 - value: b'2014:07:02 12:45:48\x00'
2025-03-11 11:42:46,216 - DEBUG -   tag: Artist (315) - type: string (2) Tag Location: 142 - Data Location: 308 - value: b'Rob Deslongchamps\x00'
2025-03-11 11:42:46,217 - DEBUG -   tag: YCbCrPositioning (531) - type: short (3) - value: b'\x00\x01'
2025-03-11 11:42:46,217 - DEBUG -   tag: Copyright (33432) - type: string (2) Tag Location: 166 - Data Location: 326 - value: b'Cincinnati Art Museum\x00'
2025-03-11 11:42:46,217 - DEBUG -   tag: ExifIFD (34665) - type: long (4) - value: b'\x00\x00\x01\\'
2025-03-11 11:42:52,972 - DEBUG -   Completed channels analysis in 6.76s
2025-03-11 11:42:52,972 - INFO - [132.13s]   [132.13s]   Progress: 5/12 analysis steps completed (41.7%)
2025-03-11 11:42:52,972 - DEBUG -   Starting binwalk analysis...
2025-03-11 11:42:53,052 - DEBUG -   Completed binwalk analysis in 0.08s
2025-03-11 11:42:53,052 - INFO - [132.21s]   [132.21s]   Progress: 6/12 analysis steps completed (50.0%)
2025-03-11 11:42:53,052 - DEBUG -   Starting icc_profile analysis...
2025-03-11 11:42:53,053 - DEBUG -   tag: PhotometricInterpretation (262) - type: short (3) - value: b'\x00\x02'
2025-03-11 11:42:53,053 - DEBUG -   tag: ImageDescription (270) - type: string (2) Tag Location: 34 - Data Location: 182 - value: b'cam_1977.214\x00'
2025-03-11 11:42:53,053 - DEBUG -   tag: Make (271) - type: string (2) Tag Location: 46 - Data Location: 196 - value: b'Hasselblad\x00'
2025-03-11 11:42:53,053 - DEBUG -   tag: Model (272) - type: string (2) Tag Location: 58 - Data Location: 208 - value: <table: 33 bytes>
2025-03-11 11:42:53,053 - DEBUG -   tag: Orientation (274) - type: short (3) - value: b'\x00\x01'
2025-03-11 11:42:53,053 - DEBUG -   tag: XResolution (282) - type: rational (5) Tag Location: 82 - Data Location: 242 - value: b'\x00\x00\x01,\x00\x00\x00\x01'
2025-03-11 11:42:53,053 - DEBUG -   tag: YResolution (283) - type: rational (5) Tag Location: 94 - Data Location: 250 - value: b'\x00\x00\x01,\x00\x00\x00\x01'
2025-03-11 11:42:53,053 - DEBUG -   tag: ResolutionUnit (296) - type: short (3) - value: b'\x00\x02'
2025-03-11 11:42:53,053 - DEBUG -   tag: Software (305) - type: string (2) Tag Location: 118 - Data Location: 258 - value: b'Adobe Photoshop CS Macintosh\x00'
2025-03-11 11:42:53,053 - DEBUG -   tag: DateTime (306) - type: string (2) Tag Location: 130 - Data Location: 288 - value: b'2014:07:02 12:45:48\x00'
2025-03-11 11:42:53,053 - DEBUG -   tag: Artist (315) - type: string (2) Tag Location: 142 - Data Location: 308 - value: b'Rob Deslongchamps\x00'
2025-03-11 11:42:53,053 - DEBUG -   tag: YCbCrPositioning (531) - type: short (3) - value: b'\x00\x01'
2025-03-11 11:42:53,053 - DEBUG -   tag: Copyright (33432) - type: string (2) Tag Location: 166 - Data Location: 326 - value: b'Cincinnati Art Museum\x00'
2025-03-11 11:42:53,053 - DEBUG -   tag: ExifIFD (34665) - type: long (4) - value: b'\x00\x00\x01\\'
2025-03-11 11:42:53,053 - DEBUG -   Completed icc_profile analysis in 0.00s
2025-03-11 11:42:53,053 - INFO - [132.21s]   [132.21s]   Progress: 7/12 analysis steps completed (58.3%)
2025-03-11 11:42:53,053 - DEBUG -   Starting zip_signatures analysis...
2025-03-11 11:42:53,374 - DEBUG -   Completed zip_signatures analysis in 0.32s
2025-03-11 11:42:53,374 - INFO - [132.53s]   [132.53s]   Progress: 8/12 analysis steps completed (66.7%)
2025-03-11 11:42:53,374 - DEBUG -   Starting appended_data analysis...
2025-03-11 11:42:53,374 - INFO - [132.53s]   [132.53s]   Checking for appended data...
2025-03-11 11:42:53,374 - DEBUG -   Starting Reading file...
2025-03-11 11:42:53,375 - DEBUG -   Read 4,100,524 bytes
2025-03-11 11:42:53,375 - DEBUG -   Completed Reading file in 0.00s
2025-03-11 11:42:53,375 - DEBUG -   Starting Analyzing file format...
2025-03-11 11:42:53,621 - DEBUG -   Found 1 EOI markers
2025-03-11 11:42:53,621 - DEBUG -   Completed Analyzing file format in 0.25s
2025-03-11 11:42:53,621 - INFO - [132.78s]   [132.78s]   No appended data found
2025-03-11 11:42:53,622 - DEBUG -   Completed appended_data analysis in 0.25s
2025-03-11 11:42:53,622 - INFO - [132.78s]   [132.78s]   Progress: 9/12 analysis steps completed (75.0%)
2025-03-11 11:42:53,622 - DEBUG -   Starting histogram analysis...
2025-03-11 11:42:53,622 - DEBUG -   tag: PhotometricInterpretation (262) - type: short (3) - value: b'\x00\x02'
2025-03-11 11:42:53,622 - DEBUG -   tag: ImageDescription (270) - type: string (2) Tag Location: 34 - Data Location: 182 - value: b'cam_1977.214\x00'
2025-03-11 11:42:53,622 - DEBUG -   tag: Make (271) - type: string (2) Tag Location: 46 - Data Location: 196 - value: b'Hasselblad\x00'
2025-03-11 11:42:53,622 - DEBUG -   tag: Model (272) - type: string (2) Tag Location: 58 - Data Location: 208 - value: <table: 33 bytes>
2025-03-11 11:42:53,622 - DEBUG -   tag: Orientation (274) - type: short (3) - value: b'\x00\x01'
2025-03-11 11:42:53,622 - DEBUG -   tag: XResolution (282) - type: rational (5) Tag Location: 82 - Data Location: 242 - value: b'\x00\x00\x01,\x00\x00\x00\x01'
2025-03-11 11:42:53,622 - DEBUG -   tag: YResolution (283) - type: rational (5) Tag Location: 94 - Data Location: 250 - value: b'\x00\x00\x01,\x00\x00\x00\x01'
2025-03-11 11:42:53,622 - DEBUG -   tag: ResolutionUnit (296) - type: short (3) - value: b'\x00\x02'
2025-03-11 11:42:53,622 - DEBUG -   tag: Software (305) - type: string (2) Tag Location: 118 - Data Location: 258 - value: b'Adobe Photoshop CS Macintosh\x00'
2025-03-11 11:42:53,622 - DEBUG -   tag: DateTime (306) - type: string (2) Tag Location: 130 - Data Location: 288 - value: b'2014:07:02 12:45:48\x00'
2025-03-11 11:42:53,622 - DEBUG -   tag: Artist (315) - type: string (2) Tag Location: 142 - Data Location: 308 - value: b'Rob Deslongchamps\x00'
2025-03-11 11:42:53,622 - DEBUG -   tag: YCbCrPositioning (531) - type: short (3) - value: b'\x00\x01'
2025-03-11 11:42:53,622 - DEBUG -   tag: Copyright (33432) - type: string (2) Tag Location: 166 - Data Location: 326 - value: b'Cincinnati Art Museum\x00'
2025-03-11 11:42:53,622 - DEBUG -   tag: ExifIFD (34665) - type: long (4) - value: b'\x00\x00\x01\\'
2025-03-11 11:42:56,852 - DEBUG -   Completed histogram analysis in 3.23s
2025-03-11 11:42:56,853 - INFO - [136.01s]   [136.01s]   Progress: 10/12 analysis steps completed (83.3%)
2025-03-11 11:42:56,853 - DEBUG -   Starting jpeg_comments analysis...
2025-03-11 11:42:56,853 - INFO - [136.01s]   [136.01s]   Checking JPEG comment segments...
2025-03-11 11:42:56,853 - DEBUG -   Starting Reading JPEG file...
2025-03-11 11:42:56,854 - DEBUG -   Completed Reading JPEG file in 0.00s
2025-03-11 11:42:56,854 - DEBUG -   Starting Analyzing comment segments...
2025-03-11 11:42:57,107 - DEBUG -   Completed Analyzing comment segments in 0.25s
2025-03-11 11:42:57,107 - INFO - [136.27s]   [136.27s]   No suspicious patterns found in JPEG comments
2025-03-11 11:42:57,107 - DEBUG -   Completed jpeg_comments analysis in 0.25s
2025-03-11 11:42:57,107 - INFO - [136.27s]   [136.27s]   Progress: 11/12 analysis steps completed (91.7%)
2025-03-11 11:42:57,107 - DEBUG -   Starting large_metadata analysis...
2025-03-11 11:42:57,107 - INFO - [136.27s]   [136.27s]   Checking for large metadata fields...
2025-03-11 11:42:57,107 - DEBUG -   Starting Reading metadata...
2025-03-11 11:42:57,107 - DEBUG -   JPEG format recognized data[0:2]=0xFFD8
2025-03-11 11:42:57,107 - DEBUG -   data[2]=0xFF data[3]=0xE1 data[6:10]=b'Exif'
2025-03-11 11:42:57,107 - DEBUG -    Segment base 0x2
2025-03-11 11:42:57,107 - DEBUG -     APP1 at base 0x2
2025-03-11 11:42:57,107 - DEBUG -     Length: 0x2 0xFC
2025-03-11 11:42:57,107 - DEBUG -     Code: b'Exif'
2025-03-11 11:42:57,107 - DEBUG -     Decrement base by 2 to get to pre-segment header (for compatibility with later code)
2025-03-11 11:42:57,107 - DEBUG -   Endian format is M (Motorola)
2025-03-11 11:42:57,107 - DEBUG -   IFD 0 (Image) at offset 8:
2025-03-11 11:42:57,107 - DEBUG -    PhotometricInterpretation: (0x0106) Short=2 @ 18
2025-03-11 11:42:57,107 - DEBUG -    ImageDescription: (0x010E) ASCII=cam_1977.214 @ 182
2025-03-11 11:42:57,107 - DEBUG -    Make: (0x010F) ASCII=Hasselblad @ 196
2025-03-11 11:42:57,107 - DEBUG -    Model: (0x0110) ASCII=Hasselblad CF-39 - Hasselblad H2 @ 208
2025-03-11 11:42:57,107 - DEBUG -    Orientation: (0x0112) Short=Horizontal (normal) @ 66
2025-03-11 11:42:57,107 - DEBUG -    XResolution: (0x011A) Ratio=300 @ 242
2025-03-11 11:42:57,108 - DEBUG -    YResolution: (0x011B) Ratio=300 @ 250
2025-03-11 11:42:57,108 - DEBUG -    ResolutionUnit: (0x0128) Short=Pixels/Inch @ 102
2025-03-11 11:42:57,108 - DEBUG -    Software: (0x0131) ASCII=Adobe Photoshop CS Macintosh @ 258
2025-03-11 11:42:57,108 - DEBUG -    DateTime: (0x0132) ASCII=2014:07:02 12:45:48 @ 288
2025-03-11 11:42:57,108 - DEBUG -    Artist: (0x013B) ASCII=Rob Deslongchamps @ 308
2025-03-11 11:42:57,108 - DEBUG -    YCbCrPositioning: (0x0213) Short=Centered @ 150
2025-03-11 11:42:57,108 - DEBUG -    Copyright: (0x8298) ASCII=Cincinnati Art Museum @ 326
2025-03-11 11:42:57,108 - DEBUG -    ExifOffset: (0x8769) Long=348 @ 174
2025-03-11 11:42:57,108 - DEBUG -   Exif SubIFD at offset 348:
2025-03-11 11:42:57,108 - DEBUG -    ExposureTime: (0x829A) Ratio=9039/162454 @ 642
2025-03-11 11:42:57,108 - DEBUG -    FNumber: (0x829D) Ratio=36273/23920 @ 650
2025-03-11 11:42:57,108 - DEBUG -    ExposureProgram: (0x8822) Short=Manual @ 382
2025-03-11 11:42:57,108 - DEBUG -    ISOSpeedRatings: (0x8827) Short=50 @ 394
2025-03-11 11:42:57,108 - DEBUG -    ExifVersion: (0x9000) Undefined=0230 @ 406
2025-03-11 11:42:57,108 - DEBUG -    DateTimeOriginal: (0x9003) ASCII=2012:06:04 00:00:00 @ 658
2025-03-11 11:42:57,108 - DEBUG -    DateTimeDigitized: (0x9004) ASCII=2012:06:04 11:12:04 @ 678
2025-03-11 11:42:57,108 - DEBUG -    ComponentsConfiguration: (0x9101) Undefined=YCbCr @ 442
2025-03-11 11:42:57,108 - DEBUG -    ShutterSpeedValue: (0x9201) Signed Ratio=32087/34142 @ 698
2025-03-11 11:42:57,108 - DEBUG -    ApertureValue: (0x9202) Ratio=26791/11892 @ 706
2025-03-11 11:42:57,108 - DEBUG -    MaxApertureValue: (0x9205) Ratio=14756/33659 @ 714
2025-03-11 11:42:57,108 - DEBUG -    SubjectDistance: (0x9206) Ratio=18617/35644 @ 722
2025-03-11 11:42:57,108 - DEBUG -    MeteringMode: (0x9207) Short=CenterWeightedAverage @ 502
2025-03-11 11:42:57,108 - DEBUG -    Flash: (0x9209) Short=Flash did not fire @ 514
2025-03-11 11:42:57,108 - DEBUG -    FocalLength: (0x920A) Ratio=207955/12398 @ 730
2025-03-11 11:42:57,108 - DEBUG -    FlashPixVersion: (0xA000) Undefined=0100 @ 538
2025-03-11 11:42:57,108 - DEBUG -    ColorSpace: (0xA001) Short=Uncalibrated @ 550
2025-03-11 11:42:57,108 - DEBUG -    ExifImageWidth: (0xA002) Long=4774 @ 562
2025-03-11 11:42:57,108 - DEBUG -    ExifImageLength: (0xA003) Long=3597 @ 574
2025-03-11 11:42:57,108 - DEBUG -    FocalPlaneXResolution: (0xA20E) Ratio=20198/54503 @ 738
2025-03-11 11:42:57,108 - DEBUG -    FocalPlaneYResolution: (0xA20F) Ratio=457268/402785 @ 746
2025-03-11 11:42:57,108 - DEBUG -    FocalPlaneResolutionUnit: (0xA210) Short=3 @ 610
2025-03-11 11:42:57,108 - DEBUG -    FocalLengthIn35mmFilm: (0xA405) Short=84 @ 622
2025-03-11 11:42:57,108 - DEBUG -    SceneCaptureType: (0xA406) Short=Standard @ 634
2025-03-11 11:42:57,108 - DEBUG -   Found 38 metadata tags
2025-03-11 11:42:57,108 - DEBUG -   Completed Reading metadata in 0.00s
2025-03-11 11:42:57,108 - DEBUG -   Starting Analyzing metadata fields...
2025-03-11 11:42:57,108 - DEBUG -   Completed Analyzing metadata fields in 0.00s
2025-03-11 11:42:57,108 - INFO - [136.27s]   [136.27s]   No suspicious large metadata fields found
2025-03-11 11:42:57,108 - DEBUG -   Completed large_metadata analysis in 0.00s
2025-03-11 11:42:57,108 - INFO - [136.27s]   [136.27s]   Progress: 12/12 analysis steps completed (100.0%)
2025-03-11 11:42:57,108 - INFO - [136.27s]   [136.27s]   Analysis complete - 0 total findings
2025-03-11 11:42:57,108 - INFO - [136.27s]   [136.27s]   Completed Analyzing yews_8PM_3-10-25-8PM-5.jpg in 60.29s
2025-03-11 11:42:57,108 - INFO - [136.27s]   [136.27s]   Completed Analyzing yews_8PM_3-10-25-8PM-5.jpg in 60.29s
2025-03-11 11:42:57,108 - INFO - [136.27s]   [136.27s]   
Analyzing file 12/30: /Users/adam/Git/stego_tools/yews_images/yews_news/2025-03-11/yews_3PM_3-10-25-3PM-0.jpg
2025-03-11 11:42:57,108 - INFO - [136.27s]   [136.27s]   Starting Analyzing yews_3PM_3-10-25-3PM-0.jpg...
2025-03-11 11:42:57,108 - INFO - [136.27s]   [136.27s]   Starting Analyzing yews_3PM_3-10-25-3PM-0.jpg...
2025-03-11 11:42:57,108 - INFO - [136.27s]   [136.27s]   File size: 97,933 bytes
2025-03-11 11:42:57,108 - DEBUG -   Starting metadata analysis...
2025-03-11 11:42:57,108 - INFO - [136.27s]   [136.27s]   Checking metadata...
2025-03-11 11:42:57,109 - DEBUG -   Starting Reading EXIF data...
2025-03-11 11:42:57,110 - DEBUG -   JPEG format recognized data[0:2]=0xFFD8
2025-03-11 11:42:57,110 - DEBUG -   data[2]=0xFF data[3]=0xE1 data[6:10]=b'Exif'
2025-03-11 11:42:57,110 - DEBUG -    Segment base 0x2
2025-03-11 11:42:57,110 - DEBUG -     APP1 at base 0x2
2025-03-11 11:42:57,110 - DEBUG -     Length: 0x1 0x40
2025-03-11 11:42:57,110 - DEBUG -     Code: b'Exif'
2025-03-11 11:42:57,110 - DEBUG -     Decrement base by 2 to get to pre-segment header (for compatibility with later code)
2025-03-11 11:42:57,110 - DEBUG -   Endian format is M (Motorola)
2025-03-11 11:42:57,110 - DEBUG -   IFD 0 (Image) at offset 8:
2025-03-11 11:42:57,110 - DEBUG -    PhotometricInterpretation: (0x0106) Short=2 @ 18
2025-03-11 11:42:57,110 - DEBUG -    Orientation: (0x0112) Short=Horizontal (normal) @ 30
2025-03-11 11:42:57,110 - DEBUG -    XResolution: (0x011A) Ratio=3/100 @ 122
2025-03-11 11:42:57,110 - DEBUG -    YResolution: (0x011B) Ratio=3/100 @ 130
2025-03-11 11:42:57,110 - DEBUG -    ResolutionUnit: (0x0128) Short=Pixels/Inch @ 66
2025-03-11 11:42:57,110 - DEBUG -    Software: (0x0131) ASCII=Adobe Photoshop CS2 Macintosh @ 138
2025-03-11 11:42:57,110 - DEBUG -    DateTime: (0x0132) ASCII=2010:11:15 17:03:53 @ 168
2025-03-11 11:42:57,110 - DEBUG -    YCbCrPositioning: (0x0213) Short=Centered @ 102
2025-03-11 11:42:57,110 - DEBUG -    ExifOffset: (0x8769) Long=188 @ 114
2025-03-11 11:42:57,110 - DEBUG -   Exif SubIFD at offset 188:
2025-03-11 11:42:57,110 - DEBUG -    ExifVersion: (0x9000) Undefined=0221 @ 198
2025-03-11 11:42:57,110 - DEBUG -    DateTimeDigitized: (0x9004) ASCII=2010:11:15 17:03:51 @ 290
2025-03-11 11:42:57,110 - DEBUG -    ComponentsConfiguration: (0x9101) Undefined=YCbCr @ 222
2025-03-11 11:42:57,110 - DEBUG -    FlashPixVersion: (0xA000) Undefined=0100 @ 234
2025-03-11 11:42:57,110 - DEBUG -    ColorSpace: (0xA001) Short=Uncalibrated @ 246
2025-03-11 11:42:57,110 - DEBUG -    ExifImageWidth: (0xA002) Long=3903 @ 258
2025-03-11 11:42:57,110 - DEBUG -    ExifImageLength: (0xA003) Long=2569 @ 270
2025-03-11 11:42:57,110 - DEBUG -    SceneCaptureType: (0xA406) Short=Standard @ 282
2025-03-11 11:42:57,110 - DEBUG -   Found 17 EXIF tags
2025-03-11 11:42:57,110 - DEBUG -   Completed Reading EXIF data in 0.00s
2025-03-11 11:42:57,110 - DEBUG -   Starting Analyzing metadata content...
2025-03-11 11:42:57,110 - INFO - [136.27s]   [136.27s]   No suspicious patterns found in metadata
2025-03-11 11:42:57,111 - DEBUG -   Completed Analyzing metadata content in 0.00s
2025-03-11 11:42:57,111 - DEBUG -   Completed metadata analysis in 0.00s
2025-03-11 11:42:57,111 - INFO - [136.27s]   [136.27s]   Progress: 1/12 analysis steps completed (8.3%)
2025-03-11 11:42:57,111 - DEBUG -   Starting raw_bytes analysis...
2025-03-11 11:42:57,111 - INFO - [136.27s]   [136.27s]   Checking raw bytes...
2025-03-11 11:42:57,111 - DEBUG -   Starting Reading file content...
2025-03-11 11:42:57,111 - DEBUG -   Read 97,933 bytes
2025-03-11 11:42:57,111 - DEBUG -   Completed Reading file content in 0.00s
2025-03-11 11:42:57,111 - DEBUG -   Starting Analyzing ASCII content...
2025-03-11 11:42:57,112 - DEBUG -   Completed Analyzing ASCII content in 0.00s
2025-03-11 11:42:57,112 - DEBUG -   Starting Analyzing hex content...
2025-03-11 11:42:57,112 - DEBUG -   Completed Analyzing hex content in 0.00s
2025-03-11 11:42:57,112 - DEBUG -   Starting Checking base64 variants...
2025-03-11 11:42:57,112 - DEBUG -   Completed Checking base64 variants in 0.00s
2025-03-11 11:42:57,112 - DEBUG -   Starting Analyzing suspicious patterns...
2025-03-11 11:42:57,122 - WARNING - [136.28s]   [136.28s]   Suspicious substring in raw data: Steganography tool reference: f5
2025-03-11 11:42:57,122 - DEBUG -   Completed Analyzing suspicious patterns in 0.01s
2025-03-11 11:42:57,122 - INFO - [136.28s]   [136.28s]   Found 1 suspicious patterns in raw bytes
2025-03-11 11:42:57,122 - DEBUG -   Completed raw_bytes analysis in 0.01s
2025-03-11 11:42:57,122 - INFO - [136.28s]   [136.28s]   Progress: 2/12 analysis steps completed (16.7%)
2025-03-11 11:42:57,122 - DEBUG -   Starting binary_patterns analysis...
2025-03-11 11:42:57,208 - DEBUG -   Completed binary_patterns analysis in 0.09s
2025-03-11 11:42:57,208 - INFO - [136.37s]   [136.37s]   Progress: 3/12 analysis steps completed (25.0%)
2025-03-11 11:42:57,208 - DEBUG -   Starting lsb analysis...
2025-03-11 11:42:57,208 - DEBUG -   tag: PhotometricInterpretation (262) - type: short (3) - value: b'\x00\x02'
2025-03-11 11:42:57,208 - DEBUG -   tag: Orientation (274) - type: short (3) - value: b'\x00\x01'
2025-03-11 11:42:57,208 - DEBUG -   tag: XResolution (282) - type: rational (5) Tag Location: 46 - Data Location: 122 - value: b'\x00\x00\x00\x03\x00\x00\x00d'
2025-03-11 11:42:57,208 - DEBUG -   tag: YResolution (283) - type: rational (5) Tag Location: 58 - Data Location: 130 - value: b'\x00\x00\x00\x03\x00\x00\x00d'
2025-03-11 11:42:57,208 - DEBUG -   tag: ResolutionUnit (296) - type: short (3) - value: b'\x00\x02'
2025-03-11 11:42:57,208 - DEBUG -   tag: Software (305) - type: string (2) Tag Location: 82 - Data Location: 138 - value: b'Adobe Photoshop CS2 Macintosh\x00'
2025-03-11 11:42:57,208 - DEBUG -   tag: DateTime (306) - type: string (2) Tag Location: 94 - Data Location: 168 - value: b'2010:11:15 17:03:53\x00'
2025-03-11 11:42:57,208 - DEBUG -   tag: YCbCrPositioning (531) - type: short (3) - value: b'\x00\x01'
2025-03-11 11:42:57,208 - DEBUG -   tag: ExifIFD (34665) - type: long (4) - value: b'\x00\x00\x00\xbc'
2025-03-11 11:42:57,691 - DEBUG -   Completed lsb analysis in 0.48s
2025-03-11 11:42:57,691 - INFO - [136.85s]   [136.85s]   Progress: 4/12 analysis steps completed (33.3%)
2025-03-11 11:42:57,691 - DEBUG -   Starting channels analysis...
2025-03-11 11:42:57,691 - DEBUG -   tag: PhotometricInterpretation (262) - type: short (3) - value: b'\x00\x02'
2025-03-11 11:42:57,691 - DEBUG -   tag: Orientation (274) - type: short (3) - value: b'\x00\x01'
2025-03-11 11:42:57,691 - DEBUG -   tag: XResolution (282) - type: rational (5) Tag Location: 46 - Data Location: 122 - value: b'\x00\x00\x00\x03\x00\x00\x00d'
2025-03-11 11:42:57,691 - DEBUG -   tag: YResolution (283) - type: rational (5) Tag Location: 58 - Data Location: 130 - value: b'\x00\x00\x00\x03\x00\x00\x00d'
2025-03-11 11:42:57,691 - DEBUG -   tag: ResolutionUnit (296) - type: short (3) - value: b'\x00\x02'
2025-03-11 11:42:57,691 - DEBUG -   tag: Software (305) - type: string (2) Tag Location: 82 - Data Location: 138 - value: b'Adobe Photoshop CS2 Macintosh\x00'
2025-03-11 11:42:57,691 - DEBUG -   tag: DateTime (306) - type: string (2) Tag Location: 94 - Data Location: 168 - value: b'2010:11:15 17:03:53\x00'
2025-03-11 11:42:57,691 - DEBUG -   tag: YCbCrPositioning (531) - type: short (3) - value: b'\x00\x01'
2025-03-11 11:42:57,691 - DEBUG -   tag: ExifIFD (34665) - type: long (4) - value: b'\x00\x00\x00\xbc'
2025-03-11 11:42:57,767 - DEBUG -   Completed channels analysis in 0.08s
2025-03-11 11:42:57,767 - INFO - [136.93s]   [136.93s]   Progress: 5/12 analysis steps completed (41.7%)
2025-03-11 11:42:57,767 - DEBUG -   Starting binwalk analysis...
2025-03-11 11:42:57,801 - DEBUG -   Completed binwalk analysis in 0.03s
2025-03-11 11:42:57,801 - INFO - [136.96s]   [136.96s]   Progress: 6/12 analysis steps completed (50.0%)
2025-03-11 11:42:57,801 - DEBUG -   Starting icc_profile analysis...
2025-03-11 11:42:57,802 - DEBUG -   tag: PhotometricInterpretation (262) - type: short (3) - value: b'\x00\x02'
2025-03-11 11:42:57,802 - DEBUG -   tag: Orientation (274) - type: short (3) - value: b'\x00\x01'
2025-03-11 11:42:57,802 - DEBUG -   tag: XResolution (282) - type: rational (5) Tag Location: 46 - Data Location: 122 - value: b'\x00\x00\x00\x03\x00\x00\x00d'
2025-03-11 11:42:57,802 - DEBUG -   tag: YResolution (283) - type: rational (5) Tag Location: 58 - Data Location: 130 - value: b'\x00\x00\x00\x03\x00\x00\x00d'
2025-03-11 11:42:57,802 - DEBUG -   tag: ResolutionUnit (296) - type: short (3) - value: b'\x00\x02'
2025-03-11 11:42:57,802 - DEBUG -   tag: Software (305) - type: string (2) Tag Location: 82 - Data Location: 138 - value: b'Adobe Photoshop CS2 Macintosh\x00'
2025-03-11 11:42:57,802 - DEBUG -   tag: DateTime (306) - type: string (2) Tag Location: 94 - Data Location: 168 - value: b'2010:11:15 17:03:53\x00'
2025-03-11 11:42:57,802 - DEBUG -   tag: YCbCrPositioning (531) - type: short (3) - value: b'\x00\x01'
2025-03-11 11:42:57,802 - DEBUG -   tag: ExifIFD (34665) - type: long (4) - value: b'\x00\x00\x00\xbc'
2025-03-11 11:42:57,802 - DEBUG -   Completed icc_profile analysis in 0.00s
2025-03-11 11:42:57,802 - INFO - [136.96s]   [136.96s]   Progress: 7/12 analysis steps completed (58.3%)
2025-03-11 11:42:57,802 - DEBUG -   Starting zip_signatures analysis...
2025-03-11 11:42:57,810 - DEBUG -   Completed zip_signatures analysis in 0.01s
2025-03-11 11:42:57,810 - INFO - [136.97s]   [136.97s]   Progress: 8/12 analysis steps completed (66.7%)
2025-03-11 11:42:57,810 - DEBUG -   Starting appended_data analysis...
2025-03-11 11:42:57,810 - INFO - [136.97s]   [136.97s]   Checking for appended data...
2025-03-11 11:42:57,810 - DEBUG -   Starting Reading file...
2025-03-11 11:42:57,810 - DEBUG -   Read 97,933 bytes
2025-03-11 11:42:57,810 - DEBUG -   Completed Reading file in 0.00s
2025-03-11 11:42:57,810 - DEBUG -   Starting Analyzing file format...
2025-03-11 11:42:57,816 - DEBUG -   Found 1 EOI markers
2025-03-11 11:42:57,816 - DEBUG -   Completed Analyzing file format in 0.01s
2025-03-11 11:42:57,816 - INFO - [136.98s]   [136.98s]   No appended data found
2025-03-11 11:42:57,816 - DEBUG -   Completed appended_data analysis in 0.01s
2025-03-11 11:42:57,816 - INFO - [136.98s]   [136.98s]   Progress: 9/12 analysis steps completed (75.0%)
2025-03-11 11:42:57,816 - DEBUG -   Starting histogram analysis...
2025-03-11 11:42:57,817 - DEBUG -   tag: PhotometricInterpretation (262) - type: short (3) - value: b'\x00\x02'
2025-03-11 11:42:57,817 - DEBUG -   tag: Orientation (274) - type: short (3) - value: b'\x00\x01'
2025-03-11 11:42:57,817 - DEBUG -   tag: XResolution (282) - type: rational (5) Tag Location: 46 - Data Location: 122 - value: b'\x00\x00\x00\x03\x00\x00\x00d'
2025-03-11 11:42:57,817 - DEBUG -   tag: YResolution (283) - type: rational (5) Tag Location: 58 - Data Location: 130 - value: b'\x00\x00\x00\x03\x00\x00\x00d'
2025-03-11 11:42:57,817 - DEBUG -   tag: ResolutionUnit (296) - type: short (3) - value: b'\x00\x02'
2025-03-11 11:42:57,817 - DEBUG -   tag: Software (305) - type: string (2) Tag Location: 82 - Data Location: 138 - value: b'Adobe Photoshop CS2 Macintosh\x00'
2025-03-11 11:42:57,817 - DEBUG -   tag: DateTime (306) - type: string (2) Tag Location: 94 - Data Location: 168 - value: b'2010:11:15 17:03:53\x00'
2025-03-11 11:42:57,817 - DEBUG -   tag: YCbCrPositioning (531) - type: short (3) - value: b'\x00\x01'
2025-03-11 11:42:57,817 - DEBUG -   tag: ExifIFD (34665) - type: long (4) - value: b'\x00\x00\x00\xbc'
2025-03-11 11:42:57,848 - DEBUG -   Completed histogram analysis in 0.03s
2025-03-11 11:42:57,848 - INFO - [137.01s]   [137.01s]   Progress: 10/12 analysis steps completed (83.3%)
2025-03-11 11:42:57,848 - DEBUG -   Starting jpeg_comments analysis...
2025-03-11 11:42:57,848 - INFO - [137.01s]   [137.01s]   Checking JPEG comment segments...
2025-03-11 11:42:57,848 - DEBUG -   Starting Reading JPEG file...
2025-03-11 11:42:57,849 - DEBUG -   Completed Reading JPEG file in 0.00s
2025-03-11 11:42:57,849 - DEBUG -   Starting Analyzing comment segments...
2025-03-11 11:42:57,855 - DEBUG -   Completed Analyzing comment segments in 0.01s
2025-03-11 11:42:57,855 - INFO - [137.02s]   [137.02s]   No suspicious patterns found in JPEG comments
2025-03-11 11:42:57,855 - DEBUG -   Completed jpeg_comments analysis in 0.01s
2025-03-11 11:42:57,855 - INFO - [137.02s]   [137.02s]   Progress: 11/12 analysis steps completed (91.7%)
2025-03-11 11:42:57,855 - DEBUG -   Starting large_metadata analysis...
2025-03-11 11:42:57,855 - INFO - [137.02s]   [137.02s]   Checking for large metadata fields...
2025-03-11 11:42:57,855 - DEBUG -   Starting Reading metadata...
2025-03-11 11:42:57,855 - DEBUG -   JPEG format recognized data[0:2]=0xFFD8
2025-03-11 11:42:57,855 - DEBUG -   data[2]=0xFF data[3]=0xE1 data[6:10]=b'Exif'
2025-03-11 11:42:57,855 - DEBUG -    Segment base 0x2
2025-03-11 11:42:57,855 - DEBUG -     APP1 at base 0x2
2025-03-11 11:42:57,855 - DEBUG -     Length: 0x1 0x40
2025-03-11 11:42:57,855 - DEBUG -     Code: b'Exif'
2025-03-11 11:42:57,855 - DEBUG -     Decrement base by 2 to get to pre-segment header (for compatibility with later code)
2025-03-11 11:42:57,855 - DEBUG -   Endian format is M (Motorola)
2025-03-11 11:42:57,855 - DEBUG -   IFD 0 (Image) at offset 8:
2025-03-11 11:42:57,855 - DEBUG -    PhotometricInterpretation: (0x0106) Short=2 @ 18
2025-03-11 11:42:57,855 - DEBUG -    Orientation: (0x0112) Short=Horizontal (normal) @ 30
2025-03-11 11:42:57,855 - DEBUG -    XResolution: (0x011A) Ratio=3/100 @ 122
2025-03-11 11:42:57,855 - DEBUG -    YResolution: (0x011B) Ratio=3/100 @ 130
2025-03-11 11:42:57,855 - DEBUG -    ResolutionUnit: (0x0128) Short=Pixels/Inch @ 66
2025-03-11 11:42:57,855 - DEBUG -    Software: (0x0131) ASCII=Adobe Photoshop CS2 Macintosh @ 138
2025-03-11 11:42:57,855 - DEBUG -    DateTime: (0x0132) ASCII=2010:11:15 17:03:53 @ 168
2025-03-11 11:42:57,855 - DEBUG -    YCbCrPositioning: (0x0213) Short=Centered @ 102
2025-03-11 11:42:57,855 - DEBUG -    ExifOffset: (0x8769) Long=188 @ 114
2025-03-11 11:42:57,855 - DEBUG -   Exif SubIFD at offset 188:
2025-03-11 11:42:57,855 - DEBUG -    ExifVersion: (0x9000) Undefined=0221 @ 198
2025-03-11 11:42:57,855 - DEBUG -    DateTimeDigitized: (0x9004) ASCII=2010:11:15 17:03:51 @ 290
2025-03-11 11:42:57,855 - DEBUG -    ComponentsConfiguration: (0x9101) Undefined=YCbCr @ 222
2025-03-11 11:42:57,855 - DEBUG -    FlashPixVersion: (0xA000) Undefined=0100 @ 234
2025-03-11 11:42:57,855 - DEBUG -    ColorSpace: (0xA001) Short=Uncalibrated @ 246
2025-03-11 11:42:57,855 - DEBUG -    ExifImageWidth: (0xA002) Long=3903 @ 258
2025-03-11 11:42:57,855 - DEBUG -    ExifImageLength: (0xA003) Long=2569 @ 270
2025-03-11 11:42:57,855 - DEBUG -    SceneCaptureType: (0xA406) Short=Standard @ 282
2025-03-11 11:42:57,855 - DEBUG -   Found 17 metadata tags
2025-03-11 11:42:57,855 - DEBUG -   Completed Reading metadata in 0.00s
2025-03-11 11:42:57,855 - DEBUG -   Starting Analyzing metadata fields...
2025-03-11 11:42:57,855 - DEBUG -   Completed Analyzing metadata fields in 0.00s
2025-03-11 11:42:57,855 - INFO - [137.02s]   [137.02s]   No suspicious large metadata fields found
2025-03-11 11:42:57,855 - DEBUG -   Completed large_metadata analysis in 0.00s
2025-03-11 11:42:57,855 - INFO - [137.02s]   [137.02s]   Progress: 12/12 analysis steps completed (100.0%)
2025-03-11 11:42:57,855 - INFO - [137.02s]   [137.02s]   Analysis complete - 0 total findings
2025-03-11 11:42:57,855 - INFO - [137.02s]   [137.02s]   Completed Analyzing yews_3PM_3-10-25-3PM-0.jpg in 0.75s
2025-03-11 11:42:57,855 - INFO - [137.02s]   [137.02s]   Completed Analyzing yews_3PM_3-10-25-3PM-0.jpg in 0.75s
2025-03-11 11:42:57,856 - INFO - [137.02s]   [137.02s]   
Analyzing file 13/30: /Users/adam/Git/stego_tools/yews_images/yews_news/2025-03-11/yews_3PM_3-10-25-3PM-2.jpg
2025-03-11 11:42:57,856 - INFO - [137.02s]   [137.02s]   Starting Analyzing yews_3PM_3-10-25-3PM-2.jpg...
2025-03-11 11:42:57,856 - INFO - [137.02s]   [137.02s]   Starting Analyzing yews_3PM_3-10-25-3PM-2.jpg...
2025-03-11 11:42:57,856 - INFO - [137.02s]   [137.02s]   File size: 1,311,941 bytes
2025-03-11 11:42:57,856 - DEBUG -   Starting metadata analysis...
2025-03-11 11:42:57,856 - INFO - [137.02s]   [137.02s]   Checking metadata...
2025-03-11 11:42:57,856 - DEBUG -   Starting Reading EXIF data...
2025-03-11 11:42:57,857 - DEBUG -   JPEG format recognized data[0:2]=0xFFD8
2025-03-11 11:42:57,857 - DEBUG -   data[2]=0xFF data[3]=0xE1 data[6:10]=b'Exif'
2025-03-11 11:42:57,857 - DEBUG -    Segment base 0x2
2025-03-11 11:42:57,857 - DEBUG -     APP1 at base 0x2
2025-03-11 11:42:57,857 - DEBUG -     Length: 0x1 0xC
2025-03-11 11:42:57,857 - DEBUG -     Code: b'Exif'
2025-03-11 11:42:57,857 - DEBUG -     Decrement base by 2 to get to pre-segment header (for compatibility with later code)
2025-03-11 11:42:57,857 - DEBUG -   Endian format is M (Motorola)
2025-03-11 11:42:57,857 - DEBUG -   IFD 0 (Image) at offset 8:
2025-03-11 11:42:57,857 - DEBUG -    Orientation: (0x0112) Short=Horizontal (normal) @ 18
2025-03-11 11:42:57,857 - DEBUG -    XResolution: (0x011A) Ratio=72 @ 110
2025-03-11 11:42:57,857 - DEBUG -    YResolution: (0x011B) Ratio=72 @ 118
2025-03-11 11:42:57,857 - DEBUG -    ResolutionUnit: (0x0128) Short=Pixels/Inch @ 54
2025-03-11 11:42:57,857 - DEBUG -    Artist: (0x013B) ASCII=Howard Agriesti @ 126
2025-03-11 11:42:57,857 - DEBUG -    YCbCrPositioning: (0x0213) Short=Centered @ 78
2025-03-11 11:42:57,857 - DEBUG -    Copyright: (0x8298) ASCII=©Cleveland Museum of Art @ 142
2025-03-11 11:42:57,857 - DEBUG -    ExifOffset: (0x8769) Long=168 @ 102
2025-03-11 11:42:57,857 - DEBUG -   Exif SubIFD at offset 168:
2025-03-11 11:42:57,857 - DEBUG -    ExifVersion: (0x9000) Undefined=0221 @ 178
2025-03-11 11:42:57,857 - DEBUG -    ComponentsConfiguration: (0x9101) Undefined=YCbCr @ 190
2025-03-11 11:42:57,857 - DEBUG -    FlashPixVersion: (0xA000) Undefined=0100 @ 202
2025-03-11 11:42:57,857 - DEBUG -    ColorSpace: (0xA001) Short=sRGB @ 214
2025-03-11 11:42:57,857 - DEBUG -    ExifImageWidth: (0xA002) Long=1280 @ 226
2025-03-11 11:42:57,857 - DEBUG -    ExifImageLength: (0xA003) Long=1849 @ 238
2025-03-11 11:42:57,857 - DEBUG -    SceneCaptureType: (0xA406) Short=Standard @ 250
2025-03-11 11:42:57,857 - DEBUG -   Found 15 EXIF tags
2025-03-11 11:42:57,857 - DEBUG -   Completed Reading EXIF data in 0.00s
2025-03-11 11:42:57,857 - DEBUG -   Starting Analyzing metadata content...
2025-03-11 11:42:57,857 - INFO - [137.02s]   [137.02s]   No suspicious patterns found in metadata
2025-03-11 11:42:57,857 - DEBUG -   Completed Analyzing metadata content in 0.00s
2025-03-11 11:42:57,857 - DEBUG -   Completed metadata analysis in 0.00s
2025-03-11 11:42:57,857 - INFO - [137.02s]   [137.02s]   Progress: 1/12 analysis steps completed (8.3%)
2025-03-11 11:42:57,857 - DEBUG -   Starting raw_bytes analysis...
2025-03-11 11:42:57,857 - INFO - [137.02s]   [137.02s]   Checking raw bytes...
2025-03-11 11:42:57,857 - DEBUG -   Starting Reading file content...
2025-03-11 11:42:57,858 - DEBUG -   Read 1,311,941 bytes
2025-03-11 11:42:57,858 - DEBUG -   Completed Reading file content in 0.00s
2025-03-11 11:42:57,858 - DEBUG -   Starting Analyzing ASCII content...
2025-03-11 11:42:57,867 - DEBUG -   Completed Analyzing ASCII content in 0.01s
2025-03-11 11:42:57,867 - DEBUG -   Starting Analyzing hex content...
2025-03-11 11:42:57,871 - DEBUG -   Completed Analyzing hex content in 0.00s
2025-03-11 11:42:57,871 - DEBUG -   Starting Checking base64 variants...
2025-03-11 11:42:57,875 - DEBUG -   Completed Checking base64 variants in 0.00s
2025-03-11 11:42:57,875 - DEBUG -   Starting Analyzing suspicious patterns...
2025-03-11 11:42:57,997 - WARNING - [137.16s]   [137.16s]   Suspicious substring in raw data: Steganography tool reference: f5
2025-03-11 11:42:57,997 - DEBUG -   Completed Analyzing suspicious patterns in 0.12s
2025-03-11 11:42:57,997 - INFO - [137.16s]   [137.16s]   Found 1 suspicious patterns in raw bytes
2025-03-11 11:42:57,997 - DEBUG -   Completed raw_bytes analysis in 0.14s
2025-03-11 11:42:57,997 - INFO - [137.16s]   [137.16s]   Progress: 2/12 analysis steps completed (16.7%)
2025-03-11 11:42:57,997 - DEBUG -   Starting binary_patterns analysis...
2025-03-11 11:42:59,143 - DEBUG -   Completed binary_patterns analysis in 1.15s
2025-03-11 11:42:59,143 - INFO - [138.30s]   [138.30s]   Progress: 3/12 analysis steps completed (25.0%)
2025-03-11 11:42:59,143 - DEBUG -   Starting lsb analysis...
2025-03-11 11:42:59,143 - DEBUG -   tag: Orientation (274) - type: short (3) - value: b'\x00\x01'
2025-03-11 11:42:59,143 - DEBUG -   tag: XResolution (282) - type: rational (5) Tag Location: 34 - Data Location: 110 - value: b'\x00\x00\x00H\x00\x00\x00\x01'
2025-03-11 11:42:59,143 - DEBUG -   tag: YResolution (283) - type: rational (5) Tag Location: 46 - Data Location: 118 - value: b'\x00\x00\x00H\x00\x00\x00\x01'
2025-03-11 11:42:59,143 - DEBUG -   tag: ResolutionUnit (296) - type: short (3) - value: b'\x00\x02'
2025-03-11 11:42:59,143 - DEBUG -   tag: Artist (315) - type: string (2) Tag Location: 70 - Data Location: 126 - value: b'Howard Agriesti\x00'
2025-03-11 11:42:59,143 - DEBUG -   tag: YCbCrPositioning (531) - type: short (3) - value: b'\x00\x01'
2025-03-11 11:42:59,143 - DEBUG -   tag: Copyright (33432) - type: string (2) Tag Location: 94 - Data Location: 142 - value: b'\xc2\xa9Cleveland Museum of Art\x00'
2025-03-11 11:42:59,143 - DEBUG -   tag: ExifIFD (34665) - type: long (4) - value: b'\x00\x00\x00\xa8'
2025-03-11 11:43:06,149 - DEBUG -   Completed lsb analysis in 7.01s
2025-03-11 11:43:06,149 - INFO - [145.31s]   [145.31s]   Progress: 4/12 analysis steps completed (33.3%)
2025-03-11 11:43:06,149 - DEBUG -   Starting channels analysis...
2025-03-11 11:43:06,150 - DEBUG -   tag: Orientation (274) - type: short (3) - value: b'\x00\x01'
2025-03-11 11:43:06,150 - DEBUG -   tag: XResolution (282) - type: rational (5) Tag Location: 34 - Data Location: 110 - value: b'\x00\x00\x00H\x00\x00\x00\x01'
2025-03-11 11:43:06,150 - DEBUG -   tag: YResolution (283) - type: rational (5) Tag Location: 46 - Data Location: 118 - value: b'\x00\x00\x00H\x00\x00\x00\x01'
2025-03-11 11:43:06,150 - DEBUG -   tag: ResolutionUnit (296) - type: short (3) - value: b'\x00\x02'
2025-03-11 11:43:06,150 - DEBUG -   tag: Artist (315) - type: string (2) Tag Location: 70 - Data Location: 126 - value: b'Howard Agriesti\x00'
2025-03-11 11:43:06,150 - DEBUG -   tag: YCbCrPositioning (531) - type: short (3) - value: b'\x00\x01'
2025-03-11 11:43:06,150 - DEBUG -   tag: Copyright (33432) - type: string (2) Tag Location: 94 - Data Location: 142 - value: b'\xc2\xa9Cleveland Museum of Art\x00'
2025-03-11 11:43:06,150 - DEBUG -   tag: ExifIFD (34665) - type: long (4) - value: b'\x00\x00\x00\xa8'
2025-03-11 11:43:07,198 - DEBUG -   Completed channels analysis in 1.05s
2025-03-11 11:43:07,198 - INFO - [146.36s]   [146.36s]   Progress: 5/12 analysis steps completed (41.7%)
2025-03-11 11:43:07,198 - DEBUG -   Starting binwalk analysis...
2025-03-11 11:43:07,222 - DEBUG -   Completed binwalk analysis in 0.02s
2025-03-11 11:43:07,222 - INFO - [146.38s]   [146.38s]   Progress: 6/12 analysis steps completed (50.0%)
2025-03-11 11:43:07,222 - DEBUG -   Starting icc_profile analysis...
2025-03-11 11:43:07,222 - DEBUG -   tag: Orientation (274) - type: short (3) - value: b'\x00\x01'
2025-03-11 11:43:07,222 - DEBUG -   tag: XResolution (282) - type: rational (5) Tag Location: 34 - Data Location: 110 - value: b'\x00\x00\x00H\x00\x00\x00\x01'
2025-03-11 11:43:07,222 - DEBUG -   tag: YResolution (283) - type: rational (5) Tag Location: 46 - Data Location: 118 - value: b'\x00\x00\x00H\x00\x00\x00\x01'
2025-03-11 11:43:07,222 - DEBUG -   tag: ResolutionUnit (296) - type: short (3) - value: b'\x00\x02'
2025-03-11 11:43:07,223 - DEBUG -   tag: Artist (315) - type: string (2) Tag Location: 70 - Data Location: 126 - value: b'Howard Agriesti\x00'
2025-03-11 11:43:07,223 - DEBUG -   tag: YCbCrPositioning (531) - type: short (3) - value: b'\x00\x01'
2025-03-11 11:43:07,223 - DEBUG -   tag: Copyright (33432) - type: string (2) Tag Location: 94 - Data Location: 142 - value: b'\xc2\xa9Cleveland Museum of Art\x00'
2025-03-11 11:43:07,223 - DEBUG -   tag: ExifIFD (34665) - type: long (4) - value: b'\x00\x00\x00\xa8'
2025-03-11 11:43:07,223 - DEBUG -   Completed icc_profile analysis in 0.00s
2025-03-11 11:43:07,223 - INFO - [146.38s]   [146.38s]   Progress: 7/12 analysis steps completed (58.3%)
2025-03-11 11:43:07,223 - DEBUG -   Starting zip_signatures analysis...
2025-03-11 11:43:07,325 - DEBUG -   Completed zip_signatures analysis in 0.10s
2025-03-11 11:43:07,325 - INFO - [146.49s]   [146.49s]   Progress: 8/12 analysis steps completed (66.7%)
2025-03-11 11:43:07,325 - DEBUG -   Starting appended_data analysis...
2025-03-11 11:43:07,325 - INFO - [146.49s]   [146.49s]   Checking for appended data...
2025-03-11 11:43:07,325 - DEBUG -   Starting Reading file...
2025-03-11 11:43:07,325 - DEBUG -   Read 1,311,941 bytes
2025-03-11 11:43:07,325 - DEBUG -   Completed Reading file in 0.00s
2025-03-11 11:43:07,325 - DEBUG -   Starting Analyzing file format...
2025-03-11 11:43:07,405 - DEBUG -   Found 1 EOI markers
2025-03-11 11:43:07,405 - DEBUG -   Completed Analyzing file format in 0.08s
2025-03-11 11:43:07,405 - INFO - [146.57s]   [146.57s]   No appended data found
2025-03-11 11:43:07,405 - DEBUG -   Completed appended_data analysis in 0.08s
2025-03-11 11:43:07,405 - INFO - [146.57s]   [146.57s]   Progress: 9/12 analysis steps completed (75.0%)
2025-03-11 11:43:07,405 - DEBUG -   Starting histogram analysis...
2025-03-11 11:43:07,405 - DEBUG -   tag: Orientation (274) - type: short (3) - value: b'\x00\x01'
2025-03-11 11:43:07,405 - DEBUG -   tag: XResolution (282) - type: rational (5) Tag Location: 34 - Data Location: 110 - value: b'\x00\x00\x00H\x00\x00\x00\x01'
2025-03-11 11:43:07,406 - DEBUG -   tag: YResolution (283) - type: rational (5) Tag Location: 46 - Data Location: 118 - value: b'\x00\x00\x00H\x00\x00\x00\x01'
2025-03-11 11:43:07,406 - DEBUG -   tag: ResolutionUnit (296) - type: short (3) - value: b'\x00\x02'
2025-03-11 11:43:07,406 - DEBUG -   tag: Artist (315) - type: string (2) Tag Location: 70 - Data Location: 126 - value: b'Howard Agriesti\x00'
2025-03-11 11:43:07,406 - DEBUG -   tag: YCbCrPositioning (531) - type: short (3) - value: b'\x00\x01'
2025-03-11 11:43:07,406 - DEBUG -   tag: Copyright (33432) - type: string (2) Tag Location: 94 - Data Location: 142 - value: b'\xc2\xa9Cleveland Museum of Art\x00'
2025-03-11 11:43:07,406 - DEBUG -   tag: ExifIFD (34665) - type: long (4) - value: b'\x00\x00\x00\xa8'
2025-03-11 11:43:07,908 - DEBUG -   Completed histogram analysis in 0.50s
2025-03-11 11:43:07,908 - INFO - [147.07s]   [147.07s]   Progress: 10/12 analysis steps completed (83.3%)
2025-03-11 11:43:07,908 - DEBUG -   Starting jpeg_comments analysis...
2025-03-11 11:43:07,908 - INFO - [147.07s]   [147.07s]   Checking JPEG comment segments...
2025-03-11 11:43:07,908 - DEBUG -   Starting Reading JPEG file...
2025-03-11 11:43:07,909 - DEBUG -   Completed Reading JPEG file in 0.00s
2025-03-11 11:43:07,909 - DEBUG -   Starting Analyzing comment segments...
2025-03-11 11:43:07,990 - DEBUG -   Completed Analyzing comment segments in 0.08s
2025-03-11 11:43:07,990 - INFO - [147.15s]   [147.15s]   No suspicious patterns found in JPEG comments
2025-03-11 11:43:07,990 - DEBUG -   Completed jpeg_comments analysis in 0.08s
2025-03-11 11:43:07,990 - INFO - [147.15s]   [147.15s]   Progress: 11/12 analysis steps completed (91.7%)
2025-03-11 11:43:07,990 - DEBUG -   Starting large_metadata analysis...
2025-03-11 11:43:07,990 - INFO - [147.15s]   [147.15s]   Checking for large metadata fields...
2025-03-11 11:43:07,990 - DEBUG -   Starting Reading metadata...
2025-03-11 11:43:07,990 - DEBUG -   JPEG format recognized data[0:2]=0xFFD8
2025-03-11 11:43:07,990 - DEBUG -   data[2]=0xFF data[3]=0xE1 data[6:10]=b'Exif'
2025-03-11 11:43:07,990 - DEBUG -    Segment base 0x2
2025-03-11 11:43:07,990 - DEBUG -     APP1 at base 0x2
2025-03-11 11:43:07,990 - DEBUG -     Length: 0x1 0xC
2025-03-11 11:43:07,990 - DEBUG -     Code: b'Exif'
2025-03-11 11:43:07,990 - DEBUG -     Decrement base by 2 to get to pre-segment header (for compatibility with later code)
2025-03-11 11:43:07,990 - DEBUG -   Endian format is M (Motorola)
2025-03-11 11:43:07,990 - DEBUG -   IFD 0 (Image) at offset 8:
2025-03-11 11:43:07,990 - DEBUG -    Orientation: (0x0112) Short=Horizontal (normal) @ 18
2025-03-11 11:43:07,990 - DEBUG -    XResolution: (0x011A) Ratio=72 @ 110
2025-03-11 11:43:07,990 - DEBUG -    YResolution: (0x011B) Ratio=72 @ 118
2025-03-11 11:43:07,990 - DEBUG -    ResolutionUnit: (0x0128) Short=Pixels/Inch @ 54
2025-03-11 11:43:07,990 - DEBUG -    Artist: (0x013B) ASCII=Howard Agriesti @ 126
2025-03-11 11:43:07,990 - DEBUG -    YCbCrPositioning: (0x0213) Short=Centered @ 78
2025-03-11 11:43:07,990 - DEBUG -    Copyright: (0x8298) ASCII=©Cleveland Museum of Art @ 142
2025-03-11 11:43:07,990 - DEBUG -    ExifOffset: (0x8769) Long=168 @ 102
2025-03-11 11:43:07,990 - DEBUG -   Exif SubIFD at offset 168:
2025-03-11 11:43:07,990 - DEBUG -    ExifVersion: (0x9000) Undefined=0221 @ 178
2025-03-11 11:43:07,990 - DEBUG -    ComponentsConfiguration: (0x9101) Undefined=YCbCr @ 190
2025-03-11 11:43:07,990 - DEBUG -    FlashPixVersion: (0xA000) Undefined=0100 @ 202
2025-03-11 11:43:07,990 - DEBUG -    ColorSpace: (0xA001) Short=sRGB @ 214
2025-03-11 11:43:07,990 - DEBUG -    ExifImageWidth: (0xA002) Long=1280 @ 226
2025-03-11 11:43:07,990 - DEBUG -    ExifImageLength: (0xA003) Long=1849 @ 238
2025-03-11 11:43:07,990 - DEBUG -    SceneCaptureType: (0xA406) Short=Standard @ 250
2025-03-11 11:43:07,991 - DEBUG -   Found 15 metadata tags
2025-03-11 11:43:07,991 - DEBUG -   Completed Reading metadata in 0.00s
2025-03-11 11:43:07,991 - DEBUG -   Starting Analyzing metadata fields...
2025-03-11 11:43:07,991 - DEBUG -   Completed Analyzing metadata fields in 0.00s
2025-03-11 11:43:07,991 - INFO - [147.15s]   [147.15s]   No suspicious large metadata fields found
2025-03-11 11:43:07,991 - DEBUG -   Completed large_metadata analysis in 0.00s
2025-03-11 11:43:07,991 - INFO - [147.15s]   [147.15s]   Progress: 12/12 analysis steps completed (100.0%)
2025-03-11 11:43:07,991 - INFO - [147.15s]   [147.15s]   Analysis complete - 0 total findings
2025-03-11 11:43:07,991 - INFO - [147.15s]   [147.15s]   Completed Analyzing yews_3PM_3-10-25-3PM-2.jpg in 10.14s
2025-03-11 11:43:07,991 - INFO - [147.15s]   [147.15s]   Completed Analyzing yews_3PM_3-10-25-3PM-2.jpg in 10.14s
2025-03-11 11:43:07,991 - INFO - [147.15s]   [147.15s]   
Analyzing file 14/30: /Users/adam/Git/stego_tools/yews_images/yews_news/2025-03-11/yews_8PM_3-10-25-8PM-7.jpg
2025-03-11 11:43:07,991 - INFO - [147.15s]   [147.15s]   Starting Analyzing yews_8PM_3-10-25-8PM-7.jpg...
2025-03-11 11:43:07,991 - INFO - [147.15s]   [147.15s]   Starting Analyzing yews_8PM_3-10-25-8PM-7.jpg...
2025-03-11 11:43:07,991 - INFO - [147.15s]   [147.15s]   File size: 1,320,687 bytes
2025-03-11 11:43:07,991 - DEBUG -   Starting metadata analysis...
2025-03-11 11:43:07,991 - INFO - [147.15s]   [147.15s]   Checking metadata...
2025-03-11 11:43:07,991 - DEBUG -   Starting Reading EXIF data...
2025-03-11 11:43:07,992 - DEBUG -   JPEG format recognized data[0:2]=0xFFD8
2025-03-11 11:43:07,992 - DEBUG -   data[2]=0xFF data[3]=0xE1 data[6:10]=b'Exif'
2025-03-11 11:43:07,992 - DEBUG -    Segment base 0x2
2025-03-11 11:43:07,992 - DEBUG -     APP1 at base 0x2
2025-03-11 11:43:07,992 - DEBUG -     Length: 0xF 0xFE
2025-03-11 11:43:07,992 - DEBUG -     Code: b'Exif'
2025-03-11 11:43:07,992 - DEBUG -     Decrement base by 2 to get to pre-segment header (for compatibility with later code)
2025-03-11 11:43:07,992 - DEBUG -   Endian format is M (Motorola)
2025-03-11 11:43:07,992 - DEBUG -   IFD 0 (Image) at offset 8:
2025-03-11 11:43:07,992 - DEBUG -    PhotometricInterpretation: (0x0106) Short=2 @ 18
2025-03-11 11:43:07,992 - DEBUG -    Orientation: (0x0112) Short=Horizontal (normal) @ 30
2025-03-11 11:43:07,992 - DEBUG -    XResolution: (0x011A) Ratio=72 @ 98
2025-03-11 11:43:07,992 - DEBUG -    YResolution: (0x011B) Ratio=72 @ 106
2025-03-11 11:43:07,992 - DEBUG -    ResolutionUnit: (0x0128) Short=Pixels/Inch @ 66
2025-03-11 11:43:07,992 - DEBUG -    YCbCrPositioning: (0x0213) Short=Centered @ 78
2025-03-11 11:43:07,992 - DEBUG -    ExifOffset: (0x8769) Long=114 @ 90
2025-03-11 11:43:07,992 - DEBUG -   Exif SubIFD at offset 114:
2025-03-11 11:43:07,992 - DEBUG -    ExifVersion: (0x9000) Undefined=0221 @ 124
2025-03-11 11:43:07,992 - DEBUG -    ComponentsConfiguration: (0x9101) Undefined=YCbCr @ 136
2025-03-11 11:43:07,992 - DEBUG -    FlashPixVersion: (0xA000) Undefined=0100 @ 148
2025-03-11 11:43:07,993 - DEBUG -    ColorSpace: (0xA001) Short=sRGB @ 160
2025-03-11 11:43:07,993 - DEBUG -    ExifImageWidth: (0xA002) Long=1071 @ 172
2025-03-11 11:43:07,993 - DEBUG -    ExifImageLength: (0xA003) Long=1400 @ 184
2025-03-11 11:43:07,993 - DEBUG -    SceneCaptureType: (0xA406) Short=Standard @ 196
2025-03-11 11:43:07,993 - DEBUG -   Found 14 EXIF tags
2025-03-11 11:43:07,993 - DEBUG -   Completed Reading EXIF data in 0.00s
2025-03-11 11:43:07,993 - DEBUG -   Starting Analyzing metadata content...
2025-03-11 11:43:07,993 - INFO - [147.15s]   [147.15s]   No suspicious patterns found in metadata
2025-03-11 11:43:07,993 - DEBUG -   Completed Analyzing metadata content in 0.00s
2025-03-11 11:43:07,993 - DEBUG -   Completed metadata analysis in 0.00s
2025-03-11 11:43:07,993 - INFO - [147.15s]   [147.15s]   Progress: 1/12 analysis steps completed (8.3%)
2025-03-11 11:43:07,993 - DEBUG -   Starting raw_bytes analysis...
2025-03-11 11:43:07,993 - INFO - [147.15s]   [147.15s]   Checking raw bytes...
2025-03-11 11:43:07,993 - DEBUG -   Starting Reading file content...
2025-03-11 11:43:07,994 - DEBUG -   Read 1,320,687 bytes
2025-03-11 11:43:07,994 - DEBUG -   Completed Reading file content in 0.00s
2025-03-11 11:43:07,994 - DEBUG -   Starting Analyzing ASCII content...
2025-03-11 11:43:08,003 - DEBUG -   Completed Analyzing ASCII content in 0.01s
2025-03-11 11:43:08,003 - DEBUG -   Starting Analyzing hex content...
2025-03-11 11:43:08,007 - DEBUG -   Completed Analyzing hex content in 0.00s
2025-03-11 11:43:08,007 - DEBUG -   Starting Checking base64 variants...
2025-03-11 11:43:08,011 - DEBUG -   Completed Checking base64 variants in 0.00s
2025-03-11 11:43:08,011 - DEBUG -   Starting Analyzing suspicious patterns...
2025-03-11 11:43:08,142 - WARNING - [147.30s]   [147.30s]   Suspicious substring in raw data: Steganography tool reference: f5
2025-03-11 11:43:08,142 - DEBUG -   Completed Analyzing suspicious patterns in 0.13s
2025-03-11 11:43:08,142 - INFO - [147.30s]   [147.30s]   Found 1 suspicious patterns in raw bytes
2025-03-11 11:43:08,142 - DEBUG -   Completed raw_bytes analysis in 0.15s
2025-03-11 11:43:08,142 - INFO - [147.30s]   [147.30s]   Progress: 2/12 analysis steps completed (16.7%)
2025-03-11 11:43:08,142 - DEBUG -   Starting binary_patterns analysis...
2025-03-11 11:43:09,372 - DEBUG -   Completed binary_patterns analysis in 1.23s
2025-03-11 11:43:09,372 - INFO - [148.53s]   [148.53s]   Progress: 3/12 analysis steps completed (25.0%)
2025-03-11 11:43:09,372 - DEBUG -   Starting lsb analysis...
2025-03-11 11:43:09,372 - DEBUG -   tag: PhotometricInterpretation (262) - type: short (3) - value: b'\x00\x02'
2025-03-11 11:43:09,372 - DEBUG -   tag: Orientation (274) - type: short (3) - value: b'\x00\x01'
2025-03-11 11:43:09,372 - DEBUG -   tag: XResolution (282) - type: rational (5) Tag Location: 46 - Data Location: 98 - value: b'\x00\x00\x00H\x00\x00\x00\x01'
2025-03-11 11:43:09,372 - DEBUG -   tag: YResolution (283) - type: rational (5) Tag Location: 58 - Data Location: 106 - value: b'\x00\x00\x00H\x00\x00\x00\x01'
2025-03-11 11:43:09,372 - DEBUG -   tag: ResolutionUnit (296) - type: short (3) - value: b'\x00\x02'
2025-03-11 11:43:09,372 - DEBUG -   tag: YCbCrPositioning (531) - type: short (3) - value: b'\x00\x01'
2025-03-11 11:43:09,372 - DEBUG -   tag: ExifIFD (34665) - type: long (4) - value: b'\x00\x00\x00r'
2025-03-11 11:43:13,783 - DEBUG -   Completed lsb analysis in 4.41s
2025-03-11 11:43:13,783 - INFO - [152.94s]   [152.94s]   Progress: 4/12 analysis steps completed (33.3%)
2025-03-11 11:43:13,783 - DEBUG -   Starting channels analysis...
2025-03-11 11:43:13,783 - DEBUG -   tag: PhotometricInterpretation (262) - type: short (3) - value: b'\x00\x02'
2025-03-11 11:43:13,783 - DEBUG -   tag: Orientation (274) - type: short (3) - value: b'\x00\x01'
2025-03-11 11:43:13,783 - DEBUG -   tag: XResolution (282) - type: rational (5) Tag Location: 46 - Data Location: 98 - value: b'\x00\x00\x00H\x00\x00\x00\x01'
2025-03-11 11:43:13,783 - DEBUG -   tag: YResolution (283) - type: rational (5) Tag Location: 58 - Data Location: 106 - value: b'\x00\x00\x00H\x00\x00\x00\x01'
2025-03-11 11:43:13,783 - DEBUG -   tag: ResolutionUnit (296) - type: short (3) - value: b'\x00\x02'
2025-03-11 11:43:13,783 - DEBUG -   tag: YCbCrPositioning (531) - type: short (3) - value: b'\x00\x01'
2025-03-11 11:43:13,783 - DEBUG -   tag: ExifIFD (34665) - type: long (4) - value: b'\x00\x00\x00r'
2025-03-11 11:43:14,446 - DEBUG -   Completed channels analysis in 0.66s
2025-03-11 11:43:14,446 - INFO - [153.61s]   [153.61s]   Progress: 5/12 analysis steps completed (41.7%)
2025-03-11 11:43:14,446 - DEBUG -   Starting binwalk analysis...
2025-03-11 11:43:14,469 - DEBUG -   Completed binwalk analysis in 0.02s
2025-03-11 11:43:14,469 - INFO - [153.63s]   [153.63s]   Progress: 6/12 analysis steps completed (50.0%)
2025-03-11 11:43:14,469 - DEBUG -   Starting icc_profile analysis...
2025-03-11 11:43:14,469 - DEBUG -   tag: PhotometricInterpretation (262) - type: short (3) - value: b'\x00\x02'
2025-03-11 11:43:14,469 - DEBUG -   tag: Orientation (274) - type: short (3) - value: b'\x00\x01'
2025-03-11 11:43:14,469 - DEBUG -   tag: XResolution (282) - type: rational (5) Tag Location: 46 - Data Location: 98 - value: b'\x00\x00\x00H\x00\x00\x00\x01'
2025-03-11 11:43:14,469 - DEBUG -   tag: YResolution (283) - type: rational (5) Tag Location: 58 - Data Location: 106 - value: b'\x00\x00\x00H\x00\x00\x00\x01'
2025-03-11 11:43:14,469 - DEBUG -   tag: ResolutionUnit (296) - type: short (3) - value: b'\x00\x02'
2025-03-11 11:43:14,469 - DEBUG -   tag: YCbCrPositioning (531) - type: short (3) - value: b'\x00\x01'
2025-03-11 11:43:14,469 - DEBUG -   tag: ExifIFD (34665) - type: long (4) - value: b'\x00\x00\x00r'
2025-03-11 11:43:14,470 - DEBUG -   Completed icc_profile analysis in 0.00s
2025-03-11 11:43:14,470 - INFO - [153.63s]   [153.63s]   Progress: 7/12 analysis steps completed (58.3%)
2025-03-11 11:43:14,470 - DEBUG -   Starting zip_signatures analysis...
2025-03-11 11:43:14,576 - DEBUG -   Completed zip_signatures analysis in 0.11s
2025-03-11 11:43:14,576 - INFO - [153.74s]   [153.74s]   Progress: 8/12 analysis steps completed (66.7%)
2025-03-11 11:43:14,576 - DEBUG -   Starting appended_data analysis...
2025-03-11 11:43:14,576 - INFO - [153.74s]   [153.74s]   Checking for appended data...
2025-03-11 11:43:14,576 - DEBUG -   Starting Reading file...
2025-03-11 11:43:14,577 - DEBUG -   Read 1,320,687 bytes
2025-03-11 11:43:14,577 - DEBUG -   Completed Reading file in 0.00s
2025-03-11 11:43:14,577 - DEBUG -   Starting Analyzing file format...
2025-03-11 11:43:14,655 - DEBUG -   Found 1 EOI markers
2025-03-11 11:43:14,655 - DEBUG -   Completed Analyzing file format in 0.08s
2025-03-11 11:43:14,655 - INFO - [153.82s]   [153.82s]   No appended data found
2025-03-11 11:43:14,655 - DEBUG -   Completed appended_data analysis in 0.08s
2025-03-11 11:43:14,655 - INFO - [153.82s]   [153.82s]   Progress: 9/12 analysis steps completed (75.0%)
2025-03-11 11:43:14,655 - DEBUG -   Starting histogram analysis...
2025-03-11 11:43:14,655 - DEBUG -   tag: PhotometricInterpretation (262) - type: short (3) - value: b'\x00\x02'
2025-03-11 11:43:14,655 - DEBUG -   tag: Orientation (274) - type: short (3) - value: b'\x00\x01'
2025-03-11 11:43:14,656 - DEBUG -   tag: XResolution (282) - type: rational (5) Tag Location: 46 - Data Location: 98 - value: b'\x00\x00\x00H\x00\x00\x00\x01'
2025-03-11 11:43:14,656 - DEBUG -   tag: YResolution (283) - type: rational (5) Tag Location: 58 - Data Location: 106 - value: b'\x00\x00\x00H\x00\x00\x00\x01'
2025-03-11 11:43:14,656 - DEBUG -   tag: ResolutionUnit (296) - type: short (3) - value: b'\x00\x02'
2025-03-11 11:43:14,656 - DEBUG -   tag: YCbCrPositioning (531) - type: short (3) - value: b'\x00\x01'
2025-03-11 11:43:14,656 - DEBUG -   tag: ExifIFD (34665) - type: long (4) - value: b'\x00\x00\x00r'
2025-03-11 11:43:14,973 - DEBUG -   Completed histogram analysis in 0.32s
2025-03-11 11:43:14,973 - INFO - [154.13s]   [154.13s]   Progress: 10/12 analysis steps completed (83.3%)
2025-03-11 11:43:14,973 - DEBUG -   Starting jpeg_comments analysis...
2025-03-11 11:43:14,973 - INFO - [154.13s]   [154.13s]   Checking JPEG comment segments...
2025-03-11 11:43:14,973 - DEBUG -   Starting Reading JPEG file...
2025-03-11 11:43:14,973 - DEBUG -   Completed Reading JPEG file in 0.00s
2025-03-11 11:43:14,973 - DEBUG -   Starting Analyzing comment segments...
2025-03-11 11:43:15,056 - DEBUG -   Completed Analyzing comment segments in 0.08s
2025-03-11 11:43:15,056 - INFO - [154.22s]   [154.22s]   No suspicious patterns found in JPEG comments
2025-03-11 11:43:15,056 - DEBUG -   Completed jpeg_comments analysis in 0.08s
2025-03-11 11:43:15,056 - INFO - [154.22s]   [154.22s]   Progress: 11/12 analysis steps completed (91.7%)
2025-03-11 11:43:15,056 - DEBUG -   Starting large_metadata analysis...
2025-03-11 11:43:15,056 - INFO - [154.22s]   [154.22s]   Checking for large metadata fields...
2025-03-11 11:43:15,056 - DEBUG -   Starting Reading metadata...
2025-03-11 11:43:15,056 - DEBUG -   JPEG format recognized data[0:2]=0xFFD8
2025-03-11 11:43:15,056 - DEBUG -   data[2]=0xFF data[3]=0xE1 data[6:10]=b'Exif'
2025-03-11 11:43:15,056 - DEBUG -    Segment base 0x2
2025-03-11 11:43:15,056 - DEBUG -     APP1 at base 0x2
2025-03-11 11:43:15,056 - DEBUG -     Length: 0xF 0xFE
2025-03-11 11:43:15,056 - DEBUG -     Code: b'Exif'
2025-03-11 11:43:15,056 - DEBUG -     Decrement base by 2 to get to pre-segment header (for compatibility with later code)
2025-03-11 11:43:15,056 - DEBUG -   Endian format is M (Motorola)
2025-03-11 11:43:15,056 - DEBUG -   IFD 0 (Image) at offset 8:
2025-03-11 11:43:15,056 - DEBUG -    PhotometricInterpretation: (0x0106) Short=2 @ 18
2025-03-11 11:43:15,056 - DEBUG -    Orientation: (0x0112) Short=Horizontal (normal) @ 30
2025-03-11 11:43:15,056 - DEBUG -    XResolution: (0x011A) Ratio=72 @ 98
2025-03-11 11:43:15,056 - DEBUG -    YResolution: (0x011B) Ratio=72 @ 106
2025-03-11 11:43:15,056 - DEBUG -    ResolutionUnit: (0x0128) Short=Pixels/Inch @ 66
2025-03-11 11:43:15,056 - DEBUG -    YCbCrPositioning: (0x0213) Short=Centered @ 78
2025-03-11 11:43:15,056 - DEBUG -    ExifOffset: (0x8769) Long=114 @ 90
2025-03-11 11:43:15,056 - DEBUG -   Exif SubIFD at offset 114:
2025-03-11 11:43:15,056 - DEBUG -    ExifVersion: (0x9000) Undefined=0221 @ 124
2025-03-11 11:43:15,056 - DEBUG -    ComponentsConfiguration: (0x9101) Undefined=YCbCr @ 136
2025-03-11 11:43:15,057 - DEBUG -    FlashPixVersion: (0xA000) Undefined=0100 @ 148
2025-03-11 11:43:15,057 - DEBUG -    ColorSpace: (0xA001) Short=sRGB @ 160
2025-03-11 11:43:15,057 - DEBUG -    ExifImageWidth: (0xA002) Long=1071 @ 172
2025-03-11 11:43:15,057 - DEBUG -    ExifImageLength: (0xA003) Long=1400 @ 184
2025-03-11 11:43:15,057 - DEBUG -    SceneCaptureType: (0xA406) Short=Standard @ 196
2025-03-11 11:43:15,057 - DEBUG -   Found 14 metadata tags
2025-03-11 11:43:15,057 - DEBUG -   Completed Reading metadata in 0.00s
2025-03-11 11:43:15,057 - DEBUG -   Starting Analyzing metadata fields...
2025-03-11 11:43:15,057 - DEBUG -   Completed Analyzing metadata fields in 0.00s
2025-03-11 11:43:15,057 - INFO - [154.22s]   [154.22s]   No suspicious large metadata fields found
2025-03-11 11:43:15,057 - DEBUG -   Completed large_metadata analysis in 0.00s
2025-03-11 11:43:15,057 - INFO - [154.22s]   [154.22s]   Progress: 12/12 analysis steps completed (100.0%)
2025-03-11 11:43:15,057 - INFO - [154.22s]   [154.22s]   Analysis complete - 0 total findings
2025-03-11 11:43:15,057 - INFO - [154.22s]   [154.22s]   Completed Analyzing yews_8PM_3-10-25-8PM-7.jpg in 7.07s
2025-03-11 11:43:15,057 - INFO - [154.22s]   [154.22s]   Completed Analyzing yews_8PM_3-10-25-8PM-7.jpg in 7.07s
2025-03-11 11:43:15,057 - INFO - [154.22s]   [154.22s]   
Analyzing file 15/30: /Users/adam/Git/stego_tools/yews_images/yews_news/2025-03-11/yews_8PM_3-10-25-8PM-6.jpg
2025-03-11 11:43:15,057 - INFO - [154.22s]   [154.22s]   Starting Analyzing yews_8PM_3-10-25-8PM-6.jpg...
2025-03-11 11:43:15,057 - INFO - [154.22s]   [154.22s]   Starting Analyzing yews_8PM_3-10-25-8PM-6.jpg...
2025-03-11 11:43:15,057 - INFO - [154.22s]   [154.22s]   File size: 177,720 bytes
2025-03-11 11:43:15,057 - DEBUG -   Starting metadata analysis...
2025-03-11 11:43:15,057 - INFO - [154.22s]   [154.22s]   Checking metadata...
2025-03-11 11:43:15,057 - DEBUG -   Starting Reading EXIF data...
2025-03-11 11:43:15,058 - DEBUG -   JPEG format recognized data[0:2]=0xFFD8
2025-03-11 11:43:15,058 - DEBUG -   data[2]=0xFF data[3]=0xE1 data[6:10]=b'Exif'
2025-03-11 11:43:15,058 - DEBUG -    Segment base 0x2
2025-03-11 11:43:15,058 - DEBUG -     APP1 at base 0x2
2025-03-11 11:43:15,058 - DEBUG -     Length: 0x1 0x34
2025-03-11 11:43:15,058 - DEBUG -     Code: b'Exif'
2025-03-11 11:43:15,058 - DEBUG -     Decrement base by 2 to get to pre-segment header (for compatibility with later code)
2025-03-11 11:43:15,058 - DEBUG -   Endian format is M (Motorola)
2025-03-11 11:43:15,058 - DEBUG -   IFD 0 (Image) at offset 8:
2025-03-11 11:43:15,058 - DEBUG -    Orientation: (0x0112) Short=Horizontal (normal) @ 18
2025-03-11 11:43:15,058 - DEBUG -    XResolution: (0x011A) Ratio=100 @ 110
2025-03-11 11:43:15,058 - DEBUG -    YResolution: (0x011B) Ratio=100 @ 118
2025-03-11 11:43:15,058 - DEBUG -    ResolutionUnit: (0x0128) Short=Pixels/Inch @ 54
2025-03-11 11:43:15,058 - DEBUG -    Software: (0x0131) ASCII=Adobe Photoshop CS2 Macintosh @ 126
2025-03-11 11:43:15,058 - DEBUG -    DateTime: (0x0132) ASCII=2008:08:27 13:45:40 @ 156
2025-03-11 11:43:15,058 - DEBUG -    YCbCrPositioning: (0x0213) Short=Centered @ 90
2025-03-11 11:43:15,058 - DEBUG -    ExifOffset: (0x8769) Long=176 @ 102
2025-03-11 11:43:15,059 - DEBUG -   Exif SubIFD at offset 176:
2025-03-11 11:43:15,059 - DEBUG -    ExifVersion: (0x9000) Undefined=0221 @ 186
2025-03-11 11:43:15,059 - DEBUG -    DateTimeDigitized: (0x9004) ASCII=2005:04:05 13:21:37 @ 278
2025-03-11 11:43:15,059 - DEBUG -    ComponentsConfiguration: (0x9101) Undefined=YCbCr @ 210
2025-03-11 11:43:15,059 - DEBUG -    FlashPixVersion: (0xA000) Undefined=0100 @ 222
2025-03-11 11:43:15,059 - DEBUG -    ColorSpace: (0xA001) Short=Uncalibrated @ 234
2025-03-11 11:43:15,059 - DEBUG -    ExifImageWidth: (0xA002) Long=509 @ 246
2025-03-11 11:43:15,059 - DEBUG -    ExifImageLength: (0xA003) Long=650 @ 258
2025-03-11 11:43:15,059 - DEBUG -    SceneCaptureType: (0xA406) Short=Standard @ 270
2025-03-11 11:43:15,059 - DEBUG -   Found 16 EXIF tags
2025-03-11 11:43:15,059 - DEBUG -   Completed Reading EXIF data in 0.00s
2025-03-11 11:43:15,059 - DEBUG -   Starting Analyzing metadata content...
2025-03-11 11:43:15,059 - INFO - [154.22s]   [154.22s]   No suspicious patterns found in metadata
2025-03-11 11:43:15,059 - DEBUG -   Completed Analyzing metadata content in 0.00s
2025-03-11 11:43:15,059 - DEBUG -   Completed metadata analysis in 0.00s
2025-03-11 11:43:15,059 - INFO - [154.22s]   [154.22s]   Progress: 1/12 analysis steps completed (8.3%)
2025-03-11 11:43:15,059 - DEBUG -   Starting raw_bytes analysis...
2025-03-11 11:43:15,059 - INFO - [154.22s]   [154.22s]   Checking raw bytes...
2025-03-11 11:43:15,059 - DEBUG -   Starting Reading file content...
2025-03-11 11:43:15,060 - DEBUG -   Read 177,720 bytes
2025-03-11 11:43:15,060 - DEBUG -   Completed Reading file content in 0.00s
2025-03-11 11:43:15,060 - DEBUG -   Starting Analyzing ASCII content...
2025-03-11 11:43:15,061 - DEBUG -   Completed Analyzing ASCII content in 0.00s
2025-03-11 11:43:15,061 - DEBUG -   Starting Analyzing hex content...
2025-03-11 11:43:15,062 - DEBUG -   Completed Analyzing hex content in 0.00s
2025-03-11 11:43:15,062 - DEBUG -   Starting Checking base64 variants...
2025-03-11 11:43:15,062 - DEBUG -   Completed Checking base64 variants in 0.00s
2025-03-11 11:43:15,062 - DEBUG -   Starting Analyzing suspicious patterns...
2025-03-11 11:43:15,081 - WARNING - [154.24s]   [154.24s]   Suspicious substring in raw data: Steganography tool reference: f5
2025-03-11 11:43:15,081 - DEBUG -   Completed Analyzing suspicious patterns in 0.02s
2025-03-11 11:43:15,081 - INFO - [154.24s]   [154.24s]   Found 1 suspicious patterns in raw bytes
2025-03-11 11:43:15,081 - DEBUG -   Completed raw_bytes analysis in 0.02s
2025-03-11 11:43:15,081 - INFO - [154.24s]   [154.24s]   Progress: 2/12 analysis steps completed (16.7%)
2025-03-11 11:43:15,081 - DEBUG -   Starting binary_patterns analysis...
2025-03-11 11:43:15,242 - DEBUG -   Completed binary_patterns analysis in 0.16s
2025-03-11 11:43:15,242 - INFO - [154.40s]   [154.40s]   Progress: 3/12 analysis steps completed (25.0%)
2025-03-11 11:43:15,242 - DEBUG -   Starting lsb analysis...
2025-03-11 11:43:15,242 - DEBUG -   tag: Orientation (274) - type: short (3) - value: b'\x00\x01'
2025-03-11 11:43:15,242 - DEBUG -   tag: XResolution (282) - type: rational (5) Tag Location: 34 - Data Location: 110 - value: b'\x00\x00\x00d\x00\x00\x00\x01'
2025-03-11 11:43:15,242 - DEBUG -   tag: YResolution (283) - type: rational (5) Tag Location: 46 - Data Location: 118 - value: b'\x00\x00\x00d\x00\x00\x00\x01'
2025-03-11 11:43:15,242 - DEBUG -   tag: ResolutionUnit (296) - type: short (3) - value: b'\x00\x02'
2025-03-11 11:43:15,242 - DEBUG -   tag: Software (305) - type: string (2) Tag Location: 70 - Data Location: 126 - value: b'Adobe Photoshop CS2 Macintosh\x00'
2025-03-11 11:43:15,242 - DEBUG -   tag: DateTime (306) - type: string (2) Tag Location: 82 - Data Location: 156 - value: b'2008:08:27 13:45:40\x00'
2025-03-11 11:43:15,242 - DEBUG -   tag: YCbCrPositioning (531) - type: short (3) - value: b'\x00\x01'
2025-03-11 11:43:15,242 - DEBUG -   tag: ExifIFD (34665) - type: long (4) - value: b'\x00\x00\x00\xb0'
2025-03-11 11:43:16,175 - DEBUG -   Completed lsb analysis in 0.93s
2025-03-11 11:43:16,175 - INFO - [155.34s]   [155.34s]   Progress: 4/12 analysis steps completed (33.3%)
2025-03-11 11:43:16,175 - DEBUG -   Starting channels analysis...
2025-03-11 11:43:16,175 - DEBUG -   tag: Orientation (274) - type: short (3) - value: b'\x00\x01'
2025-03-11 11:43:16,175 - DEBUG -   tag: XResolution (282) - type: rational (5) Tag Location: 34 - Data Location: 110 - value: b'\x00\x00\x00d\x00\x00\x00\x01'
2025-03-11 11:43:16,175 - DEBUG -   tag: YResolution (283) - type: rational (5) Tag Location: 46 - Data Location: 118 - value: b'\x00\x00\x00d\x00\x00\x00\x01'
2025-03-11 11:43:16,175 - DEBUG -   tag: ResolutionUnit (296) - type: short (3) - value: b'\x00\x02'
2025-03-11 11:43:16,175 - DEBUG -   tag: Software (305) - type: string (2) Tag Location: 70 - Data Location: 126 - value: b'Adobe Photoshop CS2 Macintosh\x00'
2025-03-11 11:43:16,175 - DEBUG -   tag: DateTime (306) - type: string (2) Tag Location: 82 - Data Location: 156 - value: b'2008:08:27 13:45:40\x00'
2025-03-11 11:43:16,175 - DEBUG -   tag: YCbCrPositioning (531) - type: short (3) - value: b'\x00\x01'
2025-03-11 11:43:16,175 - DEBUG -   tag: ExifIFD (34665) - type: long (4) - value: b'\x00\x00\x00\xb0'
2025-03-11 11:43:16,316 - DEBUG -   Completed channels analysis in 0.14s
2025-03-11 11:43:16,316 - INFO - [155.48s]   [155.48s]   Progress: 5/12 analysis steps completed (41.7%)
2025-03-11 11:43:16,316 - DEBUG -   Starting binwalk analysis...
2025-03-11 11:43:16,352 - DEBUG -   Completed binwalk analysis in 0.04s
2025-03-11 11:43:16,352 - INFO - [155.51s]   [155.51s]   Progress: 6/12 analysis steps completed (50.0%)
2025-03-11 11:43:16,352 - DEBUG -   Starting icc_profile analysis...
2025-03-11 11:43:16,352 - DEBUG -   tag: Orientation (274) - type: short (3) - value: b'\x00\x01'
2025-03-11 11:43:16,352 - DEBUG -   tag: XResolution (282) - type: rational (5) Tag Location: 34 - Data Location: 110 - value: b'\x00\x00\x00d\x00\x00\x00\x01'
2025-03-11 11:43:16,352 - DEBUG -   tag: YResolution (283) - type: rational (5) Tag Location: 46 - Data Location: 118 - value: b'\x00\x00\x00d\x00\x00\x00\x01'
2025-03-11 11:43:16,352 - DEBUG -   tag: ResolutionUnit (296) - type: short (3) - value: b'\x00\x02'
2025-03-11 11:43:16,352 - DEBUG -   tag: Software (305) - type: string (2) Tag Location: 70 - Data Location: 126 - value: b'Adobe Photoshop CS2 Macintosh\x00'
2025-03-11 11:43:16,352 - DEBUG -   tag: DateTime (306) - type: string (2) Tag Location: 82 - Data Location: 156 - value: b'2008:08:27 13:45:40\x00'
2025-03-11 11:43:16,352 - DEBUG -   tag: YCbCrPositioning (531) - type: short (3) - value: b'\x00\x01'
2025-03-11 11:43:16,352 - DEBUG -   tag: ExifIFD (34665) - type: long (4) - value: b'\x00\x00\x00\xb0'
2025-03-11 11:43:16,353 - DEBUG -   Completed icc_profile analysis in 0.00s
2025-03-11 11:43:16,353 - INFO - [155.51s]   [155.51s]   Progress: 7/12 analysis steps completed (58.3%)
2025-03-11 11:43:16,353 - DEBUG -   Starting zip_signatures analysis...
2025-03-11 11:43:16,367 - DEBUG -   Completed zip_signatures analysis in 0.01s
2025-03-11 11:43:16,367 - INFO - [155.53s]   [155.53s]   Progress: 8/12 analysis steps completed (66.7%)
2025-03-11 11:43:16,367 - DEBUG -   Starting appended_data analysis...
2025-03-11 11:43:16,367 - INFO - [155.53s]   [155.53s]   Checking for appended data...
2025-03-11 11:43:16,368 - DEBUG -   Starting Reading file...
2025-03-11 11:43:16,368 - DEBUG -   Read 177,720 bytes
2025-03-11 11:43:16,368 - DEBUG -   Completed Reading file in 0.00s
2025-03-11 11:43:16,368 - DEBUG -   Starting Analyzing file format...
2025-03-11 11:43:16,378 - DEBUG -   Found 1 EOI markers
2025-03-11 11:43:16,379 - DEBUG -   Completed Analyzing file format in 0.01s
2025-03-11 11:43:16,379 - INFO - [155.54s]   [155.54s]   No appended data found
2025-03-11 11:43:16,379 - DEBUG -   Completed appended_data analysis in 0.01s
2025-03-11 11:43:16,379 - INFO - [155.54s]   [155.54s]   Progress: 9/12 analysis steps completed (75.0%)
2025-03-11 11:43:16,379 - DEBUG -   Starting histogram analysis...
2025-03-11 11:43:16,379 - DEBUG -   tag: Orientation (274) - type: short (3) - value: b'\x00\x01'
2025-03-11 11:43:16,379 - DEBUG -   tag: XResolution (282) - type: rational (5) Tag Location: 34 - Data Location: 110 - value: b'\x00\x00\x00d\x00\x00\x00\x01'
2025-03-11 11:43:16,379 - DEBUG -   tag: YResolution (283) - type: rational (5) Tag Location: 46 - Data Location: 118 - value: b'\x00\x00\x00d\x00\x00\x00\x01'
2025-03-11 11:43:16,379 - DEBUG -   tag: ResolutionUnit (296) - type: short (3) - value: b'\x00\x02'
2025-03-11 11:43:16,379 - DEBUG -   tag: Software (305) - type: string (2) Tag Location: 70 - Data Location: 126 - value: b'Adobe Photoshop CS2 Macintosh\x00'
2025-03-11 11:43:16,379 - DEBUG -   tag: DateTime (306) - type: string (2) Tag Location: 82 - Data Location: 156 - value: b'2008:08:27 13:45:40\x00'
2025-03-11 11:43:16,379 - DEBUG -   tag: YCbCrPositioning (531) - type: short (3) - value: b'\x00\x01'
2025-03-11 11:43:16,379 - DEBUG -   tag: ExifIFD (34665) - type: long (4) - value: b'\x00\x00\x00\xb0'
2025-03-11 11:43:16,444 - DEBUG -   Completed histogram analysis in 0.07s
2025-03-11 11:43:16,444 - INFO - [155.60s]   [155.60s]   Progress: 10/12 analysis steps completed (83.3%)
2025-03-11 11:43:16,444 - DEBUG -   Starting jpeg_comments analysis...
2025-03-11 11:43:16,444 - INFO - [155.60s]   [155.60s]   Checking JPEG comment segments...
2025-03-11 11:43:16,444 - DEBUG -   Starting Reading JPEG file...
2025-03-11 11:43:16,444 - DEBUG -   Completed Reading JPEG file in 0.00s
2025-03-11 11:43:16,444 - DEBUG -   Starting Analyzing comment segments...
2025-03-11 11:43:16,455 - DEBUG -   Completed Analyzing comment segments in 0.01s
2025-03-11 11:43:16,455 - INFO - [155.62s]   [155.62s]   No suspicious patterns found in JPEG comments
2025-03-11 11:43:16,455 - DEBUG -   Completed jpeg_comments analysis in 0.01s
2025-03-11 11:43:16,455 - INFO - [155.62s]   [155.62s]   Progress: 11/12 analysis steps completed (91.7%)
2025-03-11 11:43:16,455 - DEBUG -   Starting large_metadata analysis...
2025-03-11 11:43:16,455 - INFO - [155.62s]   [155.62s]   Checking for large metadata fields...
2025-03-11 11:43:16,455 - DEBUG -   Starting Reading metadata...
2025-03-11 11:43:16,455 - DEBUG -   JPEG format recognized data[0:2]=0xFFD8
2025-03-11 11:43:16,455 - DEBUG -   data[2]=0xFF data[3]=0xE1 data[6:10]=b'Exif'
2025-03-11 11:43:16,455 - DEBUG -    Segment base 0x2
2025-03-11 11:43:16,455 - DEBUG -     APP1 at base 0x2
2025-03-11 11:43:16,455 - DEBUG -     Length: 0x1 0x34
2025-03-11 11:43:16,455 - DEBUG -     Code: b'Exif'
2025-03-11 11:43:16,456 - DEBUG -     Decrement base by 2 to get to pre-segment header (for compatibility with later code)
2025-03-11 11:43:16,456 - DEBUG -   Endian format is M (Motorola)
2025-03-11 11:43:16,456 - DEBUG -   IFD 0 (Image) at offset 8:
2025-03-11 11:43:16,456 - DEBUG -    Orientation: (0x0112) Short=Horizontal (normal) @ 18
2025-03-11 11:43:16,456 - DEBUG -    XResolution: (0x011A) Ratio=100 @ 110
2025-03-11 11:43:16,456 - DEBUG -    YResolution: (0x011B) Ratio=100 @ 118
2025-03-11 11:43:16,456 - DEBUG -    ResolutionUnit: (0x0128) Short=Pixels/Inch @ 54
2025-03-11 11:43:16,456 - DEBUG -    Software: (0x0131) ASCII=Adobe Photoshop CS2 Macintosh @ 126
2025-03-11 11:43:16,456 - DEBUG -    DateTime: (0x0132) ASCII=2008:08:27 13:45:40 @ 156
2025-03-11 11:43:16,456 - DEBUG -    YCbCrPositioning: (0x0213) Short=Centered @ 90
2025-03-11 11:43:16,456 - DEBUG -    ExifOffset: (0x8769) Long=176 @ 102
2025-03-11 11:43:16,456 - DEBUG -   Exif SubIFD at offset 176:
2025-03-11 11:43:16,456 - DEBUG -    ExifVersion: (0x9000) Undefined=0221 @ 186
2025-03-11 11:43:16,456 - DEBUG -    DateTimeDigitized: (0x9004) ASCII=2005:04:05 13:21:37 @ 278
2025-03-11 11:43:16,456 - DEBUG -    ComponentsConfiguration: (0x9101) Undefined=YCbCr @ 210
2025-03-11 11:43:16,456 - DEBUG -    FlashPixVersion: (0xA000) Undefined=0100 @ 222
2025-03-11 11:43:16,456 - DEBUG -    ColorSpace: (0xA001) Short=Uncalibrated @ 234
2025-03-11 11:43:16,456 - DEBUG -    ExifImageWidth: (0xA002) Long=509 @ 246
2025-03-11 11:43:16,456 - DEBUG -    ExifImageLength: (0xA003) Long=650 @ 258
2025-03-11 11:43:16,456 - DEBUG -    SceneCaptureType: (0xA406) Short=Standard @ 270
2025-03-11 11:43:16,456 - DEBUG -   Found 16 metadata tags
2025-03-11 11:43:16,456 - DEBUG -   Completed Reading metadata in 0.00s
2025-03-11 11:43:16,456 - DEBUG -   Starting Analyzing metadata fields...
2025-03-11 11:43:16,456 - DEBUG -   Completed Analyzing metadata fields in 0.00s
2025-03-11 11:43:16,456 - INFO - [155.62s]   [155.62s]   No suspicious large metadata fields found
2025-03-11 11:43:16,456 - DEBUG -   Completed large_metadata analysis in 0.00s
2025-03-11 11:43:16,456 - INFO - [155.62s]   [155.62s]   Progress: 12/12 analysis steps completed (100.0%)
2025-03-11 11:43:16,456 - INFO - [155.62s]   [155.62s]   Analysis complete - 0 total findings
2025-03-11 11:43:16,456 - INFO - [155.62s]   [155.62s]   Completed Analyzing yews_8PM_3-10-25-8PM-6.jpg in 1.40s
2025-03-11 11:43:16,456 - INFO - [155.62s]   [155.62s]   Completed Analyzing yews_8PM_3-10-25-8PM-6.jpg in 1.40s
2025-03-11 11:43:16,456 - INFO - [155.62s]   [155.62s]   
Analyzing file 16/30: /Users/adam/Git/stego_tools/yews_images/yews_news/2025-03-11/yews_3PM_3-10-25-3PM-3.jpg
2025-03-11 11:43:16,456 - INFO - [155.62s]   [155.62s]   Starting Analyzing yews_3PM_3-10-25-3PM-3.jpg...
2025-03-11 11:43:16,456 - INFO - [155.62s]   [155.62s]   Starting Analyzing yews_3PM_3-10-25-3PM-3.jpg...
2025-03-11 11:43:16,456 - INFO - [155.62s]   [155.62s]   File size: 1,037,021 bytes
2025-03-11 11:43:16,456 - DEBUG -   Starting metadata analysis...
2025-03-11 11:43:16,456 - INFO - [155.62s]   [155.62s]   Checking metadata...
2025-03-11 11:43:16,456 - DEBUG -   Starting Reading EXIF data...
2025-03-11 11:43:16,457 - DEBUG -   JPEG format recognized data[0:2]=0xFFD8
2025-03-11 11:43:16,457 - DEBUG -   data[2]=0xFF data[3]=0xE1 data[6:10]=b'Exif'
2025-03-11 11:43:16,457 - DEBUG -    Segment base 0x2
2025-03-11 11:43:16,457 - DEBUG -     APP1 at base 0x2
2025-03-11 11:43:16,457 - DEBUG -     Length: 0xF 0xFE
2025-03-11 11:43:16,457 - DEBUG -     Code: b'Exif'
2025-03-11 11:43:16,457 - DEBUG -     Decrement base by 2 to get to pre-segment header (for compatibility with later code)
2025-03-11 11:43:16,457 - DEBUG -   Endian format is M (Motorola)
2025-03-11 11:43:16,457 - DEBUG -   IFD 0 (Image) at offset 8:
2025-03-11 11:43:16,457 - DEBUG -    Orientation: (0x0112) Short=Horizontal (normal) @ 18
2025-03-11 11:43:16,457 - DEBUG -    XResolution: (0x011A) Ratio=72 @ 98
2025-03-11 11:43:16,457 - DEBUG -    YResolution: (0x011B) Ratio=72 @ 106
2025-03-11 11:43:16,457 - DEBUG -    ResolutionUnit: (0x0128) Short=Pixels/Inch @ 54
2025-03-11 11:43:16,458 - DEBUG -    Software: (0x0131) ASCII=Google @ 114
2025-03-11 11:43:16,458 - DEBUG -    YCbCrPositioning: (0x0213) Short=Centered @ 78
2025-03-11 11:43:16,458 - DEBUG -    ExifOffset: (0x8769) Long=122 @ 90
2025-03-11 11:43:16,458 - DEBUG -   Exif SubIFD at offset 122:
2025-03-11 11:43:16,458 - DEBUG -    ExifVersion: (0x9000) Undefined=0220 @ 132
2025-03-11 11:43:16,458 - DEBUG -    ComponentsConfiguration: (0x9101) Undefined=YCbCr @ 144
2025-03-11 11:43:16,458 - DEBUG -    FlashPixVersion: (0xA000) Undefined=0100 @ 156
2025-03-11 11:43:16,458 - DEBUG -    ColorSpace: (0xA001) Short=sRGB @ 168
2025-03-11 11:43:16,458 - DEBUG -    ExifImageWidth: (0xA002) Long=1600 @ 180
2025-03-11 11:43:16,458 - DEBUG -    ExifImageLength: (0xA003) Long=1284 @ 192
2025-03-11 11:43:16,458 - DEBUG -    SceneCaptureType: (0xA406) Short=Standard @ 204
2025-03-11 11:43:16,458 - DEBUG -   Found 14 EXIF tags
2025-03-11 11:43:16,458 - DEBUG -   Completed Reading EXIF data in 0.00s
2025-03-11 11:43:16,458 - DEBUG -   Starting Analyzing metadata content...
2025-03-11 11:43:16,458 - INFO - [155.62s]   [155.62s]   No suspicious patterns found in metadata
2025-03-11 11:43:16,458 - DEBUG -   Completed Analyzing metadata content in 0.00s
2025-03-11 11:43:16,458 - DEBUG -   Completed metadata analysis in 0.00s
2025-03-11 11:43:16,458 - INFO - [155.62s]   [155.62s]   Progress: 1/12 analysis steps completed (8.3%)
2025-03-11 11:43:16,458 - DEBUG -   Starting raw_bytes analysis...
2025-03-11 11:43:16,458 - INFO - [155.62s]   [155.62s]   Checking raw bytes...
2025-03-11 11:43:16,458 - DEBUG -   Starting Reading file content...
2025-03-11 11:43:16,459 - DEBUG -   Read 1,037,021 bytes
2025-03-11 11:43:16,459 - DEBUG -   Completed Reading file content in 0.00s
2025-03-11 11:43:16,459 - DEBUG -   Starting Analyzing ASCII content...
2025-03-11 11:43:16,466 - DEBUG -   Completed Analyzing ASCII content in 0.01s
2025-03-11 11:43:16,466 - DEBUG -   Starting Analyzing hex content...
2025-03-11 11:43:16,469 - DEBUG -   Completed Analyzing hex content in 0.00s
2025-03-11 11:43:16,469 - DEBUG -   Starting Checking base64 variants...
2025-03-11 11:43:16,472 - DEBUG -   Completed Checking base64 variants in 0.00s
2025-03-11 11:43:16,472 - DEBUG -   Starting Analyzing suspicious patterns...
2025-03-11 11:43:16,567 - WARNING - [155.73s]   [155.73s]   Suspicious substring in raw data: Steganography tool reference: f5
2025-03-11 11:43:16,567 - DEBUG -   Completed Analyzing suspicious patterns in 0.09s
2025-03-11 11:43:16,567 - INFO - [155.73s]   [155.73s]   Found 1 suspicious patterns in raw bytes
2025-03-11 11:43:16,568 - DEBUG -   Completed raw_bytes analysis in 0.11s
2025-03-11 11:43:16,568 - INFO - [155.73s]   [155.73s]   Progress: 2/12 analysis steps completed (16.7%)
2025-03-11 11:43:16,568 - DEBUG -   Starting binary_patterns analysis...
2025-03-11 11:43:17,496 - DEBUG -   Completed binary_patterns analysis in 0.93s
2025-03-11 11:43:17,496 - INFO - [156.66s]   [156.66s]   Progress: 3/12 analysis steps completed (25.0%)
2025-03-11 11:43:17,496 - DEBUG -   Starting lsb analysis...
2025-03-11 11:43:17,496 - DEBUG -   tag: Orientation (274) - type: short (3) - value: b'\x00\x01'
2025-03-11 11:43:17,497 - DEBUG -   tag: XResolution (282) - type: rational (5) Tag Location: 34 - Data Location: 98 - value: b'\x00\x00\x00H\x00\x00\x00\x01'
2025-03-11 11:43:17,497 - DEBUG -   tag: YResolution (283) - type: rational (5) Tag Location: 46 - Data Location: 106 - value: b'\x00\x00\x00H\x00\x00\x00\x01'
2025-03-11 11:43:17,497 - DEBUG -   tag: ResolutionUnit (296) - type: short (3) - value: b'\x00\x02'
2025-03-11 11:43:17,497 - DEBUG -   tag: Software (305) - type: string (2) Tag Location: 70 - Data Location: 114 - value: b'Google\x00'
2025-03-11 11:43:17,497 - DEBUG -   tag: YCbCrPositioning (531) - type: short (3) - value: b'\x00\x01'
2025-03-11 11:43:17,497 - DEBUG -   tag: ExifIFD (34665) - type: long (4) - value: b'\x00\x00\x00z'
2025-03-11 11:43:22,585 - DEBUG -   Completed lsb analysis in 5.09s
2025-03-11 11:43:22,585 - INFO - [161.75s]   [161.75s]   Progress: 4/12 analysis steps completed (33.3%)
2025-03-11 11:43:22,585 - DEBUG -   Starting channels analysis...
2025-03-11 11:43:22,586 - DEBUG -   tag: Orientation (274) - type: short (3) - value: b'\x00\x01'
2025-03-11 11:43:22,586 - DEBUG -   tag: XResolution (282) - type: rational (5) Tag Location: 34 - Data Location: 98 - value: b'\x00\x00\x00H\x00\x00\x00\x01'
2025-03-11 11:43:22,586 - DEBUG -   tag: YResolution (283) - type: rational (5) Tag Location: 46 - Data Location: 106 - value: b'\x00\x00\x00H\x00\x00\x00\x01'
2025-03-11 11:43:22,586 - DEBUG -   tag: ResolutionUnit (296) - type: short (3) - value: b'\x00\x02'
2025-03-11 11:43:22,586 - DEBUG -   tag: Software (305) - type: string (2) Tag Location: 70 - Data Location: 114 - value: b'Google\x00'
2025-03-11 11:43:22,586 - DEBUG -   tag: YCbCrPositioning (531) - type: short (3) - value: b'\x00\x01'
2025-03-11 11:43:22,586 - DEBUG -   tag: ExifIFD (34665) - type: long (4) - value: b'\x00\x00\x00z'
2025-03-11 11:43:23,381 - DEBUG -   Completed channels analysis in 0.80s
2025-03-11 11:43:23,381 - INFO - [162.54s]   [162.54s]   Progress: 5/12 analysis steps completed (41.7%)
2025-03-11 11:43:23,382 - DEBUG -   Starting binwalk analysis...
2025-03-11 11:43:23,404 - DEBUG -   Completed binwalk analysis in 0.02s
2025-03-11 11:43:23,405 - INFO - [162.57s]   [162.57s]   Progress: 6/12 analysis steps completed (50.0%)
2025-03-11 11:43:23,405 - DEBUG -   Starting icc_profile analysis...
2025-03-11 11:43:23,405 - DEBUG -   tag: Orientation (274) - type: short (3) - value: b'\x00\x01'
2025-03-11 11:43:23,405 - DEBUG -   tag: XResolution (282) - type: rational (5) Tag Location: 34 - Data Location: 98 - value: b'\x00\x00\x00H\x00\x00\x00\x01'
2025-03-11 11:43:23,405 - DEBUG -   tag: YResolution (283) - type: rational (5) Tag Location: 46 - Data Location: 106 - value: b'\x00\x00\x00H\x00\x00\x00\x01'
2025-03-11 11:43:23,405 - DEBUG -   tag: ResolutionUnit (296) - type: short (3) - value: b'\x00\x02'
2025-03-11 11:43:23,405 - DEBUG -   tag: Software (305) - type: string (2) Tag Location: 70 - Data Location: 114 - value: b'Google\x00'
2025-03-11 11:43:23,405 - DEBUG -   tag: YCbCrPositioning (531) - type: short (3) - value: b'\x00\x01'
2025-03-11 11:43:23,405 - DEBUG -   tag: ExifIFD (34665) - type: long (4) - value: b'\x00\x00\x00z'
2025-03-11 11:43:23,405 - DEBUG -   Completed icc_profile analysis in 0.00s
2025-03-11 11:43:23,405 - INFO - [162.57s]   [162.57s]   Progress: 7/12 analysis steps completed (58.3%)
2025-03-11 11:43:23,405 - DEBUG -   Starting zip_signatures analysis...
2025-03-11 11:43:23,501 - DEBUG -   Completed zip_signatures analysis in 0.10s
2025-03-11 11:43:23,501 - INFO - [162.66s]   [162.66s]   Progress: 8/12 analysis steps completed (66.7%)
2025-03-11 11:43:23,502 - DEBUG -   Starting appended_data analysis...
2025-03-11 11:43:23,502 - INFO - [162.66s]   [162.66s]   Checking for appended data...
2025-03-11 11:43:23,502 - DEBUG -   Starting Reading file...
2025-03-11 11:43:23,502 - DEBUG -   Read 1,037,021 bytes
2025-03-11 11:43:23,502 - DEBUG -   Completed Reading file in 0.00s
2025-03-11 11:43:23,502 - DEBUG -   Starting Analyzing file format...
2025-03-11 11:43:23,567 - DEBUG -   Found 1 EOI markers
2025-03-11 11:43:23,567 - DEBUG -   Completed Analyzing file format in 0.06s
2025-03-11 11:43:23,567 - INFO - [162.73s]   [162.73s]   No appended data found
2025-03-11 11:43:23,567 - DEBUG -   Completed appended_data analysis in 0.07s
2025-03-11 11:43:23,567 - INFO - [162.73s]   [162.73s]   Progress: 9/12 analysis steps completed (75.0%)
2025-03-11 11:43:23,567 - DEBUG -   Starting histogram analysis...
2025-03-11 11:43:23,567 - DEBUG -   tag: Orientation (274) - type: short (3) - value: b'\x00\x01'
2025-03-11 11:43:23,567 - DEBUG -   tag: XResolution (282) - type: rational (5) Tag Location: 34 - Data Location: 98 - value: b'\x00\x00\x00H\x00\x00\x00\x01'
2025-03-11 11:43:23,567 - DEBUG -   tag: YResolution (283) - type: rational (5) Tag Location: 46 - Data Location: 106 - value: b'\x00\x00\x00H\x00\x00\x00\x01'
2025-03-11 11:43:23,567 - DEBUG -   tag: ResolutionUnit (296) - type: short (3) - value: b'\x00\x02'
2025-03-11 11:43:23,567 - DEBUG -   tag: Software (305) - type: string (2) Tag Location: 70 - Data Location: 114 - value: b'Google\x00'
2025-03-11 11:43:23,567 - DEBUG -   tag: YCbCrPositioning (531) - type: short (3) - value: b'\x00\x01'
2025-03-11 11:43:23,567 - DEBUG -   tag: ExifIFD (34665) - type: long (4) - value: b'\x00\x00\x00z'
2025-03-11 11:43:23,937 - DEBUG -   Completed histogram analysis in 0.37s
2025-03-11 11:43:23,937 - INFO - [163.10s]   [163.10s]   Progress: 10/12 analysis steps completed (83.3%)
2025-03-11 11:43:23,937 - DEBUG -   Starting jpeg_comments analysis...
2025-03-11 11:43:23,937 - INFO - [163.10s]   [163.10s]   Checking JPEG comment segments...
2025-03-11 11:43:23,937 - DEBUG -   Starting Reading JPEG file...
2025-03-11 11:43:23,937 - DEBUG -   Completed Reading JPEG file in 0.00s
2025-03-11 11:43:23,937 - DEBUG -   Starting Analyzing comment segments...
2025-03-11 11:43:24,002 - DEBUG -   Completed Analyzing comment segments in 0.06s
2025-03-11 11:43:24,002 - INFO - [163.16s]   [163.16s]   No suspicious patterns found in JPEG comments
2025-03-11 11:43:24,002 - DEBUG -   Completed jpeg_comments analysis in 0.07s
2025-03-11 11:43:24,002 - INFO - [163.16s]   [163.16s]   Progress: 11/12 analysis steps completed (91.7%)
2025-03-11 11:43:24,002 - DEBUG -   Starting large_metadata analysis...
2025-03-11 11:43:24,002 - INFO - [163.16s]   [163.16s]   Checking for large metadata fields...
2025-03-11 11:43:24,002 - DEBUG -   Starting Reading metadata...
2025-03-11 11:43:24,002 - DEBUG -   JPEG format recognized data[0:2]=0xFFD8
2025-03-11 11:43:24,002 - DEBUG -   data[2]=0xFF data[3]=0xE1 data[6:10]=b'Exif'
2025-03-11 11:43:24,002 - DEBUG -    Segment base 0x2
2025-03-11 11:43:24,002 - DEBUG -     APP1 at base 0x2
2025-03-11 11:43:24,002 - DEBUG -     Length: 0xF 0xFE
2025-03-11 11:43:24,002 - DEBUG -     Code: b'Exif'
2025-03-11 11:43:24,002 - DEBUG -     Decrement base by 2 to get to pre-segment header (for compatibility with later code)
2025-03-11 11:43:24,002 - DEBUG -   Endian format is M (Motorola)
2025-03-11 11:43:24,002 - DEBUG -   IFD 0 (Image) at offset 8:
2025-03-11 11:43:24,002 - DEBUG -    Orientation: (0x0112) Short=Horizontal (normal) @ 18
2025-03-11 11:43:24,002 - DEBUG -    XResolution: (0x011A) Ratio=72 @ 98
2025-03-11 11:43:24,002 - DEBUG -    YResolution: (0x011B) Ratio=72 @ 106
2025-03-11 11:43:24,002 - DEBUG -    ResolutionUnit: (0x0128) Short=Pixels/Inch @ 54
2025-03-11 11:43:24,002 - DEBUG -    Software: (0x0131) ASCII=Google @ 114
2025-03-11 11:43:24,002 - DEBUG -    YCbCrPositioning: (0x0213) Short=Centered @ 78
2025-03-11 11:43:24,003 - DEBUG -    ExifOffset: (0x8769) Long=122 @ 90
2025-03-11 11:43:24,003 - DEBUG -   Exif SubIFD at offset 122:
2025-03-11 11:43:24,003 - DEBUG -    ExifVersion: (0x9000) Undefined=0220 @ 132
2025-03-11 11:43:24,003 - DEBUG -    ComponentsConfiguration: (0x9101) Undefined=YCbCr @ 144
2025-03-11 11:43:24,003 - DEBUG -    FlashPixVersion: (0xA000) Undefined=0100 @ 156
2025-03-11 11:43:24,003 - DEBUG -    ColorSpace: (0xA001) Short=sRGB @ 168
2025-03-11 11:43:24,003 - DEBUG -    ExifImageWidth: (0xA002) Long=1600 @ 180
2025-03-11 11:43:24,003 - DEBUG -    ExifImageLength: (0xA003) Long=1284 @ 192
2025-03-11 11:43:24,003 - DEBUG -    SceneCaptureType: (0xA406) Short=Standard @ 204
2025-03-11 11:43:24,003 - DEBUG -   Found 14 metadata tags
2025-03-11 11:43:24,003 - DEBUG -   Completed Reading metadata in 0.00s
2025-03-11 11:43:24,003 - DEBUG -   Starting Analyzing metadata fields...
2025-03-11 11:43:24,003 - DEBUG -   Completed Analyzing metadata fields in 0.00s
2025-03-11 11:43:24,003 - INFO - [163.16s]   [163.16s]   No suspicious large metadata fields found
2025-03-11 11:43:24,003 - DEBUG -   Completed large_metadata analysis in 0.00s
2025-03-11 11:43:24,003 - INFO - [163.16s]   [163.16s]   Progress: 12/12 analysis steps completed (100.0%)
2025-03-11 11:43:24,003 - INFO - [163.16s]   [163.16s]   Analysis complete - 0 total findings
2025-03-11 11:43:24,003 - INFO - [163.16s]   [163.16s]   Completed Analyzing yews_3PM_3-10-25-3PM-3.jpg in 7.55s
2025-03-11 11:43:24,003 - INFO - [163.16s]   [163.16s]   Completed Analyzing yews_3PM_3-10-25-3PM-3.jpg in 7.55s
2025-03-11 11:43:24,003 - INFO - [163.16s]   [163.16s]   
Analyzing file 17/30: /Users/adam/Git/stego_tools/yews_images/yews_news/2025-03-11/yews_10AM_3-10-25-10AM-3.jpg
2025-03-11 11:43:24,003 - INFO - [163.16s]   [163.16s]   Starting Analyzing yews_10AM_3-10-25-10AM-3.jpg...
2025-03-11 11:43:24,003 - INFO - [163.16s]   [163.16s]   Starting Analyzing yews_10AM_3-10-25-10AM-3.jpg...
2025-03-11 11:43:24,003 - INFO - [163.16s]   [163.16s]   File size: 40,658 bytes
2025-03-11 11:43:24,003 - DEBUG -   Starting metadata analysis...
2025-03-11 11:43:24,003 - INFO - [163.16s]   [163.16s]   Checking metadata...
2025-03-11 11:43:24,003 - DEBUG -   Starting Reading EXIF data...
2025-03-11 11:43:24,004 - DEBUG -   JPEG format recognized data[0:2]=0xFFD8
2025-03-11 11:43:24,004 - DEBUG -   data[2]=0xFF data[3]=0xE0 data[6:10]=b'JFIF'
2025-03-11 11:43:24,004 - DEBUG -    Length offset is 16
2025-03-11 11:43:24,004 - DEBUG -    Added to zero
2025-03-11 11:43:24,004 - DEBUG -    Set segment base to 0x14
2025-03-11 11:43:24,004 - DEBUG -    Segment base 0x14
2025-03-11 11:43:24,004 - DEBUG -     APP1 at base 0x14
2025-03-11 11:43:24,004 - DEBUG -     Length: 0x1 0x32
2025-03-11 11:43:24,004 - DEBUG -     Code: b'Exif'
2025-03-11 11:43:24,004 - DEBUG -     Decrement base by 2 to get to pre-segment header (for compatibility with later code)
2025-03-11 11:43:24,004 - DEBUG -   Endian format is M (Motorola)
2025-03-11 11:43:24,004 - DEBUG -   IFD 0 (Image) at offset 8:
2025-03-11 11:43:24,004 - DEBUG -    PhotometricInterpretation: (0x0106) Short=2 @ 18
2025-03-11 11:43:24,004 - DEBUG -    Orientation: (0x0112) Short=Horizontal (normal) @ 30
2025-03-11 11:43:24,004 - DEBUG -    XResolution: (0x011A) Ratio=300 @ 110
2025-03-11 11:43:24,004 - DEBUG -    YResolution: (0x011B) Ratio=300 @ 118
2025-03-11 11:43:24,004 - DEBUG -    ResolutionUnit: (0x0128) Short=Pixels/Inch @ 66
2025-03-11 11:43:24,004 - DEBUG -    Software: (0x0131) ASCII=Adobe Photoshop CS2 Macintosh @ 126
2025-03-11 11:43:24,004 - DEBUG -    DateTime: (0x0132) ASCII=2007:02:16 12:14:05 @ 156
2025-03-11 11:43:24,004 - DEBUG -    ExifOffset: (0x8769) Long=176 @ 102
2025-03-11 11:43:24,004 - DEBUG -   Exif SubIFD at offset 176:
2025-03-11 11:43:24,004 - DEBUG -    ExifVersion: (0x9000) Undefined=0221 @ 186
2025-03-11 11:43:24,004 - DEBUG -    DateTimeDigitized: (0x9004) ASCII=2007:02:16 12:14:04 @ 278
2025-03-11 11:43:24,004 - DEBUG -    ComponentsConfiguration: (0x9101) Undefined=YCbCr @ 210
2025-03-11 11:43:24,004 - DEBUG -    FlashPixVersion: (0xA000) Undefined=0100 @ 222
2025-03-11 11:43:24,004 - DEBUG -    ColorSpace: (0xA001) Short=sRGB @ 234
2025-03-11 11:43:24,004 - DEBUG -    ExifImageWidth: (0xA002) Long=264 @ 246
2025-03-11 11:43:24,004 - DEBUG -    ExifImageLength: (0xA003) Long=273 @ 258
2025-03-11 11:43:24,004 - DEBUG -    SceneCaptureType: (0xA406) Short=Standard @ 270
2025-03-11 11:43:24,004 - DEBUG -   Found 16 EXIF tags
2025-03-11 11:43:24,004 - DEBUG -   Completed Reading EXIF data in 0.00s
2025-03-11 11:43:24,004 - DEBUG -   Starting Analyzing metadata content...
2025-03-11 11:43:24,004 - INFO - [163.17s]   [163.17s]   No suspicious patterns found in metadata
2025-03-11 11:43:24,004 - DEBUG -   Completed Analyzing metadata content in 0.00s
2025-03-11 11:43:24,004 - DEBUG -   Completed metadata analysis in 0.00s
2025-03-11 11:43:24,005 - INFO - [163.17s]   [163.17s]   Progress: 1/12 analysis steps completed (8.3%)
2025-03-11 11:43:24,005 - DEBUG -   Starting raw_bytes analysis...
2025-03-11 11:43:24,005 - INFO - [163.17s]   [163.17s]   Checking raw bytes...
2025-03-11 11:43:24,005 - DEBUG -   Starting Reading file content...
2025-03-11 11:43:24,005 - DEBUG -   Read 40,658 bytes
2025-03-11 11:43:24,005 - DEBUG -   Completed Reading file content in 0.00s
2025-03-11 11:43:24,005 - DEBUG -   Starting Analyzing ASCII content...
2025-03-11 11:43:24,006 - DEBUG -   Completed Analyzing ASCII content in 0.00s
2025-03-11 11:43:24,006 - DEBUG -   Starting Analyzing hex content...
2025-03-11 11:43:24,006 - DEBUG -   Completed Analyzing hex content in 0.00s
2025-03-11 11:43:24,006 - DEBUG -   Starting Checking base64 variants...
2025-03-11 11:43:24,006 - DEBUG -   Completed Checking base64 variants in 0.00s
2025-03-11 11:43:24,006 - DEBUG -   Starting Analyzing suspicious patterns...
2025-03-11 11:43:24,010 - WARNING - [163.17s]   [163.17s]   Suspicious substring in raw data: Steganography tool reference: f5
2025-03-11 11:43:24,010 - DEBUG -   Completed Analyzing suspicious patterns in 0.00s
2025-03-11 11:43:24,010 - INFO - [163.17s]   [163.17s]   Found 1 suspicious patterns in raw bytes
2025-03-11 11:43:24,010 - DEBUG -   Completed raw_bytes analysis in 0.01s
2025-03-11 11:43:24,010 - INFO - [163.17s]   [163.17s]   Progress: 2/12 analysis steps completed (16.7%)
2025-03-11 11:43:24,010 - DEBUG -   Starting binary_patterns analysis...
2025-03-11 11:43:24,049 - DEBUG -   Completed binary_patterns analysis in 0.04s
2025-03-11 11:43:24,049 - INFO - [163.21s]   [163.21s]   Progress: 3/12 analysis steps completed (25.0%)
2025-03-11 11:43:24,049 - DEBUG -   Starting lsb analysis...
2025-03-11 11:43:24,049 - DEBUG -   tag: PhotometricInterpretation (262) - type: short (3) - value: b'\x00\x02'
2025-03-11 11:43:24,049 - DEBUG -   tag: Orientation (274) - type: short (3) - value: b'\x00\x01'
2025-03-11 11:43:24,049 - DEBUG -   tag: XResolution (282) - type: rational (5) Tag Location: 46 - Data Location: 110 - value: b'\x00\x00\x01,\x00\x00\x00\x01'
2025-03-11 11:43:24,049 - DEBUG -   tag: YResolution (283) - type: rational (5) Tag Location: 58 - Data Location: 118 - value: b'\x00\x00\x01,\x00\x00\x00\x01'
2025-03-11 11:43:24,049 - DEBUG -   tag: ResolutionUnit (296) - type: short (3) - value: b'\x00\x02'
2025-03-11 11:43:24,049 - DEBUG -   tag: Software (305) - type: string (2) Tag Location: 82 - Data Location: 126 - value: b'Adobe Photoshop CS2 Macintosh\x00'
2025-03-11 11:43:24,049 - DEBUG -   tag: DateTime (306) - type: string (2) Tag Location: 94 - Data Location: 156 - value: b'2007:02:16 12:14:05\x00'
2025-03-11 11:43:24,049 - DEBUG -   tag: ExifIFD (34665) - type: long (4) - value: b'\x00\x00\x00\xb0'
2025-03-11 11:43:24,265 - DEBUG -   Completed lsb analysis in 0.22s
2025-03-11 11:43:24,265 - INFO - [163.43s]   [163.43s]   Progress: 4/12 analysis steps completed (33.3%)
2025-03-11 11:43:24,265 - DEBUG -   Starting channels analysis...
2025-03-11 11:43:24,265 - DEBUG -   tag: PhotometricInterpretation (262) - type: short (3) - value: b'\x00\x02'
2025-03-11 11:43:24,265 - DEBUG -   tag: Orientation (274) - type: short (3) - value: b'\x00\x01'
2025-03-11 11:43:24,265 - DEBUG -   tag: XResolution (282) - type: rational (5) Tag Location: 46 - Data Location: 110 - value: b'\x00\x00\x01,\x00\x00\x00\x01'
2025-03-11 11:43:24,265 - DEBUG -   tag: YResolution (283) - type: rational (5) Tag Location: 58 - Data Location: 118 - value: b'\x00\x00\x01,\x00\x00\x00\x01'
2025-03-11 11:43:24,265 - DEBUG -   tag: ResolutionUnit (296) - type: short (3) - value: b'\x00\x02'
2025-03-11 11:43:24,265 - DEBUG -   tag: Software (305) - type: string (2) Tag Location: 82 - Data Location: 126 - value: b'Adobe Photoshop CS2 Macintosh\x00'
2025-03-11 11:43:24,265 - DEBUG -   tag: DateTime (306) - type: string (2) Tag Location: 94 - Data Location: 156 - value: b'2007:02:16 12:14:05\x00'
2025-03-11 11:43:24,265 - DEBUG -   tag: ExifIFD (34665) - type: long (4) - value: b'\x00\x00\x00\xb0'
2025-03-11 11:43:24,299 - DEBUG -   Completed channels analysis in 0.03s
2025-03-11 11:43:24,299 - INFO - [163.46s]   [163.46s]   Progress: 5/12 analysis steps completed (41.7%)
2025-03-11 11:43:24,299 - DEBUG -   Starting binwalk analysis...
2025-03-11 11:43:24,337 - DEBUG -   Completed binwalk analysis in 0.04s
2025-03-11 11:43:24,338 - INFO - [163.50s]   [163.50s]   Progress: 6/12 analysis steps completed (50.0%)
2025-03-11 11:43:24,338 - DEBUG -   Starting icc_profile analysis...
2025-03-11 11:43:24,338 - DEBUG -   tag: PhotometricInterpretation (262) - type: short (3) - value: b'\x00\x02'
2025-03-11 11:43:24,338 - DEBUG -   tag: Orientation (274) - type: short (3) - value: b'\x00\x01'
2025-03-11 11:43:24,338 - DEBUG -   tag: XResolution (282) - type: rational (5) Tag Location: 46 - Data Location: 110 - value: b'\x00\x00\x01,\x00\x00\x00\x01'
2025-03-11 11:43:24,338 - DEBUG -   tag: YResolution (283) - type: rational (5) Tag Location: 58 - Data Location: 118 - value: b'\x00\x00\x01,\x00\x00\x00\x01'
2025-03-11 11:43:24,338 - DEBUG -   tag: ResolutionUnit (296) - type: short (3) - value: b'\x00\x02'
2025-03-11 11:43:24,338 - DEBUG -   tag: Software (305) - type: string (2) Tag Location: 82 - Data Location: 126 - value: b'Adobe Photoshop CS2 Macintosh\x00'
2025-03-11 11:43:24,338 - DEBUG -   tag: DateTime (306) - type: string (2) Tag Location: 94 - Data Location: 156 - value: b'2007:02:16 12:14:05\x00'
2025-03-11 11:43:24,338 - DEBUG -   tag: ExifIFD (34665) - type: long (4) - value: b'\x00\x00\x00\xb0'
2025-03-11 11:43:24,338 - DEBUG -   Completed icc_profile analysis in 0.00s
2025-03-11 11:43:24,338 - INFO - [163.50s]   [163.50s]   Progress: 7/12 analysis steps completed (58.3%)
2025-03-11 11:43:24,338 - DEBUG -   Starting zip_signatures analysis...
2025-03-11 11:43:24,342 - DEBUG -   Completed zip_signatures analysis in 0.00s
2025-03-11 11:43:24,342 - INFO - [163.50s]   [163.50s]   Progress: 8/12 analysis steps completed (66.7%)
2025-03-11 11:43:24,342 - DEBUG -   Starting appended_data analysis...
2025-03-11 11:43:24,342 - INFO - [163.50s]   [163.50s]   Checking for appended data...
2025-03-11 11:43:24,342 - DEBUG -   Starting Reading file...
2025-03-11 11:43:24,342 - DEBUG -   Read 40,658 bytes
2025-03-11 11:43:24,342 - DEBUG -   Completed Reading file in 0.00s
2025-03-11 11:43:24,342 - DEBUG -   Starting Analyzing file format...
2025-03-11 11:43:24,344 - DEBUG -   Found 1 EOI markers
2025-03-11 11:43:24,344 - DEBUG -   Completed Analyzing file format in 0.00s
2025-03-11 11:43:24,344 - INFO - [163.51s]   [163.51s]   No appended data found
2025-03-11 11:43:24,345 - DEBUG -   Completed appended_data analysis in 0.00s
2025-03-11 11:43:24,345 - INFO - [163.51s]   [163.51s]   Progress: 9/12 analysis steps completed (75.0%)
2025-03-11 11:43:24,345 - DEBUG -   Starting histogram analysis...
2025-03-11 11:43:24,345 - DEBUG -   tag: PhotometricInterpretation (262) - type: short (3) - value: b'\x00\x02'
2025-03-11 11:43:24,345 - DEBUG -   tag: Orientation (274) - type: short (3) - value: b'\x00\x01'
2025-03-11 11:43:24,345 - DEBUG -   tag: XResolution (282) - type: rational (5) Tag Location: 46 - Data Location: 110 - value: b'\x00\x00\x01,\x00\x00\x00\x01'
2025-03-11 11:43:24,345 - DEBUG -   tag: YResolution (283) - type: rational (5) Tag Location: 58 - Data Location: 118 - value: b'\x00\x00\x01,\x00\x00\x00\x01'
2025-03-11 11:43:24,345 - DEBUG -   tag: ResolutionUnit (296) - type: short (3) - value: b'\x00\x02'
2025-03-11 11:43:24,345 - DEBUG -   tag: Software (305) - type: string (2) Tag Location: 82 - Data Location: 126 - value: b'Adobe Photoshop CS2 Macintosh\x00'
2025-03-11 11:43:24,345 - DEBUG -   tag: DateTime (306) - type: string (2) Tag Location: 94 - Data Location: 156 - value: b'2007:02:16 12:14:05\x00'
2025-03-11 11:43:24,345 - DEBUG -   tag: ExifIFD (34665) - type: long (4) - value: b'\x00\x00\x00\xb0'
2025-03-11 11:43:24,358 - DEBUG -   Completed histogram analysis in 0.01s
2025-03-11 11:43:24,358 - INFO - [163.52s]   [163.52s]   Progress: 10/12 analysis steps completed (83.3%)
2025-03-11 11:43:24,358 - DEBUG -   Starting jpeg_comments analysis...
2025-03-11 11:43:24,358 - INFO - [163.52s]   [163.52s]   Checking JPEG comment segments...
2025-03-11 11:43:24,358 - DEBUG -   Starting Reading JPEG file...
2025-03-11 11:43:24,358 - DEBUG -   Completed Reading JPEG file in 0.00s
2025-03-11 11:43:24,358 - DEBUG -   Starting Analyzing comment segments...
2025-03-11 11:43:24,361 - DEBUG -   Completed Analyzing comment segments in 0.00s
2025-03-11 11:43:24,361 - INFO - [163.52s]   [163.52s]   No suspicious patterns found in JPEG comments
2025-03-11 11:43:24,361 - DEBUG -   Completed jpeg_comments analysis in 0.00s
2025-03-11 11:43:24,361 - INFO - [163.52s]   [163.52s]   Progress: 11/12 analysis steps completed (91.7%)
2025-03-11 11:43:24,361 - DEBUG -   Starting large_metadata analysis...
2025-03-11 11:43:24,361 - INFO - [163.52s]   [163.52s]   Checking for large metadata fields...
2025-03-11 11:43:24,361 - DEBUG -   Starting Reading metadata...
2025-03-11 11:43:24,361 - DEBUG -   JPEG format recognized data[0:2]=0xFFD8
2025-03-11 11:43:24,361 - DEBUG -   data[2]=0xFF data[3]=0xE0 data[6:10]=b'JFIF'
2025-03-11 11:43:24,361 - DEBUG -    Length offset is 16
2025-03-11 11:43:24,361 - DEBUG -    Added to zero
2025-03-11 11:43:24,361 - DEBUG -    Set segment base to 0x14
2025-03-11 11:43:24,361 - DEBUG -    Segment base 0x14
2025-03-11 11:43:24,361 - DEBUG -     APP1 at base 0x14
2025-03-11 11:43:24,361 - DEBUG -     Length: 0x1 0x32
2025-03-11 11:43:24,361 - DEBUG -     Code: b'Exif'
2025-03-11 11:43:24,361 - DEBUG -     Decrement base by 2 to get to pre-segment header (for compatibility with later code)
2025-03-11 11:43:24,361 - DEBUG -   Endian format is M (Motorola)
2025-03-11 11:43:24,361 - DEBUG -   IFD 0 (Image) at offset 8:
2025-03-11 11:43:24,362 - DEBUG -    PhotometricInterpretation: (0x0106) Short=2 @ 18
2025-03-11 11:43:24,362 - DEBUG -    Orientation: (0x0112) Short=Horizontal (normal) @ 30
2025-03-11 11:43:24,362 - DEBUG -    XResolution: (0x011A) Ratio=300 @ 110
2025-03-11 11:43:24,362 - DEBUG -    YResolution: (0x011B) Ratio=300 @ 118
2025-03-11 11:43:24,362 - DEBUG -    ResolutionUnit: (0x0128) Short=Pixels/Inch @ 66
2025-03-11 11:43:24,362 - DEBUG -    Software: (0x0131) ASCII=Adobe Photoshop CS2 Macintosh @ 126
2025-03-11 11:43:24,362 - DEBUG -    DateTime: (0x0132) ASCII=2007:02:16 12:14:05 @ 156
2025-03-11 11:43:24,362 - DEBUG -    ExifOffset: (0x8769) Long=176 @ 102
2025-03-11 11:43:24,362 - DEBUG -   Exif SubIFD at offset 176:
2025-03-11 11:43:24,362 - DEBUG -    ExifVersion: (0x9000) Undefined=0221 @ 186
2025-03-11 11:43:24,362 - DEBUG -    DateTimeDigitized: (0x9004) ASCII=2007:02:16 12:14:04 @ 278
2025-03-11 11:43:24,362 - DEBUG -    ComponentsConfiguration: (0x9101) Undefined=YCbCr @ 210
2025-03-11 11:43:24,362 - DEBUG -    FlashPixVersion: (0xA000) Undefined=0100 @ 222
2025-03-11 11:43:24,362 - DEBUG -    ColorSpace: (0xA001) Short=sRGB @ 234
2025-03-11 11:43:24,362 - DEBUG -    ExifImageWidth: (0xA002) Long=264 @ 246
2025-03-11 11:43:24,362 - DEBUG -    ExifImageLength: (0xA003) Long=273 @ 258
2025-03-11 11:43:24,362 - DEBUG -    SceneCaptureType: (0xA406) Short=Standard @ 270
2025-03-11 11:43:24,362 - DEBUG -   Found 16 metadata tags
2025-03-11 11:43:24,362 - DEBUG -   Completed Reading metadata in 0.00s
2025-03-11 11:43:24,362 - DEBUG -   Starting Analyzing metadata fields...
2025-03-11 11:43:24,362 - DEBUG -   Completed Analyzing metadata fields in 0.00s
2025-03-11 11:43:24,362 - INFO - [163.52s]   [163.52s]   No suspicious large metadata fields found
2025-03-11 11:43:24,362 - DEBUG -   Completed large_metadata analysis in 0.00s
2025-03-11 11:43:24,362 - INFO - [163.52s]   [163.52s]   Progress: 12/12 analysis steps completed (100.0%)
2025-03-11 11:43:24,362 - INFO - [163.52s]   [163.52s]   Analysis complete - 0 total findings
2025-03-11 11:43:24,362 - INFO - [163.52s]   [163.52s]   Completed Analyzing yews_10AM_3-10-25-10AM-3.jpg in 0.36s
2025-03-11 11:43:24,362 - INFO - [163.52s]   [163.52s]   Completed Analyzing yews_10AM_3-10-25-10AM-3.jpg in 0.36s
2025-03-11 11:43:24,362 - INFO - [163.52s]   [163.52s]   
Analyzing file 18/30: /Users/adam/Git/stego_tools/yews_images/yews_news/2025-03-11/yews_10AM_3-10-25-10AM-2.jpg
2025-03-11 11:43:24,362 - INFO - [163.52s]   [163.52s]   Starting Analyzing yews_10AM_3-10-25-10AM-2.jpg...
2025-03-11 11:43:24,362 - INFO - [163.52s]   [163.52s]   Starting Analyzing yews_10AM_3-10-25-10AM-2.jpg...
2025-03-11 11:43:24,362 - INFO - [163.52s]   [163.52s]   File size: 3,111,220 bytes
2025-03-11 11:43:24,362 - DEBUG -   Starting metadata analysis...
2025-03-11 11:43:24,362 - INFO - [163.52s]   [163.52s]   Checking metadata...
2025-03-11 11:43:24,362 - DEBUG -   Starting Reading EXIF data...
2025-03-11 11:43:24,364 - DEBUG -   JPEG format recognized data[0:2]=0xFFD8
2025-03-11 11:43:24,364 - DEBUG -   data[2]=0xFF data[3]=0xE0 data[6:10]=b'JFIF'
2025-03-11 11:43:24,364 - DEBUG -    Length offset is 16
2025-03-11 11:43:24,364 - DEBUG -    Added to zero
2025-03-11 11:43:24,364 - DEBUG -    Set segment base to 0x14
2025-03-11 11:43:24,364 - DEBUG -    Segment base 0x14
2025-03-11 11:43:24,364 - DEBUG -     APP1 at base 0x14
2025-03-11 11:43:24,364 - DEBUG -     Length: 0x0 0xD4
2025-03-11 11:43:24,364 - DEBUG -     Code: b'Exif'
2025-03-11 11:43:24,364 - DEBUG -     Decrement base by 2 to get to pre-segment header (for compatibility with later code)
2025-03-11 11:43:24,364 - DEBUG -   Endian format is M (Motorola)
2025-03-11 11:43:24,364 - DEBUG -   IFD 0 (Image) at offset 8:
2025-03-11 11:43:24,364 - DEBUG -    Orientation: (0x0112) Short=Horizontal (normal) @ 18
2025-03-11 11:43:24,364 - DEBUG -    XResolution: (0x011A) Ratio=72 @ 86
2025-03-11 11:43:24,364 - DEBUG -    YResolution: (0x011B) Ratio=72 @ 94
2025-03-11 11:43:24,364 - DEBUG -    ResolutionUnit: (0x0128) Short=Pixels/Inch @ 54
2025-03-11 11:43:24,364 - DEBUG -    Software: (0x0131) ASCII=GIMP 2.8.16 @ 102
2025-03-11 11:43:24,364 - DEBUG -    ExifOffset: (0x8769) Long=114 @ 78
2025-03-11 11:43:24,364 - DEBUG -   Exif SubIFD at offset 114:
2025-03-11 11:43:24,364 - DEBUG -    ExifVersion: (0x9000) Undefined=0210 @ 124
2025-03-11 11:43:24,364 - DEBUG -    ComponentsConfiguration: (0x9101) Undefined=YCbCr @ 136
2025-03-11 11:43:24,364 - DEBUG -    FlashPixVersion: (0xA000) Undefined=0100 @ 148
2025-03-11 11:43:24,364 - DEBUG -    ColorSpace: (0xA001) Short=sRGB @ 160
2025-03-11 11:43:24,364 - DEBUG -    ExifImageWidth: (0xA002) Long=2830 @ 172
2025-03-11 11:43:24,364 - DEBUG -    ExifImageLength: (0xA003) Long=3912 @ 184
2025-03-11 11:43:24,364 - DEBUG -    SceneCaptureType: (0xA406) Short=Standard @ 196
2025-03-11 11:43:24,364 - DEBUG -   Found 13 EXIF tags
2025-03-11 11:43:24,364 - DEBUG -   Completed Reading EXIF data in 0.00s
2025-03-11 11:43:24,364 - DEBUG -   Starting Analyzing metadata content...
2025-03-11 11:43:24,364 - INFO - [163.52s]   [163.52s]   No suspicious patterns found in metadata
2025-03-11 11:43:24,364 - DEBUG -   Completed Analyzing metadata content in 0.00s
2025-03-11 11:43:24,364 - DEBUG -   Completed metadata analysis in 0.00s
2025-03-11 11:43:24,364 - INFO - [163.53s]   [163.53s]   Progress: 1/12 analysis steps completed (8.3%)
2025-03-11 11:43:24,364 - DEBUG -   Starting raw_bytes analysis...
2025-03-11 11:43:24,364 - INFO - [163.53s]   [163.53s]   Checking raw bytes...
2025-03-11 11:43:24,364 - DEBUG -   Starting Reading file content...
2025-03-11 11:43:24,366 - DEBUG -   Read 3,111,220 bytes
2025-03-11 11:43:24,366 - DEBUG -   Completed Reading file content in 0.00s
2025-03-11 11:43:24,366 - DEBUG -   Starting Analyzing ASCII content...
2025-03-11 11:43:24,388 - DEBUG -   Completed Analyzing ASCII content in 0.02s
2025-03-11 11:43:24,388 - DEBUG -   Starting Analyzing hex content...
2025-03-11 11:43:24,398 - DEBUG -   Completed Analyzing hex content in 0.01s
2025-03-11 11:43:24,398 - DEBUG -   Starting Checking base64 variants...
2025-03-11 11:43:24,408 - DEBUG -   Completed Checking base64 variants in 0.01s
2025-03-11 11:43:24,408 - DEBUG -   Starting Analyzing suspicious patterns...
2025-03-11 11:43:24,724 - WARNING - [163.88s]   [163.88s]   Suspicious substring in raw data: Steganography tool reference: f5
2025-03-11 11:43:24,724 - DEBUG -   Completed Analyzing suspicious patterns in 0.32s
2025-03-11 11:43:24,724 - INFO - [163.88s]   [163.88s]   Found 1 suspicious patterns in raw bytes
2025-03-11 11:43:24,725 - DEBUG -   Completed raw_bytes analysis in 0.36s
2025-03-11 11:43:24,725 - INFO - [163.89s]   [163.89s]   Progress: 2/12 analysis steps completed (16.7%)
2025-03-11 11:43:24,725 - DEBUG -   Starting binary_patterns analysis...
2025-03-11 11:43:27,523 - DEBUG -   Completed binary_patterns analysis in 2.80s
2025-03-11 11:43:27,523 - INFO - [166.68s]   [166.68s]   Progress: 3/12 analysis steps completed (25.0%)
2025-03-11 11:43:27,523 - DEBUG -   Starting lsb analysis...
2025-03-11 11:43:27,523 - DEBUG -   tag: Orientation (274) - type: short (3) - value: b'\x00\x01'
2025-03-11 11:43:27,523 - DEBUG -   tag: XResolution (282) - type: rational (5) Tag Location: 34 - Data Location: 86 - value: b'\x00\x00\x00H\x00\x00\x00\x01'
2025-03-11 11:43:27,523 - DEBUG -   tag: YResolution (283) - type: rational (5) Tag Location: 46 - Data Location: 94 - value: b'\x00\x00\x00H\x00\x00\x00\x01'
2025-03-11 11:43:27,523 - DEBUG -   tag: ResolutionUnit (296) - type: short (3) - value: b'\x00\x02'
2025-03-11 11:43:27,523 - DEBUG -   tag: Software (305) - type: string (2) Tag Location: 70 - Data Location: 102 - value: b'GIMP 2.8.16\x00'
2025-03-11 11:43:27,523 - DEBUG -   tag: ExifIFD (34665) - type: long (4) - value: b'\x00\x00\x00r'
2025-03-11 11:44:01,076 - DEBUG -   Completed lsb analysis in 33.55s
2025-03-11 11:44:01,077 - INFO - [200.24s]   [200.24s]   Progress: 4/12 analysis steps completed (33.3%)
2025-03-11 11:44:01,077 - DEBUG -   Starting channels analysis...
2025-03-11 11:44:01,077 - DEBUG -   tag: Orientation (274) - type: short (3) - value: b'\x00\x01'
2025-03-11 11:44:01,077 - DEBUG -   tag: XResolution (282) - type: rational (5) Tag Location: 34 - Data Location: 86 - value: b'\x00\x00\x00H\x00\x00\x00\x01'
2025-03-11 11:44:01,077 - DEBUG -   tag: YResolution (283) - type: rational (5) Tag Location: 46 - Data Location: 94 - value: b'\x00\x00\x00H\x00\x00\x00\x01'
2025-03-11 11:44:01,077 - DEBUG -   tag: ResolutionUnit (296) - type: short (3) - value: b'\x00\x02'
2025-03-11 11:44:01,078 - DEBUG -   tag: Software (305) - type: string (2) Tag Location: 70 - Data Location: 102 - value: b'GIMP 2.8.16\x00'
2025-03-11 11:44:01,078 - DEBUG -   tag: ExifIFD (34665) - type: long (4) - value: b'\x00\x00\x00r'
2025-03-11 11:44:05,973 - DEBUG -   Completed channels analysis in 4.90s
2025-03-11 11:44:05,973 - INFO - [205.13s]   [205.13s]   Progress: 5/12 analysis steps completed (41.7%)
2025-03-11 11:44:05,973 - DEBUG -   Starting binwalk analysis...
2025-03-11 11:44:06,029 - DEBUG -   Completed binwalk analysis in 0.06s
2025-03-11 11:44:06,029 - INFO - [205.19s]   [205.19s]   Progress: 6/12 analysis steps completed (50.0%)
2025-03-11 11:44:06,029 - DEBUG -   Starting icc_profile analysis...
2025-03-11 11:44:06,030 - DEBUG -   tag: Orientation (274) - type: short (3) - value: b'\x00\x01'
2025-03-11 11:44:06,030 - DEBUG -   tag: XResolution (282) - type: rational (5) Tag Location: 34 - Data Location: 86 - value: b'\x00\x00\x00H\x00\x00\x00\x01'
2025-03-11 11:44:06,030 - DEBUG -   tag: YResolution (283) - type: rational (5) Tag Location: 46 - Data Location: 94 - value: b'\x00\x00\x00H\x00\x00\x00\x01'
2025-03-11 11:44:06,030 - DEBUG -   tag: ResolutionUnit (296) - type: short (3) - value: b'\x00\x02'
2025-03-11 11:44:06,030 - DEBUG -   tag: Software (305) - type: string (2) Tag Location: 70 - Data Location: 102 - value: b'GIMP 2.8.16\x00'
2025-03-11 11:44:06,030 - DEBUG -   tag: ExifIFD (34665) - type: long (4) - value: b'\x00\x00\x00r'
2025-03-11 11:44:06,030 - DEBUG -   Completed icc_profile analysis in 0.00s
2025-03-11 11:44:06,030 - INFO - [205.19s]   [205.19s]   Progress: 7/12 analysis steps completed (58.3%)
2025-03-11 11:44:06,030 - DEBUG -   Starting zip_signatures analysis...
2025-03-11 11:44:06,273 - DEBUG -   Completed zip_signatures analysis in 0.24s
2025-03-11 11:44:06,273 - INFO - [205.43s]   [205.43s]   Progress: 8/12 analysis steps completed (66.7%)
2025-03-11 11:44:06,273 - DEBUG -   Starting appended_data analysis...
2025-03-11 11:44:06,273 - INFO - [205.43s]   [205.43s]   Checking for appended data...
2025-03-11 11:44:06,273 - DEBUG -   Starting Reading file...
2025-03-11 11:44:06,274 - DEBUG -   Read 3,111,220 bytes
2025-03-11 11:44:06,274 - DEBUG -   Completed Reading file in 0.00s
2025-03-11 11:44:06,274 - DEBUG -   Starting Analyzing file format...
2025-03-11 11:44:06,461 - DEBUG -   Found 1 EOI markers
2025-03-11 11:44:06,461 - DEBUG -   Completed Analyzing file format in 0.19s
2025-03-11 11:44:06,461 - INFO - [205.62s]   [205.62s]   No appended data found
2025-03-11 11:44:06,461 - DEBUG -   Completed appended_data analysis in 0.19s
2025-03-11 11:44:06,461 - INFO - [205.62s]   [205.62s]   Progress: 9/12 analysis steps completed (75.0%)
2025-03-11 11:44:06,461 - DEBUG -   Starting histogram analysis...
2025-03-11 11:44:06,461 - DEBUG -   tag: Orientation (274) - type: short (3) - value: b'\x00\x01'
2025-03-11 11:44:06,461 - DEBUG -   tag: XResolution (282) - type: rational (5) Tag Location: 34 - Data Location: 86 - value: b'\x00\x00\x00H\x00\x00\x00\x01'
2025-03-11 11:44:06,461 - DEBUG -   tag: YResolution (283) - type: rational (5) Tag Location: 46 - Data Location: 94 - value: b'\x00\x00\x00H\x00\x00\x00\x01'
2025-03-11 11:44:06,461 - DEBUG -   tag: ResolutionUnit (296) - type: short (3) - value: b'\x00\x02'
2025-03-11 11:44:06,461 - DEBUG -   tag: Software (305) - type: string (2) Tag Location: 70 - Data Location: 102 - value: b'GIMP 2.8.16\x00'
2025-03-11 11:44:06,461 - DEBUG -   tag: ExifIFD (34665) - type: long (4) - value: b'\x00\x00\x00r'
2025-03-11 11:44:08,804 - DEBUG -   Completed histogram analysis in 2.34s
2025-03-11 11:44:08,804 - INFO - [207.96s]   [207.96s]   Progress: 10/12 analysis steps completed (83.3%)
2025-03-11 11:44:08,804 - DEBUG -   Starting jpeg_comments analysis...
2025-03-11 11:44:08,804 - INFO - [207.96s]   [207.96s]   Checking JPEG comment segments...
2025-03-11 11:44:08,804 - DEBUG -   Starting Reading JPEG file...
2025-03-11 11:44:08,805 - DEBUG -   Completed Reading JPEG file in 0.00s
2025-03-11 11:44:08,805 - DEBUG -   Starting Analyzing comment segments...
2025-03-11 11:44:08,998 - DEBUG -   Completed Analyzing comment segments in 0.19s
2025-03-11 11:44:08,998 - INFO - [208.16s]   [208.16s]   No suspicious patterns found in JPEG comments
2025-03-11 11:44:08,998 - DEBUG -   Completed jpeg_comments analysis in 0.19s
2025-03-11 11:44:08,998 - INFO - [208.16s]   [208.16s]   Progress: 11/12 analysis steps completed (91.7%)
2025-03-11 11:44:08,998 - DEBUG -   Starting large_metadata analysis...
2025-03-11 11:44:08,998 - INFO - [208.16s]   [208.16s]   Checking for large metadata fields...
2025-03-11 11:44:08,998 - DEBUG -   Starting Reading metadata...
2025-03-11 11:44:08,999 - DEBUG -   JPEG format recognized data[0:2]=0xFFD8
2025-03-11 11:44:08,999 - DEBUG -   data[2]=0xFF data[3]=0xE0 data[6:10]=b'JFIF'
2025-03-11 11:44:08,999 - DEBUG -    Length offset is 16
2025-03-11 11:44:08,999 - DEBUG -    Added to zero
2025-03-11 11:44:08,999 - DEBUG -    Set segment base to 0x14
2025-03-11 11:44:08,999 - DEBUG -    Segment base 0x14
2025-03-11 11:44:08,999 - DEBUG -     APP1 at base 0x14
2025-03-11 11:44:08,999 - DEBUG -     Length: 0x0 0xD4
2025-03-11 11:44:08,999 - DEBUG -     Code: b'Exif'
2025-03-11 11:44:08,999 - DEBUG -     Decrement base by 2 to get to pre-segment header (for compatibility with later code)
2025-03-11 11:44:08,999 - DEBUG -   Endian format is M (Motorola)
2025-03-11 11:44:08,999 - DEBUG -   IFD 0 (Image) at offset 8:
2025-03-11 11:44:08,999 - DEBUG -    Orientation: (0x0112) Short=Horizontal (normal) @ 18
2025-03-11 11:44:08,999 - DEBUG -    XResolution: (0x011A) Ratio=72 @ 86
2025-03-11 11:44:08,999 - DEBUG -    YResolution: (0x011B) Ratio=72 @ 94
2025-03-11 11:44:08,999 - DEBUG -    ResolutionUnit: (0x0128) Short=Pixels/Inch @ 54
2025-03-11 11:44:08,999 - DEBUG -    Software: (0x0131) ASCII=GIMP 2.8.16 @ 102
2025-03-11 11:44:08,999 - DEBUG -    ExifOffset: (0x8769) Long=114 @ 78
2025-03-11 11:44:08,999 - DEBUG -   Exif SubIFD at offset 114:
2025-03-11 11:44:08,999 - DEBUG -    ExifVersion: (0x9000) Undefined=0210 @ 124
2025-03-11 11:44:08,999 - DEBUG -    ComponentsConfiguration: (0x9101) Undefined=YCbCr @ 136
2025-03-11 11:44:08,999 - DEBUG -    FlashPixVersion: (0xA000) Undefined=0100 @ 148
2025-03-11 11:44:08,999 - DEBUG -    ColorSpace: (0xA001) Short=sRGB @ 160
2025-03-11 11:44:08,999 - DEBUG -    ExifImageWidth: (0xA002) Long=2830 @ 172
2025-03-11 11:44:08,999 - DEBUG -    ExifImageLength: (0xA003) Long=3912 @ 184
2025-03-11 11:44:08,999 - DEBUG -    SceneCaptureType: (0xA406) Short=Standard @ 196
2025-03-11 11:44:08,999 - DEBUG -   Found 13 metadata tags
2025-03-11 11:44:08,999 - DEBUG -   Completed Reading metadata in 0.00s
2025-03-11 11:44:08,999 - DEBUG -   Starting Analyzing metadata fields...
2025-03-11 11:44:08,999 - DEBUG -   Completed Analyzing metadata fields in 0.00s
2025-03-11 11:44:08,999 - INFO - [208.16s]   [208.16s]   No suspicious large metadata fields found
2025-03-11 11:44:08,999 - DEBUG -   Completed large_metadata analysis in 0.00s
2025-03-11 11:44:08,999 - INFO - [208.16s]   [208.16s]   Progress: 12/12 analysis steps completed (100.0%)
2025-03-11 11:44:08,999 - INFO - [208.16s]   [208.16s]   Analysis complete - 0 total findings
2025-03-11 11:44:08,999 - INFO - [208.16s]   [208.16s]   Completed Analyzing yews_10AM_3-10-25-10AM-2.jpg in 44.64s
2025-03-11 11:44:08,999 - INFO - [208.16s]   [208.16s]   Completed Analyzing yews_10AM_3-10-25-10AM-2.jpg in 44.64s
2025-03-11 11:44:08,999 - INFO - [208.16s]   [208.16s]   
Analyzing file 19/30: /Users/adam/Git/stego_tools/yews_images/yews_news/2025-03-11/yews_10AM_3-10-25-10AM-0.jpg
2025-03-11 11:44:08,999 - INFO - [208.16s]   [208.16s]   Starting Analyzing yews_10AM_3-10-25-10AM-0.jpg...
2025-03-11 11:44:08,999 - INFO - [208.16s]   [208.16s]   Starting Analyzing yews_10AM_3-10-25-10AM-0.jpg...
2025-03-11 11:44:09,000 - INFO - [208.16s]   [208.16s]   File size: 1,411,100 bytes
2025-03-11 11:44:09,000 - DEBUG -   Starting metadata analysis...
2025-03-11 11:44:09,000 - INFO - [208.16s]   [208.16s]   Checking metadata...
2025-03-11 11:44:09,000 - DEBUG -   Starting Reading EXIF data...
2025-03-11 11:44:09,002 - DEBUG -   JPEG format recognized data[0:2]=0xFFD8
2025-03-11 11:44:09,002 - DEBUG -   data[2]=0xFF data[3]=0xE0 data[6:10]=b'JFIF'
2025-03-11 11:44:09,002 - DEBUG -    Length offset is 16
2025-03-11 11:44:09,002 - DEBUG -    Added to zero
2025-03-11 11:44:09,002 - DEBUG -    Set segment base to 0x14
2025-03-11 11:44:09,002 - DEBUG -    Segment base 0x14
2025-03-11 11:44:09,002 - DEBUG -     APP1 at base 0x14
2025-03-11 11:44:09,002 - DEBUG -     Length: 0xE 0xFA
2025-03-11 11:44:09,002 - DEBUG -     Code: b'Exif'
2025-03-11 11:44:09,002 - DEBUG -     Decrement base by 2 to get to pre-segment header (for compatibility with later code)
2025-03-11 11:44:09,002 - DEBUG -   Endian format is M (Motorola)
2025-03-11 11:44:09,002 - DEBUG -   IFD 0 (Image) at offset 8:
2025-03-11 11:44:09,002 - DEBUG -    PhotometricInterpretation: (0x0106) Short=2 @ 18
2025-03-11 11:44:09,002 - DEBUG -    Orientation: (0x0112) Short=Horizontal (normal) @ 30
2025-03-11 11:44:09,002 - DEBUG -    XResolution: (0x011A) Ratio=72 @ 110
2025-03-11 11:44:09,002 - DEBUG -    YResolution: (0x011B) Ratio=72 @ 118
2025-03-11 11:44:09,002 - DEBUG -    ResolutionUnit: (0x0128) Short=Pixels/Inch @ 66
2025-03-11 11:44:09,002 - DEBUG -    Software: (0x0131) ASCII=Adobe Photoshop 7.0 @ 126
2025-03-11 11:44:09,002 - DEBUG -    DateTime: (0x0132) ASCII=2004:07:20 16:00:35 @ 146
2025-03-11 11:44:09,002 - DEBUG -    ExifOffset: (0x8769) Long=166 @ 102
2025-03-11 11:44:09,002 - DEBUG -   Exif SubIFD at offset 166:
2025-03-11 11:44:09,002 - DEBUG -    ExifVersion: (0x9000) Undefined=0221 @ 176
2025-03-11 11:44:09,002 - DEBUG -    ComponentsConfiguration: (0x9101) Undefined=YCbCr @ 188
2025-03-11 11:44:09,002 - DEBUG -    UserComment: (0x9286) Undefined= @ 268
2025-03-11 11:44:09,002 - DEBUG -    FlashPixVersion: (0xA000) Undefined=0100 @ 212
2025-03-11 11:44:09,002 - DEBUG -    ColorSpace: (0xA001) Short=sRGB @ 224
2025-03-11 11:44:09,002 - DEBUG -    ExifImageWidth: (0xA002) Long=2268 @ 236
2025-03-11 11:44:09,002 - DEBUG -    ExifImageLength: (0xA003) Long=1600 @ 248
2025-03-11 11:44:09,002 - DEBUG -    SceneCaptureType: (0xA406) Short=Standard @ 260
2025-03-11 11:44:09,002 - DEBUG -   Found 16 EXIF tags
2025-03-11 11:44:09,002 - DEBUG -   Completed Reading EXIF data in 0.00s
2025-03-11 11:44:09,002 - DEBUG -   Starting Analyzing metadata content...
2025-03-11 11:44:09,002 - INFO - [208.16s]   [208.16s]   No suspicious patterns found in metadata
2025-03-11 11:44:09,002 - DEBUG -   Completed Analyzing metadata content in 0.00s
2025-03-11 11:44:09,002 - DEBUG -   Completed metadata analysis in 0.00s
2025-03-11 11:44:09,002 - INFO - [208.16s]   [208.16s]   Progress: 1/12 analysis steps completed (8.3%)
2025-03-11 11:44:09,002 - DEBUG -   Starting raw_bytes analysis...
2025-03-11 11:44:09,002 - INFO - [208.16s]   [208.16s]   Checking raw bytes...
2025-03-11 11:44:09,002 - DEBUG -   Starting Reading file content...
2025-03-11 11:44:09,003 - DEBUG -   Read 1,411,100 bytes
2025-03-11 11:44:09,003 - DEBUG -   Completed Reading file content in 0.00s
2025-03-11 11:44:09,003 - DEBUG -   Starting Analyzing ASCII content...
2025-03-11 11:44:09,012 - DEBUG -   Completed Analyzing ASCII content in 0.01s
2025-03-11 11:44:09,012 - DEBUG -   Starting Analyzing hex content...
2025-03-11 11:44:09,017 - DEBUG -   Completed Analyzing hex content in 0.00s
2025-03-11 11:44:09,017 - DEBUG -   Starting Checking base64 variants...
2025-03-11 11:44:09,021 - DEBUG -   Completed Checking base64 variants in 0.00s
2025-03-11 11:44:09,021 - DEBUG -   Starting Analyzing suspicious patterns...
2025-03-11 11:44:09,151 - WARNING - [208.31s]   [208.31s]   Suspicious substring in raw data: Steganography tool reference: f5
2025-03-11 11:44:09,151 - DEBUG -   Completed Analyzing suspicious patterns in 0.13s
2025-03-11 11:44:09,151 - INFO - [208.31s]   [208.31s]   Found 1 suspicious patterns in raw bytes
2025-03-11 11:44:09,151 - DEBUG -   Completed raw_bytes analysis in 0.15s
2025-03-11 11:44:09,151 - INFO - [208.31s]   [208.31s]   Progress: 2/12 analysis steps completed (16.7%)
2025-03-11 11:44:09,151 - DEBUG -   Starting binary_patterns analysis...
2025-03-11 11:44:10,469 - DEBUG -   Completed binary_patterns analysis in 1.32s
2025-03-11 11:44:10,470 - INFO - [209.63s]   [209.63s]   Progress: 3/12 analysis steps completed (25.0%)
2025-03-11 11:44:10,470 - DEBUG -   Starting lsb analysis...
2025-03-11 11:44:10,470 - DEBUG -   tag: PhotometricInterpretation (262) - type: short (3) - value: b'\x00\x02'
2025-03-11 11:44:10,470 - DEBUG -   tag: Orientation (274) - type: short (3) - value: b'\x00\x01'
2025-03-11 11:44:10,470 - DEBUG -   tag: XResolution (282) - type: rational (5) Tag Location: 46 - Data Location: 110 - value: b'\x00\x00\x00H\x00\x00\x00\x01'
2025-03-11 11:44:10,470 - DEBUG -   tag: YResolution (283) - type: rational (5) Tag Location: 58 - Data Location: 118 - value: b'\x00\x00\x00H\x00\x00\x00\x01'
2025-03-11 11:44:10,470 - DEBUG -   tag: ResolutionUnit (296) - type: short (3) - value: b'\x00\x02'
2025-03-11 11:44:10,470 - DEBUG -   tag: Software (305) - type: string (2) Tag Location: 82 - Data Location: 126 - value: b'Adobe Photoshop 7.0\x00'
2025-03-11 11:44:10,470 - DEBUG -   tag: DateTime (306) - type: string (2) Tag Location: 94 - Data Location: 146 - value: b'2004:07:20 16:00:35\x00'
2025-03-11 11:44:10,470 - DEBUG -   tag: ExifIFD (34665) - type: long (4) - value: b'\x00\x00\x00\xa6'
2025-03-11 11:44:21,348 - DEBUG -   Completed lsb analysis in 10.88s
2025-03-11 11:44:21,348 - INFO - [220.51s]   [220.51s]   Progress: 4/12 analysis steps completed (33.3%)
2025-03-11 11:44:21,348 - DEBUG -   Starting channels analysis...
2025-03-11 11:44:21,348 - DEBUG -   tag: PhotometricInterpretation (262) - type: short (3) - value: b'\x00\x02'
2025-03-11 11:44:21,348 - DEBUG -   tag: Orientation (274) - type: short (3) - value: b'\x00\x01'
2025-03-11 11:44:21,348 - DEBUG -   tag: XResolution (282) - type: rational (5) Tag Location: 46 - Data Location: 110 - value: b'\x00\x00\x00H\x00\x00\x00\x01'
2025-03-11 11:44:21,348 - DEBUG -   tag: YResolution (283) - type: rational (5) Tag Location: 58 - Data Location: 118 - value: b'\x00\x00\x00H\x00\x00\x00\x01'
2025-03-11 11:44:21,348 - DEBUG -   tag: ResolutionUnit (296) - type: short (3) - value: b'\x00\x02'
2025-03-11 11:44:21,348 - DEBUG -   tag: Software (305) - type: string (2) Tag Location: 82 - Data Location: 126 - value: b'Adobe Photoshop 7.0\x00'
2025-03-11 11:44:21,348 - DEBUG -   tag: DateTime (306) - type: string (2) Tag Location: 94 - Data Location: 146 - value: b'2004:07:20 16:00:35\x00'
2025-03-11 11:44:21,348 - DEBUG -   tag: ExifIFD (34665) - type: long (4) - value: b'\x00\x00\x00\xa6'
2025-03-11 11:44:22,972 - DEBUG -   Completed channels analysis in 1.62s
2025-03-11 11:44:22,972 - INFO - [222.13s]   [222.13s]   Progress: 5/12 analysis steps completed (41.7%)
2025-03-11 11:44:22,972 - DEBUG -   Starting binwalk analysis...
2025-03-11 11:44:23,007 - DEBUG -   Completed binwalk analysis in 0.03s
2025-03-11 11:44:23,007 - INFO - [222.17s]   [222.17s]   Progress: 6/12 analysis steps completed (50.0%)
2025-03-11 11:44:23,007 - DEBUG -   Starting icc_profile analysis...
2025-03-11 11:44:23,007 - DEBUG -   tag: PhotometricInterpretation (262) - type: short (3) - value: b'\x00\x02'
2025-03-11 11:44:23,007 - DEBUG -   tag: Orientation (274) - type: short (3) - value: b'\x00\x01'
2025-03-11 11:44:23,007 - DEBUG -   tag: XResolution (282) - type: rational (5) Tag Location: 46 - Data Location: 110 - value: b'\x00\x00\x00H\x00\x00\x00\x01'
2025-03-11 11:44:23,007 - DEBUG -   tag: YResolution (283) - type: rational (5) Tag Location: 58 - Data Location: 118 - value: b'\x00\x00\x00H\x00\x00\x00\x01'
2025-03-11 11:44:23,007 - DEBUG -   tag: ResolutionUnit (296) - type: short (3) - value: b'\x00\x02'
2025-03-11 11:44:23,007 - DEBUG -   tag: Software (305) - type: string (2) Tag Location: 82 - Data Location: 126 - value: b'Adobe Photoshop 7.0\x00'
2025-03-11 11:44:23,007 - DEBUG -   tag: DateTime (306) - type: string (2) Tag Location: 94 - Data Location: 146 - value: b'2004:07:20 16:00:35\x00'
2025-03-11 11:44:23,007 - DEBUG -   tag: ExifIFD (34665) - type: long (4) - value: b'\x00\x00\x00\xa6'
2025-03-11 11:44:23,008 - DEBUG -   Completed icc_profile analysis in 0.00s
2025-03-11 11:44:23,008 - INFO - [222.17s]   [222.17s]   Progress: 7/12 analysis steps completed (58.3%)
2025-03-11 11:44:23,008 - DEBUG -   Starting zip_signatures analysis...
2025-03-11 11:44:23,119 - DEBUG -   Completed zip_signatures analysis in 0.11s
2025-03-11 11:44:23,119 - INFO - [222.28s]   [222.28s]   Progress: 8/12 analysis steps completed (66.7%)
2025-03-11 11:44:23,119 - DEBUG -   Starting appended_data analysis...
2025-03-11 11:44:23,119 - INFO - [222.28s]   [222.28s]   Checking for appended data...
2025-03-11 11:44:23,119 - DEBUG -   Starting Reading file...
2025-03-11 11:44:23,119 - DEBUG -   Read 1,411,100 bytes
2025-03-11 11:44:23,119 - DEBUG -   Completed Reading file in 0.00s
2025-03-11 11:44:23,119 - DEBUG -   Starting Analyzing file format...
2025-03-11 11:44:23,203 - DEBUG -   Found 1 EOI markers
2025-03-11 11:44:23,203 - DEBUG -   Completed Analyzing file format in 0.08s
2025-03-11 11:44:23,203 - INFO - [222.36s]   [222.36s]   No appended data found
2025-03-11 11:44:23,203 - DEBUG -   Completed appended_data analysis in 0.08s
2025-03-11 11:44:23,203 - INFO - [222.36s]   [222.36s]   Progress: 9/12 analysis steps completed (75.0%)
2025-03-11 11:44:23,203 - DEBUG -   Starting histogram analysis...
2025-03-11 11:44:23,203 - DEBUG -   tag: PhotometricInterpretation (262) - type: short (3) - value: b'\x00\x02'
2025-03-11 11:44:23,203 - DEBUG -   tag: Orientation (274) - type: short (3) - value: b'\x00\x01'
2025-03-11 11:44:23,203 - DEBUG -   tag: XResolution (282) - type: rational (5) Tag Location: 46 - Data Location: 110 - value: b'\x00\x00\x00H\x00\x00\x00\x01'
2025-03-11 11:44:23,203 - DEBUG -   tag: YResolution (283) - type: rational (5) Tag Location: 58 - Data Location: 118 - value: b'\x00\x00\x00H\x00\x00\x00\x01'
2025-03-11 11:44:23,203 - DEBUG -   tag: ResolutionUnit (296) - type: short (3) - value: b'\x00\x02'
2025-03-11 11:44:23,203 - DEBUG -   tag: Software (305) - type: string (2) Tag Location: 82 - Data Location: 126 - value: b'Adobe Photoshop 7.0\x00'
2025-03-11 11:44:23,203 - DEBUG -   tag: DateTime (306) - type: string (2) Tag Location: 94 - Data Location: 146 - value: b'2004:07:20 16:00:35\x00'
2025-03-11 11:44:23,203 - DEBUG -   tag: ExifIFD (34665) - type: long (4) - value: b'\x00\x00\x00\xa6'
2025-03-11 11:44:23,974 - DEBUG -   Completed histogram analysis in 0.77s
2025-03-11 11:44:23,974 - INFO - [223.13s]   [223.13s]   Progress: 10/12 analysis steps completed (83.3%)
2025-03-11 11:44:23,974 - DEBUG -   Starting jpeg_comments analysis...
2025-03-11 11:44:23,974 - INFO - [223.13s]   [223.13s]   Checking JPEG comment segments...
2025-03-11 11:44:23,974 - DEBUG -   Starting Reading JPEG file...
2025-03-11 11:44:23,975 - DEBUG -   Completed Reading JPEG file in 0.00s
2025-03-11 11:44:23,975 - DEBUG -   Starting Analyzing comment segments...
2025-03-11 11:44:24,067 - DEBUG -   Completed Analyzing comment segments in 0.09s
2025-03-11 11:44:24,067 - INFO - [223.23s]   [223.23s]   No suspicious patterns found in JPEG comments
2025-03-11 11:44:24,068 - DEBUG -   Completed jpeg_comments analysis in 0.09s
2025-03-11 11:44:24,068 - INFO - [223.23s]   [223.23s]   Progress: 11/12 analysis steps completed (91.7%)
2025-03-11 11:44:24,068 - DEBUG -   Starting large_metadata analysis...
2025-03-11 11:44:24,068 - INFO - [223.23s]   [223.23s]   Checking for large metadata fields...
2025-03-11 11:44:24,068 - DEBUG -   Starting Reading metadata...
2025-03-11 11:44:24,068 - DEBUG -   JPEG format recognized data[0:2]=0xFFD8
2025-03-11 11:44:24,068 - DEBUG -   data[2]=0xFF data[3]=0xE0 data[6:10]=b'JFIF'
2025-03-11 11:44:24,068 - DEBUG -    Length offset is 16
2025-03-11 11:44:24,068 - DEBUG -    Added to zero
2025-03-11 11:44:24,068 - DEBUG -    Set segment base to 0x14
2025-03-11 11:44:24,068 - DEBUG -    Segment base 0x14
2025-03-11 11:44:24,068 - DEBUG -     APP1 at base 0x14
2025-03-11 11:44:24,068 - DEBUG -     Length: 0xE 0xFA
2025-03-11 11:44:24,068 - DEBUG -     Code: b'Exif'
2025-03-11 11:44:24,068 - DEBUG -     Decrement base by 2 to get to pre-segment header (for compatibility with later code)
2025-03-11 11:44:24,068 - DEBUG -   Endian format is M (Motorola)
2025-03-11 11:44:24,068 - DEBUG -   IFD 0 (Image) at offset 8:
2025-03-11 11:44:24,068 - DEBUG -    PhotometricInterpretation: (0x0106) Short=2 @ 18
2025-03-11 11:44:24,068 - DEBUG -    Orientation: (0x0112) Short=Horizontal (normal) @ 30
2025-03-11 11:44:24,068 - DEBUG -    XResolution: (0x011A) Ratio=72 @ 110
2025-03-11 11:44:24,068 - DEBUG -    YResolution: (0x011B) Ratio=72 @ 118
2025-03-11 11:44:24,068 - DEBUG -    ResolutionUnit: (0x0128) Short=Pixels/Inch @ 66
2025-03-11 11:44:24,068 - DEBUG -    Software: (0x0131) ASCII=Adobe Photoshop 7.0 @ 126
2025-03-11 11:44:24,068 - DEBUG -    DateTime: (0x0132) ASCII=2004:07:20 16:00:35 @ 146
2025-03-11 11:44:24,068 - DEBUG -    ExifOffset: (0x8769) Long=166 @ 102
2025-03-11 11:44:24,068 - DEBUG -   Exif SubIFD at offset 166:
2025-03-11 11:44:24,068 - DEBUG -    ExifVersion: (0x9000) Undefined=0221 @ 176
2025-03-11 11:44:24,068 - DEBUG -    ComponentsConfiguration: (0x9101) Undefined=YCbCr @ 188
2025-03-11 11:44:24,068 - DEBUG -    UserComment: (0x9286) Undefined= @ 268
2025-03-11 11:44:24,068 - DEBUG -    FlashPixVersion: (0xA000) Undefined=0100 @ 212
2025-03-11 11:44:24,069 - DEBUG -    ColorSpace: (0xA001) Short=sRGB @ 224
2025-03-11 11:44:24,069 - DEBUG -    ExifImageWidth: (0xA002) Long=2268 @ 236
2025-03-11 11:44:24,069 - DEBUG -    ExifImageLength: (0xA003) Long=1600 @ 248
2025-03-11 11:44:24,069 - DEBUG -    SceneCaptureType: (0xA406) Short=Standard @ 260
2025-03-11 11:44:24,069 - DEBUG -   Found 16 metadata tags
2025-03-11 11:44:24,069 - DEBUG -   Completed Reading metadata in 0.00s
2025-03-11 11:44:24,069 - DEBUG -   Starting Analyzing metadata fields...
2025-03-11 11:44:24,069 - DEBUG -   Completed Analyzing metadata fields in 0.00s
2025-03-11 11:44:24,069 - INFO - [223.23s]   [223.23s]   No suspicious large metadata fields found
2025-03-11 11:44:24,069 - DEBUG -   Completed large_metadata analysis in 0.00s
2025-03-11 11:44:24,069 - INFO - [223.23s]   [223.23s]   Progress: 12/12 analysis steps completed (100.0%)
2025-03-11 11:44:24,069 - INFO - [223.23s]   [223.23s]   Analysis complete - 0 total findings
2025-03-11 11:44:24,069 - INFO - [223.23s]   [223.23s]   Completed Analyzing yews_10AM_3-10-25-10AM-0.jpg in 15.07s
2025-03-11 11:44:24,069 - INFO - [223.23s]   [223.23s]   Completed Analyzing yews_10AM_3-10-25-10AM-0.jpg in 15.07s
2025-03-11 11:44:24,069 - INFO - [223.23s]   [223.23s]   
Analyzing file 20/30: /Users/adam/Git/stego_tools/yews_images/yews_news/2025-03-11/yews_10AM_3-10-25-10AM-1.jpg
2025-03-11 11:44:24,069 - INFO - [223.23s]   [223.23s]   Starting Analyzing yews_10AM_3-10-25-10AM-1.jpg...
2025-03-11 11:44:24,069 - INFO - [223.23s]   [223.23s]   Starting Analyzing yews_10AM_3-10-25-10AM-1.jpg...
2025-03-11 11:44:24,069 - INFO - [223.23s]   [223.23s]   File size: 3,252,109 bytes
2025-03-11 11:44:24,069 - DEBUG -   Starting metadata analysis...
2025-03-11 11:44:24,069 - INFO - [223.23s]   [223.23s]   Checking metadata...
2025-03-11 11:44:24,069 - DEBUG -   Starting Reading EXIF data...
2025-03-11 11:44:24,070 - DEBUG -   JPEG format recognized data[0:2]=0xFFD8
2025-03-11 11:44:24,070 - DEBUG -   data[2]=0xFF data[3]=0xE0 data[6:10]=b'JFIF'
2025-03-11 11:44:24,070 - DEBUG -    Length offset is 16
2025-03-11 11:44:24,070 - DEBUG -    Added to zero
2025-03-11 11:44:24,070 - DEBUG -    Set segment base to 0x14
2025-03-11 11:44:24,070 - DEBUG -    Segment base 0x14
2025-03-11 11:44:24,070 - DEBUG -     APP1 at base 0x14
2025-03-11 11:44:24,070 - DEBUG -     Length: 0x2 0xEE
2025-03-11 11:44:24,070 - DEBUG -     Code: b'Exif'
2025-03-11 11:44:24,070 - DEBUG -     Decrement base by 2 to get to pre-segment header (for compatibility with later code)
2025-03-11 11:44:24,070 - DEBUG -   Endian format is M (Motorola)
2025-03-11 11:44:24,070 - DEBUG -   IFD 0 (Image) at offset 8:
2025-03-11 11:44:24,070 - DEBUG -    PhotometricInterpretation: (0x0106) Short=2 @ 18
2025-03-11 11:44:24,070 - DEBUG -    ImageDescription: (0x010E) ASCII=cam_1977.214 @ 170
2025-03-11 11:44:24,070 - DEBUG -    Make: (0x010F) ASCII=Hasselblad @ 184
2025-03-11 11:44:24,070 - DEBUG -    Model: (0x0110) ASCII=Hasselblad CF-39 - Hasselblad H2 @ 196
2025-03-11 11:44:24,070 - DEBUG -    Orientation: (0x0112) Short=Horizontal (normal) @ 66
2025-03-11 11:44:24,070 - DEBUG -    XResolution: (0x011A) Ratio=300 @ 230
2025-03-11 11:44:24,070 - DEBUG -    YResolution: (0x011B) Ratio=300 @ 238
2025-03-11 11:44:24,070 - DEBUG -    ResolutionUnit: (0x0128) Short=Pixels/Inch @ 102
2025-03-11 11:44:24,071 - DEBUG -    Software: (0x0131) ASCII=Adobe Photoshop CS Macintosh @ 246
2025-03-11 11:44:24,071 - DEBUG -    DateTime: (0x0132) ASCII=2014:07:02 12:45:48 @ 276
2025-03-11 11:44:24,071 - DEBUG -    Artist: (0x013B) ASCII=Rob Deslongchamps @ 296
2025-03-11 11:44:24,071 - DEBUG -    Copyright: (0x8298) ASCII=Cincinnati Art Museum @ 314
2025-03-11 11:44:24,071 - DEBUG -    ExifOffset: (0x8769) Long=336 @ 162
2025-03-11 11:44:24,071 - DEBUG -   Exif SubIFD at offset 336:
2025-03-11 11:44:24,071 - DEBUG -    ExposureTime: (0x829A) Ratio=9039/162454 @ 630
2025-03-11 11:44:24,071 - DEBUG -    FNumber: (0x829D) Ratio=36273/23920 @ 638
2025-03-11 11:44:24,071 - DEBUG -    ExposureProgram: (0x8822) Short=Manual @ 370
2025-03-11 11:44:24,071 - DEBUG -    ISOSpeedRatings: (0x8827) Short=50 @ 382
2025-03-11 11:44:24,071 - DEBUG -    ExifVersion: (0x9000) Undefined=0230 @ 394
2025-03-11 11:44:24,071 - DEBUG -    DateTimeOriginal: (0x9003) ASCII=2012:06:04 00:00:00 @ 646
2025-03-11 11:44:24,071 - DEBUG -    DateTimeDigitized: (0x9004) ASCII=2012:06:04 11:12:04 @ 666
2025-03-11 11:44:24,071 - DEBUG -    ComponentsConfiguration: (0x9101) Undefined=YCbCr @ 430
2025-03-11 11:44:24,071 - DEBUG -    ShutterSpeedValue: (0x9201) Signed Ratio=32087/34142 @ 686
2025-03-11 11:44:24,071 - DEBUG -    ApertureValue: (0x9202) Ratio=26791/11892 @ 694
2025-03-11 11:44:24,071 - DEBUG -    MaxApertureValue: (0x9205) Ratio=14756/33659 @ 702
2025-03-11 11:44:24,071 - DEBUG -    SubjectDistance: (0x9206) Ratio=18617/35644 @ 710
2025-03-11 11:44:24,071 - DEBUG -    MeteringMode: (0x9207) Short=CenterWeightedAverage @ 490
2025-03-11 11:44:24,071 - DEBUG -    Flash: (0x9209) Short=Flash did not fire @ 502
2025-03-11 11:44:24,071 - DEBUG -    FocalLength: (0x920A) Ratio=207955/12398 @ 718
2025-03-11 11:44:24,071 - DEBUG -    FlashPixVersion: (0xA000) Undefined=0100 @ 526
2025-03-11 11:44:24,071 - DEBUG -    ColorSpace: (0xA001) Short=sRGB @ 538
2025-03-11 11:44:24,071 - DEBUG -    ExifImageWidth: (0xA002) Long=4529 @ 550
2025-03-11 11:44:24,071 - DEBUG -    ExifImageLength: (0xA003) Long=3359 @ 562
2025-03-11 11:44:24,071 - DEBUG -    FocalPlaneXResolution: (0xA20E) Ratio=20198/54503 @ 726
2025-03-11 11:44:24,071 - DEBUG -    FocalPlaneYResolution: (0xA20F) Ratio=457268/402785 @ 734
2025-03-11 11:44:24,071 - DEBUG -    FocalPlaneResolutionUnit: (0xA210) Short=3 @ 598
2025-03-11 11:44:24,071 - DEBUG -    FocalLengthIn35mmFilm: (0xA405) Short=84 @ 610
2025-03-11 11:44:24,071 - DEBUG -    SceneCaptureType: (0xA406) Short=Standard @ 622
2025-03-11 11:44:24,071 - DEBUG -   Found 37 EXIF tags
2025-03-11 11:44:24,071 - DEBUG -   Completed Reading EXIF data in 0.00s
2025-03-11 11:44:24,071 - DEBUG -   Starting Analyzing metadata content...
2025-03-11 11:44:24,071 - INFO - [223.23s]   [223.23s]   No suspicious patterns found in metadata
2025-03-11 11:44:24,071 - DEBUG -   Completed Analyzing metadata content in 0.00s
2025-03-11 11:44:24,071 - DEBUG -   Completed metadata analysis in 0.00s
2025-03-11 11:44:24,071 - INFO - [223.23s]   [223.23s]   Progress: 1/12 analysis steps completed (8.3%)
2025-03-11 11:44:24,071 - DEBUG -   Starting raw_bytes analysis...
2025-03-11 11:44:24,071 - INFO - [223.23s]   [223.23s]   Checking raw bytes...
2025-03-11 11:44:24,071 - DEBUG -   Starting Reading file content...
2025-03-11 11:44:24,074 - DEBUG -   Read 3,252,109 bytes
2025-03-11 11:44:24,074 - DEBUG -   Completed Reading file content in 0.00s
2025-03-11 11:44:24,074 - DEBUG -   Starting Analyzing ASCII content...
2025-03-11 11:44:24,097 - DEBUG -   Completed Analyzing ASCII content in 0.02s
2025-03-11 11:44:24,097 - DEBUG -   Starting Analyzing hex content...
2025-03-11 11:44:24,107 - DEBUG -   Completed Analyzing hex content in 0.01s
2025-03-11 11:44:24,108 - DEBUG -   Starting Checking base64 variants...
2025-03-11 11:44:24,118 - DEBUG -   Completed Checking base64 variants in 0.01s
2025-03-11 11:44:24,118 - DEBUG -   Starting Analyzing suspicious patterns...
2025-03-11 11:44:24,454 - WARNING - [223.61s]   [223.61s]   Suspicious substring in raw data: Steganography tool reference: f5
2025-03-11 11:44:24,454 - DEBUG -   Completed Analyzing suspicious patterns in 0.34s
2025-03-11 11:44:24,454 - INFO - [223.61s]   [223.61s]   Found 1 suspicious patterns in raw bytes
2025-03-11 11:44:24,455 - DEBUG -   Completed raw_bytes analysis in 0.38s
2025-03-11 11:44:24,455 - INFO - [223.62s]   [223.62s]   Progress: 2/12 analysis steps completed (16.7%)
2025-03-11 11:44:24,455 - DEBUG -   Starting binary_patterns analysis...
2025-03-11 11:44:27,489 - DEBUG -   Completed binary_patterns analysis in 3.03s
2025-03-11 11:44:27,489 - INFO - [226.65s]   [226.65s]   Progress: 3/12 analysis steps completed (25.0%)
2025-03-11 11:44:27,490 - DEBUG -   Starting lsb analysis...
2025-03-11 11:44:27,490 - DEBUG -   tag: PhotometricInterpretation (262) - type: short (3) - value: b'\x00\x02'
2025-03-11 11:44:27,490 - DEBUG -   tag: ImageDescription (270) - type: string (2) Tag Location: 34 - Data Location: 170 - value: b'cam_1977.214\x00'
2025-03-11 11:44:27,490 - DEBUG -   tag: Make (271) - type: string (2) Tag Location: 46 - Data Location: 184 - value: b'Hasselblad\x00'
2025-03-11 11:44:27,490 - DEBUG -   tag: Model (272) - type: string (2) Tag Location: 58 - Data Location: 196 - value: <table: 33 bytes>
2025-03-11 11:44:27,490 - DEBUG -   tag: Orientation (274) - type: short (3) - value: b'\x00\x01'
2025-03-11 11:44:27,490 - DEBUG -   tag: XResolution (282) - type: rational (5) Tag Location: 82 - Data Location: 230 - value: b'\x00\x00\x01,\x00\x00\x00\x01'
2025-03-11 11:44:27,490 - DEBUG -   tag: YResolution (283) - type: rational (5) Tag Location: 94 - Data Location: 238 - value: b'\x00\x00\x01,\x00\x00\x00\x01'
2025-03-11 11:44:27,490 - DEBUG -   tag: ResolutionUnit (296) - type: short (3) - value: b'\x00\x02'
2025-03-11 11:44:27,490 - DEBUG -   tag: Software (305) - type: string (2) Tag Location: 118 - Data Location: 246 - value: b'Adobe Photoshop CS Macintosh\x00'
2025-03-11 11:44:27,490 - DEBUG -   tag: DateTime (306) - type: string (2) Tag Location: 130 - Data Location: 276 - value: b'2014:07:02 12:45:48\x00'
2025-03-11 11:44:27,490 - DEBUG -   tag: Artist (315) - type: string (2) Tag Location: 142 - Data Location: 296 - value: b'Rob Deslongchamps\x00'
2025-03-11 11:44:27,490 - DEBUG -   tag: Copyright (33432) - type: string (2) Tag Location: 154 - Data Location: 314 - value: b'Cincinnati Art Museum\x00'
2025-03-11 11:44:27,490 - DEBUG -   tag: ExifIFD (34665) - type: long (4) - value: b'\x00\x00\x01P'
2025-03-11 11:45:14,814 - DEBUG -   Completed lsb analysis in 47.32s
2025-03-11 11:45:14,816 - INFO - [273.98s]   [273.98s]   Progress: 4/12 analysis steps completed (33.3%)
2025-03-11 11:45:14,816 - DEBUG -   Starting channels analysis...
2025-03-11 11:45:14,817 - DEBUG -   tag: PhotometricInterpretation (262) - type: short (3) - value: b'\x00\x02'
2025-03-11 11:45:14,817 - DEBUG -   tag: ImageDescription (270) - type: string (2) Tag Location: 34 - Data Location: 170 - value: b'cam_1977.214\x00'
2025-03-11 11:45:14,817 - DEBUG -   tag: Make (271) - type: string (2) Tag Location: 46 - Data Location: 184 - value: b'Hasselblad\x00'
2025-03-11 11:45:14,817 - DEBUG -   tag: Model (272) - type: string (2) Tag Location: 58 - Data Location: 196 - value: <table: 33 bytes>
2025-03-11 11:45:14,817 - DEBUG -   tag: Orientation (274) - type: short (3) - value: b'\x00\x01'
2025-03-11 11:45:14,817 - DEBUG -   tag: XResolution (282) - type: rational (5) Tag Location: 82 - Data Location: 230 - value: b'\x00\x00\x01,\x00\x00\x00\x01'
2025-03-11 11:45:14,817 - DEBUG -   tag: YResolution (283) - type: rational (5) Tag Location: 94 - Data Location: 238 - value: b'\x00\x00\x01,\x00\x00\x00\x01'
2025-03-11 11:45:14,817 - DEBUG -   tag: ResolutionUnit (296) - type: short (3) - value: b'\x00\x02'
2025-03-11 11:45:14,817 - DEBUG -   tag: Software (305) - type: string (2) Tag Location: 118 - Data Location: 246 - value: b'Adobe Photoshop CS Macintosh\x00'
2025-03-11 11:45:14,817 - DEBUG -   tag: DateTime (306) - type: string (2) Tag Location: 130 - Data Location: 276 - value: b'2014:07:02 12:45:48\x00'
2025-03-11 11:45:14,817 - DEBUG -   tag: Artist (315) - type: string (2) Tag Location: 142 - Data Location: 296 - value: b'Rob Deslongchamps\x00'
2025-03-11 11:45:14,817 - DEBUG -   tag: Copyright (33432) - type: string (2) Tag Location: 154 - Data Location: 314 - value: b'Cincinnati Art Museum\x00'
2025-03-11 11:45:14,817 - DEBUG -   tag: ExifIFD (34665) - type: long (4) - value: b'\x00\x00\x01P'
2025-03-11 11:45:21,705 - DEBUG -   Completed channels analysis in 6.89s
2025-03-11 11:45:21,706 - INFO - [280.87s]   [280.87s]   Progress: 5/12 analysis steps completed (41.7%)
2025-03-11 11:45:21,706 - DEBUG -   Starting binwalk analysis...
2025-03-11 11:45:21,757 - DEBUG -   Completed binwalk analysis in 0.05s
2025-03-11 11:45:21,757 - INFO - [280.92s]   [280.92s]   Progress: 6/12 analysis steps completed (50.0%)
2025-03-11 11:45:21,757 - DEBUG -   Starting icc_profile analysis...
2025-03-11 11:45:21,757 - DEBUG -   tag: PhotometricInterpretation (262) - type: short (3) - value: b'\x00\x02'
2025-03-11 11:45:21,757 - DEBUG -   tag: ImageDescription (270) - type: string (2) Tag Location: 34 - Data Location: 170 - value: b'cam_1977.214\x00'
2025-03-11 11:45:21,757 - DEBUG -   tag: Make (271) - type: string (2) Tag Location: 46 - Data Location: 184 - value: b'Hasselblad\x00'
2025-03-11 11:45:21,757 - DEBUG -   tag: Model (272) - type: string (2) Tag Location: 58 - Data Location: 196 - value: <table: 33 bytes>
2025-03-11 11:45:21,757 - DEBUG -   tag: Orientation (274) - type: short (3) - value: b'\x00\x01'
2025-03-11 11:45:21,757 - DEBUG -   tag: XResolution (282) - type: rational (5) Tag Location: 82 - Data Location: 230 - value: b'\x00\x00\x01,\x00\x00\x00\x01'
2025-03-11 11:45:21,757 - DEBUG -   tag: YResolution (283) - type: rational (5) Tag Location: 94 - Data Location: 238 - value: b'\x00\x00\x01,\x00\x00\x00\x01'
2025-03-11 11:45:21,757 - DEBUG -   tag: ResolutionUnit (296) - type: short (3) - value: b'\x00\x02'
2025-03-11 11:45:21,757 - DEBUG -   tag: Software (305) - type: string (2) Tag Location: 118 - Data Location: 246 - value: b'Adobe Photoshop CS Macintosh\x00'
2025-03-11 11:45:21,757 - DEBUG -   tag: DateTime (306) - type: string (2) Tag Location: 130 - Data Location: 276 - value: b'2014:07:02 12:45:48\x00'
2025-03-11 11:45:21,757 - DEBUG -   tag: Artist (315) - type: string (2) Tag Location: 142 - Data Location: 296 - value: b'Rob Deslongchamps\x00'
2025-03-11 11:45:21,757 - DEBUG -   tag: Copyright (33432) - type: string (2) Tag Location: 154 - Data Location: 314 - value: b'Cincinnati Art Museum\x00'
2025-03-11 11:45:21,758 - DEBUG -   tag: ExifIFD (34665) - type: long (4) - value: b'\x00\x00\x01P'
2025-03-11 11:45:21,758 - DEBUG -   Completed icc_profile analysis in 0.00s
2025-03-11 11:45:21,758 - INFO - [280.92s]   [280.92s]   Progress: 7/12 analysis steps completed (58.3%)
2025-03-11 11:45:21,758 - DEBUG -   Starting zip_signatures analysis...
2025-03-11 11:45:22,019 - DEBUG -   Completed zip_signatures analysis in 0.26s
2025-03-11 11:45:22,019 - INFO - [281.18s]   [281.18s]   Progress: 8/12 analysis steps completed (66.7%)
2025-03-11 11:45:22,019 - DEBUG -   Starting appended_data analysis...
2025-03-11 11:45:22,019 - INFO - [281.18s]   [281.18s]   Checking for appended data...
2025-03-11 11:45:22,019 - DEBUG -   Starting Reading file...
2025-03-11 11:45:22,020 - DEBUG -   Read 3,252,109 bytes
2025-03-11 11:45:22,020 - DEBUG -   Completed Reading file in 0.00s
2025-03-11 11:45:22,020 - DEBUG -   Starting Analyzing file format...
2025-03-11 11:45:22,218 - DEBUG -   Found 1 EOI markers
2025-03-11 11:45:22,218 - DEBUG -   Completed Analyzing file format in 0.20s
2025-03-11 11:45:22,218 - INFO - [281.38s]   [281.38s]   No appended data found
2025-03-11 11:45:22,218 - DEBUG -   Completed appended_data analysis in 0.20s
2025-03-11 11:45:22,218 - INFO - [281.38s]   [281.38s]   Progress: 9/12 analysis steps completed (75.0%)
2025-03-11 11:45:22,218 - DEBUG -   Starting histogram analysis...
2025-03-11 11:45:22,218 - DEBUG -   tag: PhotometricInterpretation (262) - type: short (3) - value: b'\x00\x02'
2025-03-11 11:45:22,218 - DEBUG -   tag: ImageDescription (270) - type: string (2) Tag Location: 34 - Data Location: 170 - value: b'cam_1977.214\x00'
2025-03-11 11:45:22,218 - DEBUG -   tag: Make (271) - type: string (2) Tag Location: 46 - Data Location: 184 - value: b'Hasselblad\x00'
2025-03-11 11:45:22,218 - DEBUG -   tag: Model (272) - type: string (2) Tag Location: 58 - Data Location: 196 - value: <table: 33 bytes>
2025-03-11 11:45:22,219 - DEBUG -   tag: Orientation (274) - type: short (3) - value: b'\x00\x01'
2025-03-11 11:45:22,219 - DEBUG -   tag: XResolution (282) - type: rational (5) Tag Location: 82 - Data Location: 230 - value: b'\x00\x00\x01,\x00\x00\x00\x01'
2025-03-11 11:45:22,219 - DEBUG -   tag: YResolution (283) - type: rational (5) Tag Location: 94 - Data Location: 238 - value: b'\x00\x00\x01,\x00\x00\x00\x01'
2025-03-11 11:45:22,219 - DEBUG -   tag: ResolutionUnit (296) - type: short (3) - value: b'\x00\x02'
2025-03-11 11:45:22,219 - DEBUG -   tag: Software (305) - type: string (2) Tag Location: 118 - Data Location: 246 - value: b'Adobe Photoshop CS Macintosh\x00'
2025-03-11 11:45:22,219 - DEBUG -   tag: DateTime (306) - type: string (2) Tag Location: 130 - Data Location: 276 - value: b'2014:07:02 12:45:48\x00'
2025-03-11 11:45:22,219 - DEBUG -   tag: Artist (315) - type: string (2) Tag Location: 142 - Data Location: 296 - value: b'Rob Deslongchamps\x00'
2025-03-11 11:45:22,219 - DEBUG -   tag: Copyright (33432) - type: string (2) Tag Location: 154 - Data Location: 314 - value: b'Cincinnati Art Museum\x00'
2025-03-11 11:45:22,219 - DEBUG -   tag: ExifIFD (34665) - type: long (4) - value: b'\x00\x00\x01P'
2025-03-11 11:45:25,534 - DEBUG -   Completed histogram analysis in 3.32s
2025-03-11 11:45:25,534 - INFO - [284.69s]   [284.69s]   Progress: 10/12 analysis steps completed (83.3%)
2025-03-11 11:45:25,534 - DEBUG -   Starting jpeg_comments analysis...
2025-03-11 11:45:25,534 - INFO - [284.69s]   [284.69s]   Checking JPEG comment segments...
2025-03-11 11:45:25,534 - DEBUG -   Starting Reading JPEG file...
2025-03-11 11:45:25,534 - DEBUG -   Completed Reading JPEG file in 0.00s
2025-03-11 11:45:25,534 - DEBUG -   Starting Analyzing comment segments...
2025-03-11 11:45:25,738 - DEBUG -   Completed Analyzing comment segments in 0.20s
2025-03-11 11:45:25,738 - INFO - [284.90s]   [284.90s]   No suspicious patterns found in JPEG comments
2025-03-11 11:45:25,738 - DEBUG -   Completed jpeg_comments analysis in 0.20s
2025-03-11 11:45:25,739 - INFO - [284.90s]   [284.90s]   Progress: 11/12 analysis steps completed (91.7%)
2025-03-11 11:45:25,739 - DEBUG -   Starting large_metadata analysis...
2025-03-11 11:45:25,739 - INFO - [284.90s]   [284.90s]   Checking for large metadata fields...
2025-03-11 11:45:25,739 - DEBUG -   Starting Reading metadata...
2025-03-11 11:45:25,739 - DEBUG -   JPEG format recognized data[0:2]=0xFFD8
2025-03-11 11:45:25,739 - DEBUG -   data[2]=0xFF data[3]=0xE0 data[6:10]=b'JFIF'
2025-03-11 11:45:25,739 - DEBUG -    Length offset is 16
2025-03-11 11:45:25,739 - DEBUG -    Added to zero
2025-03-11 11:45:25,739 - DEBUG -    Set segment base to 0x14
2025-03-11 11:45:25,739 - DEBUG -    Segment base 0x14
2025-03-11 11:45:25,739 - DEBUG -     APP1 at base 0x14
2025-03-11 11:45:25,739 - DEBUG -     Length: 0x2 0xEE
2025-03-11 11:45:25,739 - DEBUG -     Code: b'Exif'
2025-03-11 11:45:25,739 - DEBUG -     Decrement base by 2 to get to pre-segment header (for compatibility with later code)
2025-03-11 11:45:25,739 - DEBUG -   Endian format is M (Motorola)
2025-03-11 11:45:25,739 - DEBUG -   IFD 0 (Image) at offset 8:
2025-03-11 11:45:25,739 - DEBUG -    PhotometricInterpretation: (0x0106) Short=2 @ 18
2025-03-11 11:45:25,739 - DEBUG -    ImageDescription: (0x010E) ASCII=cam_1977.214 @ 170
2025-03-11 11:45:25,739 - DEBUG -    Make: (0x010F) ASCII=Hasselblad @ 184
2025-03-11 11:45:25,739 - DEBUG -    Model: (0x0110) ASCII=Hasselblad CF-39 - Hasselblad H2 @ 196
2025-03-11 11:45:25,739 - DEBUG -    Orientation: (0x0112) Short=Horizontal (normal) @ 66
2025-03-11 11:45:25,739 - DEBUG -    XResolution: (0x011A) Ratio=300 @ 230
2025-03-11 11:45:25,739 - DEBUG -    YResolution: (0x011B) Ratio=300 @ 238
2025-03-11 11:45:25,739 - DEBUG -    ResolutionUnit: (0x0128) Short=Pixels/Inch @ 102
2025-03-11 11:45:25,739 - DEBUG -    Software: (0x0131) ASCII=Adobe Photoshop CS Macintosh @ 246
2025-03-11 11:45:25,739 - DEBUG -    DateTime: (0x0132) ASCII=2014:07:02 12:45:48 @ 276
2025-03-11 11:45:25,739 - DEBUG -    Artist: (0x013B) ASCII=Rob Deslongchamps @ 296
2025-03-11 11:45:25,739 - DEBUG -    Copyright: (0x8298) ASCII=Cincinnati Art Museum @ 314
2025-03-11 11:45:25,739 - DEBUG -    ExifOffset: (0x8769) Long=336 @ 162
2025-03-11 11:45:25,739 - DEBUG -   Exif SubIFD at offset 336:
2025-03-11 11:45:25,739 - DEBUG -    ExposureTime: (0x829A) Ratio=9039/162454 @ 630
2025-03-11 11:45:25,739 - DEBUG -    FNumber: (0x829D) Ratio=36273/23920 @ 638
2025-03-11 11:45:25,739 - DEBUG -    ExposureProgram: (0x8822) Short=Manual @ 370
2025-03-11 11:45:25,739 - DEBUG -    ISOSpeedRatings: (0x8827) Short=50 @ 382
2025-03-11 11:45:25,740 - DEBUG -    ExifVersion: (0x9000) Undefined=0230 @ 394
2025-03-11 11:45:25,740 - DEBUG -    DateTimeOriginal: (0x9003) ASCII=2012:06:04 00:00:00 @ 646
2025-03-11 11:45:25,740 - DEBUG -    DateTimeDigitized: (0x9004) ASCII=2012:06:04 11:12:04 @ 666
2025-03-11 11:45:25,740 - DEBUG -    ComponentsConfiguration: (0x9101) Undefined=YCbCr @ 430
2025-03-11 11:45:25,740 - DEBUG -    ShutterSpeedValue: (0x9201) Signed Ratio=32087/34142 @ 686
2025-03-11 11:45:25,740 - DEBUG -    ApertureValue: (0x9202) Ratio=26791/11892 @ 694
2025-03-11 11:45:25,740 - DEBUG -    MaxApertureValue: (0x9205) Ratio=14756/33659 @ 702
2025-03-11 11:45:25,740 - DEBUG -    SubjectDistance: (0x9206) Ratio=18617/35644 @ 710
2025-03-11 11:45:25,740 - DEBUG -    MeteringMode: (0x9207) Short=CenterWeightedAverage @ 490
2025-03-11 11:45:25,740 - DEBUG -    Flash: (0x9209) Short=Flash did not fire @ 502
2025-03-11 11:45:25,740 - DEBUG -    FocalLength: (0x920A) Ratio=207955/12398 @ 718
2025-03-11 11:45:25,740 - DEBUG -    FlashPixVersion: (0xA000) Undefined=0100 @ 526
2025-03-11 11:45:25,740 - DEBUG -    ColorSpace: (0xA001) Short=sRGB @ 538
2025-03-11 11:45:25,740 - DEBUG -    ExifImageWidth: (0xA002) Long=4529 @ 550
2025-03-11 11:45:25,740 - DEBUG -    ExifImageLength: (0xA003) Long=3359 @ 562
2025-03-11 11:45:25,740 - DEBUG -    FocalPlaneXResolution: (0xA20E) Ratio=20198/54503 @ 726
2025-03-11 11:45:25,740 - DEBUG -    FocalPlaneYResolution: (0xA20F) Ratio=457268/402785 @ 734
2025-03-11 11:45:25,740 - DEBUG -    FocalPlaneResolutionUnit: (0xA210) Short=3 @ 598
2025-03-11 11:45:25,740 - DEBUG -    FocalLengthIn35mmFilm: (0xA405) Short=84 @ 610
2025-03-11 11:45:25,740 - DEBUG -    SceneCaptureType: (0xA406) Short=Standard @ 622
2025-03-11 11:45:25,740 - DEBUG -   Found 37 metadata tags
2025-03-11 11:45:25,740 - DEBUG -   Completed Reading metadata in 0.00s
2025-03-11 11:45:25,740 - DEBUG -   Starting Analyzing metadata fields...
2025-03-11 11:45:25,740 - DEBUG -   Completed Analyzing metadata fields in 0.00s
2025-03-11 11:45:25,740 - INFO - [284.90s]   [284.90s]   No suspicious large metadata fields found
2025-03-11 11:45:25,740 - DEBUG -   Completed large_metadata analysis in 0.00s
2025-03-11 11:45:25,740 - INFO - [284.90s]   [284.90s]   Progress: 12/12 analysis steps completed (100.0%)
2025-03-11 11:45:25,740 - INFO - [284.90s]   [284.90s]   Analysis complete - 0 total findings
2025-03-11 11:45:25,740 - INFO - [284.90s]   [284.90s]   Completed Analyzing yews_10AM_3-10-25-10AM-1.jpg in 61.67s
2025-03-11 11:45:25,741 - INFO - [284.90s]   [284.90s]   Completed Analyzing yews_10AM_3-10-25-10AM-1.jpg in 61.67s
2025-03-11 11:45:25,741 - INFO - [284.90s]   [284.90s]   
Analyzing file 21/30: /Users/adam/Git/stego_tools/yews_images/yews_news/2025-03-11/yews_10AM_3-10-25-10AM-5.jpg
2025-03-11 11:45:25,741 - INFO - [284.90s]   [284.90s]   Starting Analyzing yews_10AM_3-10-25-10AM-5.jpg...
2025-03-11 11:45:25,741 - INFO - [284.90s]   [284.90s]   Starting Analyzing yews_10AM_3-10-25-10AM-5.jpg...
2025-03-11 11:45:25,741 - INFO - [284.90s]   [284.90s]   File size: 401,818 bytes
2025-03-11 11:45:25,741 - DEBUG -   Starting metadata analysis...
2025-03-11 11:45:25,741 - INFO - [284.90s]   [284.90s]   Checking metadata...
2025-03-11 11:45:25,741 - DEBUG -   Starting Reading EXIF data...
2025-03-11 11:45:25,742 - DEBUG -   JPEG format recognized data[0:2]=0xFFD8
2025-03-11 11:45:25,742 - DEBUG -   data[2]=0xFF data[3]=0xE0 data[6:10]=b'JFIF'
2025-03-11 11:45:25,742 - DEBUG -    Length offset is 16
2025-03-11 11:45:25,742 - DEBUG -    Added to zero
2025-03-11 11:45:25,742 - DEBUG -    Set segment base to 0x14
2025-03-11 11:45:25,742 - DEBUG -    Segment base 0x14
2025-03-11 11:45:25,742 - DEBUG -     APP1 at base 0x14
2025-03-11 11:45:25,742 - DEBUG -     Length: 0x0 0xD0
2025-03-11 11:45:25,742 - DEBUG -     Code: b'Exif'
2025-03-11 11:45:25,742 - DEBUG -     Decrement base by 2 to get to pre-segment header (for compatibility with later code)
2025-03-11 11:45:25,742 - DEBUG -   Endian format is M (Motorola)
2025-03-11 11:45:25,742 - DEBUG -   IFD 0 (Image) at offset 8:
2025-03-11 11:45:25,742 - DEBUG -    Orientation: (0x0112) Short=Horizontal (normal) @ 18
2025-03-11 11:45:25,742 - DEBUG -    XResolution: (0x011A) Ratio=96 @ 86
2025-03-11 11:45:25,742 - DEBUG -    YResolution: (0x011B) Ratio=96 @ 94
2025-03-11 11:45:25,742 - DEBUG -    ResolutionUnit: (0x0128) Short=Pixels/Inch @ 54
2025-03-11 11:45:25,742 - DEBUG -    Software: (0x0131) ASCII=Google @ 102
2025-03-11 11:45:25,742 - DEBUG -    ExifOffset: (0x8769) Long=110 @ 78
2025-03-11 11:45:25,742 - DEBUG -   Exif SubIFD at offset 110:
2025-03-11 11:45:25,742 - DEBUG -    ExifVersion: (0x9000) Undefined=0220 @ 120
2025-03-11 11:45:25,742 - DEBUG -    ComponentsConfiguration: (0x9101) Undefined=YCbCr @ 132
2025-03-11 11:45:25,742 - DEBUG -    FlashPixVersion: (0xA000) Undefined=0100 @ 144
2025-03-11 11:45:25,742 - DEBUG -    ColorSpace: (0xA001) Short=sRGB @ 156
2025-03-11 11:45:25,743 - DEBUG -    ExifImageWidth: (0xA002) Long=787 @ 168
2025-03-11 11:45:25,743 - DEBUG -    ExifImageLength: (0xA003) Long=1118 @ 180
2025-03-11 11:45:25,743 - DEBUG -    SceneCaptureType: (0xA406) Short=Standard @ 192
2025-03-11 11:45:25,743 - DEBUG -   Found 13 EXIF tags
2025-03-11 11:45:25,743 - DEBUG -   Completed Reading EXIF data in 0.00s
2025-03-11 11:45:25,743 - DEBUG -   Starting Analyzing metadata content...
2025-03-11 11:45:25,743 - INFO - [284.90s]   [284.90s]   No suspicious patterns found in metadata
2025-03-11 11:45:25,743 - DEBUG -   Completed Analyzing metadata content in 0.00s
2025-03-11 11:45:25,743 - DEBUG -   Completed metadata analysis in 0.00s
2025-03-11 11:45:25,743 - INFO - [284.90s]   [284.90s]   Progress: 1/12 analysis steps completed (8.3%)
2025-03-11 11:45:25,743 - DEBUG -   Starting raw_bytes analysis...
2025-03-11 11:45:25,743 - INFO - [284.90s]   [284.90s]   Checking raw bytes...
2025-03-11 11:45:25,743 - DEBUG -   Starting Reading file content...
2025-03-11 11:45:25,743 - DEBUG -   Read 401,818 bytes
2025-03-11 11:45:25,743 - DEBUG -   Completed Reading file content in 0.00s
2025-03-11 11:45:25,743 - DEBUG -   Starting Analyzing ASCII content...
2025-03-11 11:45:25,746 - DEBUG -   Completed Analyzing ASCII content in 0.00s
2025-03-11 11:45:25,746 - DEBUG -   Starting Analyzing hex content...
2025-03-11 11:45:25,747 - DEBUG -   Completed Analyzing hex content in 0.00s
2025-03-11 11:45:25,747 - DEBUG -   Starting Checking base64 variants...
2025-03-11 11:45:25,749 - DEBUG -   Completed Checking base64 variants in 0.00s
2025-03-11 11:45:25,749 - DEBUG -   Starting Analyzing suspicious patterns...
2025-03-11 11:45:25,787 - WARNING - [284.95s]   [284.95s]   Suspicious substring in raw data: Steganography tool reference: f5
2025-03-11 11:45:25,788 - DEBUG -   Completed Analyzing suspicious patterns in 0.04s
2025-03-11 11:45:25,788 - INFO - [284.95s]   [284.95s]   Found 1 suspicious patterns in raw bytes
2025-03-11 11:45:25,788 - DEBUG -   Completed raw_bytes analysis in 0.04s
2025-03-11 11:45:25,788 - INFO - [284.95s]   [284.95s]   Progress: 2/12 analysis steps completed (16.7%)
2025-03-11 11:45:25,788 - DEBUG -   Starting binary_patterns analysis...
2025-03-11 11:45:26,161 - DEBUG -   Completed binary_patterns analysis in 0.37s
2025-03-11 11:45:26,161 - INFO - [285.32s]   [285.32s]   Progress: 3/12 analysis steps completed (25.0%)
2025-03-11 11:45:26,161 - DEBUG -   Starting lsb analysis...
2025-03-11 11:45:26,161 - DEBUG -   tag: Orientation (274) - type: short (3) - value: b'\x00\x01'
2025-03-11 11:45:26,161 - DEBUG -   tag: XResolution (282) - type: rational (5) Tag Location: 34 - Data Location: 86 - value: b'\x00\x00\x00`\x00\x00\x00\x01'
2025-03-11 11:45:26,161 - DEBUG -   tag: YResolution (283) - type: rational (5) Tag Location: 46 - Data Location: 94 - value: b'\x00\x00\x00`\x00\x00\x00\x01'
2025-03-11 11:45:26,161 - DEBUG -   tag: ResolutionUnit (296) - type: short (3) - value: b'\x00\x02'
2025-03-11 11:45:26,161 - DEBUG -   tag: Software (305) - type: string (2) Tag Location: 70 - Data Location: 102 - value: b'Google\x00'
2025-03-11 11:45:26,161 - DEBUG -   tag: ExifIFD (34665) - type: long (4) - value: b'\x00\x00\x00n'
2025-03-11 11:45:28,864 - DEBUG -   Completed lsb analysis in 2.70s
2025-03-11 11:45:28,864 - INFO - [288.02s]   [288.02s]   Progress: 4/12 analysis steps completed (33.3%)
2025-03-11 11:45:28,864 - DEBUG -   Starting channels analysis...
2025-03-11 11:45:28,864 - DEBUG -   tag: Orientation (274) - type: short (3) - value: b'\x00\x01'
2025-03-11 11:45:28,864 - DEBUG -   tag: XResolution (282) - type: rational (5) Tag Location: 34 - Data Location: 86 - value: b'\x00\x00\x00`\x00\x00\x00\x01'
2025-03-11 11:45:28,864 - DEBUG -   tag: YResolution (283) - type: rational (5) Tag Location: 46 - Data Location: 94 - value: b'\x00\x00\x00`\x00\x00\x00\x01'
2025-03-11 11:45:28,864 - DEBUG -   tag: ResolutionUnit (296) - type: short (3) - value: b'\x00\x02'
2025-03-11 11:45:28,864 - DEBUG -   tag: Software (305) - type: string (2) Tag Location: 70 - Data Location: 102 - value: b'Google\x00'
2025-03-11 11:45:28,864 - DEBUG -   tag: ExifIFD (34665) - type: long (4) - value: b'\x00\x00\x00n'
2025-03-11 11:45:29,259 - DEBUG -   Completed channels analysis in 0.39s
2025-03-11 11:45:29,259 - INFO - [288.42s]   [288.42s]   Progress: 5/12 analysis steps completed (41.7%)
2025-03-11 11:45:29,259 - DEBUG -   Starting binwalk analysis...
2025-03-11 11:45:29,299 - DEBUG -   Completed binwalk analysis in 0.04s
2025-03-11 11:45:29,299 - INFO - [288.46s]   [288.46s]   Progress: 6/12 analysis steps completed (50.0%)
2025-03-11 11:45:29,299 - DEBUG -   Starting icc_profile analysis...
2025-03-11 11:45:29,299 - DEBUG -   tag: Orientation (274) - type: short (3) - value: b'\x00\x01'
2025-03-11 11:45:29,299 - DEBUG -   tag: XResolution (282) - type: rational (5) Tag Location: 34 - Data Location: 86 - value: b'\x00\x00\x00`\x00\x00\x00\x01'
2025-03-11 11:45:29,299 - DEBUG -   tag: YResolution (283) - type: rational (5) Tag Location: 46 - Data Location: 94 - value: b'\x00\x00\x00`\x00\x00\x00\x01'
2025-03-11 11:45:29,299 - DEBUG -   tag: ResolutionUnit (296) - type: short (3) - value: b'\x00\x02'
2025-03-11 11:45:29,299 - DEBUG -   tag: Software (305) - type: string (2) Tag Location: 70 - Data Location: 102 - value: b'Google\x00'
2025-03-11 11:45:29,299 - DEBUG -   tag: ExifIFD (34665) - type: long (4) - value: b'\x00\x00\x00n'
2025-03-11 11:45:29,299 - DEBUG -   Completed icc_profile analysis in 0.00s
2025-03-11 11:45:29,299 - INFO - [288.46s]   [288.46s]   Progress: 7/12 analysis steps completed (58.3%)
2025-03-11 11:45:29,299 - DEBUG -   Starting zip_signatures analysis...
2025-03-11 11:45:29,394 - DEBUG -   Completed zip_signatures analysis in 0.09s
2025-03-11 11:45:29,394 - INFO - [288.55s]   [288.55s]   Progress: 8/12 analysis steps completed (66.7%)
2025-03-11 11:45:29,394 - DEBUG -   Starting appended_data analysis...
2025-03-11 11:45:29,394 - INFO - [288.55s]   [288.55s]   Checking for appended data...
2025-03-11 11:45:29,394 - DEBUG -   Starting Reading file...
2025-03-11 11:45:29,394 - DEBUG -   Read 401,818 bytes
2025-03-11 11:45:29,394 - DEBUG -   Completed Reading file in 0.00s
2025-03-11 11:45:29,394 - DEBUG -   Starting Analyzing file format...
2025-03-11 11:45:29,420 - DEBUG -   Found 1 EOI markers
2025-03-11 11:45:29,420 - DEBUG -   Completed Analyzing file format in 0.03s
2025-03-11 11:45:29,420 - INFO - [288.58s]   [288.58s]   No appended data found
2025-03-11 11:45:29,420 - DEBUG -   Completed appended_data analysis in 0.03s
2025-03-11 11:45:29,420 - INFO - [288.58s]   [288.58s]   Progress: 9/12 analysis steps completed (75.0%)
2025-03-11 11:45:29,420 - DEBUG -   Starting histogram analysis...
2025-03-11 11:45:29,420 - DEBUG -   tag: Orientation (274) - type: short (3) - value: b'\x00\x01'
2025-03-11 11:45:29,420 - DEBUG -   tag: XResolution (282) - type: rational (5) Tag Location: 34 - Data Location: 86 - value: b'\x00\x00\x00`\x00\x00\x00\x01'
2025-03-11 11:45:29,420 - DEBUG -   tag: YResolution (283) - type: rational (5) Tag Location: 46 - Data Location: 94 - value: b'\x00\x00\x00`\x00\x00\x00\x01'
2025-03-11 11:45:29,420 - DEBUG -   tag: ResolutionUnit (296) - type: short (3) - value: b'\x00\x02'
2025-03-11 11:45:29,420 - DEBUG -   tag: Software (305) - type: string (2) Tag Location: 70 - Data Location: 102 - value: b'Google\x00'
2025-03-11 11:45:29,420 - DEBUG -   tag: ExifIFD (34665) - type: long (4) - value: b'\x00\x00\x00n'
2025-03-11 11:45:29,606 - DEBUG -   Completed histogram analysis in 0.19s
2025-03-11 11:45:29,606 - INFO - [288.77s]   [288.77s]   Progress: 10/12 analysis steps completed (83.3%)
2025-03-11 11:45:29,606 - DEBUG -   Starting jpeg_comments analysis...
2025-03-11 11:45:29,606 - INFO - [288.77s]   [288.77s]   Checking JPEG comment segments...
2025-03-11 11:45:29,606 - DEBUG -   Starting Reading JPEG file...
2025-03-11 11:45:29,606 - DEBUG -   Completed Reading JPEG file in 0.00s
2025-03-11 11:45:29,606 - DEBUG -   Starting Analyzing comment segments...
2025-03-11 11:45:29,631 - DEBUG -   Completed Analyzing comment segments in 0.02s
2025-03-11 11:45:29,631 - INFO - [288.79s]   [288.79s]   No suspicious patterns found in JPEG comments
2025-03-11 11:45:29,631 - DEBUG -   Completed jpeg_comments analysis in 0.03s
2025-03-11 11:45:29,632 - INFO - [288.79s]   [288.79s]   Progress: 11/12 analysis steps completed (91.7%)
2025-03-11 11:45:29,632 - DEBUG -   Starting large_metadata analysis...
2025-03-11 11:45:29,632 - INFO - [288.79s]   [288.79s]   Checking for large metadata fields...
2025-03-11 11:45:29,632 - DEBUG -   Starting Reading metadata...
2025-03-11 11:45:29,632 - DEBUG -   JPEG format recognized data[0:2]=0xFFD8
2025-03-11 11:45:29,632 - DEBUG -   data[2]=0xFF data[3]=0xE0 data[6:10]=b'JFIF'
2025-03-11 11:45:29,632 - DEBUG -    Length offset is 16
2025-03-11 11:45:29,632 - DEBUG -    Added to zero
2025-03-11 11:45:29,632 - DEBUG -    Set segment base to 0x14
2025-03-11 11:45:29,632 - DEBUG -    Segment base 0x14
2025-03-11 11:45:29,632 - DEBUG -     APP1 at base 0x14
2025-03-11 11:45:29,632 - DEBUG -     Length: 0x0 0xD0
2025-03-11 11:45:29,632 - DEBUG -     Code: b'Exif'
2025-03-11 11:45:29,632 - DEBUG -     Decrement base by 2 to get to pre-segment header (for compatibility with later code)
2025-03-11 11:45:29,632 - DEBUG -   Endian format is M (Motorola)
2025-03-11 11:45:29,632 - DEBUG -   IFD 0 (Image) at offset 8:
2025-03-11 11:45:29,632 - DEBUG -    Orientation: (0x0112) Short=Horizontal (normal) @ 18
2025-03-11 11:45:29,632 - DEBUG -    XResolution: (0x011A) Ratio=96 @ 86
2025-03-11 11:45:29,632 - DEBUG -    YResolution: (0x011B) Ratio=96 @ 94
2025-03-11 11:45:29,632 - DEBUG -    ResolutionUnit: (0x0128) Short=Pixels/Inch @ 54
2025-03-11 11:45:29,632 - DEBUG -    Software: (0x0131) ASCII=Google @ 102
2025-03-11 11:45:29,632 - DEBUG -    ExifOffset: (0x8769) Long=110 @ 78
2025-03-11 11:45:29,632 - DEBUG -   Exif SubIFD at offset 110:
2025-03-11 11:45:29,632 - DEBUG -    ExifVersion: (0x9000) Undefined=0220 @ 120
2025-03-11 11:45:29,632 - DEBUG -    ComponentsConfiguration: (0x9101) Undefined=YCbCr @ 132
2025-03-11 11:45:29,632 - DEBUG -    FlashPixVersion: (0xA000) Undefined=0100 @ 144
2025-03-11 11:45:29,632 - DEBUG -    ColorSpace: (0xA001) Short=sRGB @ 156
2025-03-11 11:45:29,632 - DEBUG -    ExifImageWidth: (0xA002) Long=787 @ 168
2025-03-11 11:45:29,632 - DEBUG -    ExifImageLength: (0xA003) Long=1118 @ 180
2025-03-11 11:45:29,632 - DEBUG -    SceneCaptureType: (0xA406) Short=Standard @ 192
2025-03-11 11:45:29,632 - DEBUG -   Found 13 metadata tags
2025-03-11 11:45:29,632 - DEBUG -   Completed Reading metadata in 0.00s
2025-03-11 11:45:29,632 - DEBUG -   Starting Analyzing metadata fields...
2025-03-11 11:45:29,632 - DEBUG -   Completed Analyzing metadata fields in 0.00s
2025-03-11 11:45:29,632 - INFO - [288.79s]   [288.79s]   No suspicious large metadata fields found
2025-03-11 11:45:29,632 - DEBUG -   Completed large_metadata analysis in 0.00s
2025-03-11 11:45:29,632 - INFO - [288.79s]   [288.79s]   Progress: 12/12 analysis steps completed (100.0%)
2025-03-11 11:45:29,632 - INFO - [288.79s]   [288.79s]   Analysis complete - 0 total findings
2025-03-11 11:45:29,632 - INFO - [288.79s]   [288.79s]   Completed Analyzing yews_10AM_3-10-25-10AM-5.jpg in 3.89s
2025-03-11 11:45:29,632 - INFO - [288.79s]   [288.79s]   Completed Analyzing yews_10AM_3-10-25-10AM-5.jpg in 3.89s
2025-03-11 11:45:29,632 - INFO - [288.79s]   [288.79s]   
Analyzing file 22/30: /Users/adam/Git/stego_tools/yews_images/yews_news/2025-03-11/yews_10AM_3-10-25-10AM-4.jpg
2025-03-11 11:45:29,632 - INFO - [288.79s]   [288.79s]   Starting Analyzing yews_10AM_3-10-25-10AM-4.jpg...
2025-03-11 11:45:29,633 - INFO - [288.79s]   [288.79s]   Starting Analyzing yews_10AM_3-10-25-10AM-4.jpg...
2025-03-11 11:45:29,633 - INFO - [288.79s]   [288.79s]   File size: 265,044 bytes
2025-03-11 11:45:29,633 - DEBUG -   Starting metadata analysis...
2025-03-11 11:45:29,633 - INFO - [288.79s]   [288.79s]   Checking metadata...
2025-03-11 11:45:29,633 - DEBUG -   Starting Reading EXIF data...
2025-03-11 11:45:29,634 - DEBUG -   JPEG format recognized data[0:2]=0xFFD8
2025-03-11 11:45:29,634 - DEBUG -   data[2]=0xFF data[3]=0xE0 data[6:10]=b'JFIF'
2025-03-11 11:45:29,634 - DEBUG -    Length offset is 16
2025-03-11 11:45:29,634 - DEBUG -    Added to zero
2025-03-11 11:45:29,634 - DEBUG -    Set segment base to 0x14
2025-03-11 11:45:29,634 - DEBUG -    Segment base 0x14
2025-03-11 11:45:29,634 - DEBUG -     APP1 at base 0x14
2025-03-11 11:45:29,634 - DEBUG -     Length: 0x1 0x36
2025-03-11 11:45:29,634 - DEBUG -     Code: b'Exif'
2025-03-11 11:45:29,634 - DEBUG -     Decrement base by 2 to get to pre-segment header (for compatibility with later code)
2025-03-11 11:45:29,634 - DEBUG -   Endian format is M (Motorola)
2025-03-11 11:45:29,634 - DEBUG -   IFD 0 (Image) at offset 8:
2025-03-11 11:45:29,634 - DEBUG -    PhotometricInterpretation: (0x0106) Short=2 @ 18
2025-03-11 11:45:29,634 - DEBUG -    Orientation: (0x0112) Short=Horizontal (normal) @ 30
2025-03-11 11:45:29,634 - DEBUG -    XResolution: (0x011A) Ratio=100 @ 110
2025-03-11 11:45:29,634 - DEBUG -    YResolution: (0x011B) Ratio=100 @ 118
2025-03-11 11:45:29,634 - DEBUG -    ResolutionUnit: (0x0128) Short=Pixels/Inch @ 66
2025-03-11 11:45:29,634 - DEBUG -    Software: (0x0131) ASCII=Adobe Photoshop 21.2 (Macintosh) @ 126
2025-03-11 11:45:29,634 - DEBUG -    DateTime: (0x0132) ASCII=2020:10:25 17:12:18 @ 160
2025-03-11 11:45:29,634 - DEBUG -    ExifOffset: (0x8769) Long=180 @ 102
2025-03-11 11:45:29,634 - DEBUG -   Exif SubIFD at offset 180:
2025-03-11 11:45:29,634 - DEBUG -    ExifVersion: (0x9000) Undefined=0231 @ 190
2025-03-11 11:45:29,634 - DEBUG -    DateTimeDigitized: (0x9004) ASCII=2003:03:27 14:37:09 @ 282
2025-03-11 11:45:29,634 - DEBUG -    ComponentsConfiguration: (0x9101) Undefined=YCbCr @ 214
2025-03-11 11:45:29,634 - DEBUG -    FlashPixVersion: (0xA000) Undefined=0100 @ 226
2025-03-11 11:45:29,634 - DEBUG -    ColorSpace: (0xA001) Short=sRGB @ 238
2025-03-11 11:45:29,634 - DEBUG -    ExifImageWidth: (0xA002) Long=933 @ 250
2025-03-11 11:45:29,634 - DEBUG -    ExifImageLength: (0xA003) Long=728 @ 262
2025-03-11 11:45:29,634 - DEBUG -    SceneCaptureType: (0xA406) Short=Standard @ 274
2025-03-11 11:45:29,634 - DEBUG -   Found 16 EXIF tags
2025-03-11 11:45:29,634 - DEBUG -   Completed Reading EXIF data in 0.00s
2025-03-11 11:45:29,634 - DEBUG -   Starting Analyzing metadata content...
2025-03-11 11:45:29,634 - INFO - [288.80s]   [288.80s]   No suspicious patterns found in metadata
2025-03-11 11:45:29,634 - DEBUG -   Completed Analyzing metadata content in 0.00s
2025-03-11 11:45:29,634 - DEBUG -   Completed metadata analysis in 0.00s
2025-03-11 11:45:29,635 - INFO - [288.80s]   [288.80s]   Progress: 1/12 analysis steps completed (8.3%)
2025-03-11 11:45:29,635 - DEBUG -   Starting raw_bytes analysis...
2025-03-11 11:45:29,635 - INFO - [288.80s]   [288.80s]   Checking raw bytes...
2025-03-11 11:45:29,635 - DEBUG -   Starting Reading file content...
2025-03-11 11:45:29,635 - DEBUG -   Read 265,044 bytes
2025-03-11 11:45:29,635 - DEBUG -   Completed Reading file content in 0.00s
2025-03-11 11:45:29,635 - DEBUG -   Starting Analyzing ASCII content...
2025-03-11 11:45:29,637 - DEBUG -   Completed Analyzing ASCII content in 0.00s
2025-03-11 11:45:29,637 - DEBUG -   Starting Analyzing hex content...
2025-03-11 11:45:29,638 - DEBUG -   Completed Analyzing hex content in 0.00s
2025-03-11 11:45:29,638 - DEBUG -   Starting Checking base64 variants...
2025-03-11 11:45:29,639 - DEBUG -   Completed Checking base64 variants in 0.00s
2025-03-11 11:45:29,639 - DEBUG -   Starting Analyzing suspicious patterns...
2025-03-11 11:45:29,666 - WARNING - [288.83s]   [288.83s]   Suspicious substring in raw data: Steganography tool reference: f5
2025-03-11 11:45:29,666 - DEBUG -   Completed Analyzing suspicious patterns in 0.03s
2025-03-11 11:45:29,666 - INFO - [288.83s]   [288.83s]   Found 1 suspicious patterns in raw bytes
2025-03-11 11:45:29,666 - DEBUG -   Completed raw_bytes analysis in 0.03s
2025-03-11 11:45:29,666 - INFO - [288.83s]   [288.83s]   Progress: 2/12 analysis steps completed (16.7%)
2025-03-11 11:45:29,666 - DEBUG -   Starting binary_patterns analysis...
2025-03-11 11:45:29,914 - DEBUG -   Completed binary_patterns analysis in 0.25s
2025-03-11 11:45:29,915 - INFO - [289.08s]   [289.08s]   Progress: 3/12 analysis steps completed (25.0%)
2025-03-11 11:45:29,915 - DEBUG -   Starting lsb analysis...
2025-03-11 11:45:29,915 - DEBUG -   tag: PhotometricInterpretation (262) - type: short (3) - value: b'\x00\x02'
2025-03-11 11:45:29,915 - DEBUG -   tag: Orientation (274) - type: short (3) - value: b'\x00\x01'
2025-03-11 11:45:29,915 - DEBUG -   tag: XResolution (282) - type: rational (5) Tag Location: 46 - Data Location: 110 - value: b'\x00\x00\x00d\x00\x00\x00\x01'
2025-03-11 11:45:29,915 - DEBUG -   tag: YResolution (283) - type: rational (5) Tag Location: 58 - Data Location: 118 - value: b'\x00\x00\x00d\x00\x00\x00\x01'
2025-03-11 11:45:29,915 - DEBUG -   tag: ResolutionUnit (296) - type: short (3) - value: b'\x00\x02'
2025-03-11 11:45:29,915 - DEBUG -   tag: Software (305) - type: string (2) Tag Location: 82 - Data Location: 126 - value: <table: 33 bytes>
2025-03-11 11:45:29,915 - DEBUG -   tag: DateTime (306) - type: string (2) Tag Location: 94 - Data Location: 160 - value: b'2020:10:25 17:12:18\x00'
2025-03-11 11:45:29,915 - DEBUG -   tag: ExifIFD (34665) - type: long (4) - value: b'\x00\x00\x00\xb4'
2025-03-11 11:45:32,089 - DEBUG -   Completed lsb analysis in 2.17s
2025-03-11 11:45:32,089 - INFO - [291.25s]   [291.25s]   Progress: 4/12 analysis steps completed (33.3%)
2025-03-11 11:45:32,089 - DEBUG -   Starting channels analysis...
2025-03-11 11:45:32,089 - DEBUG -   tag: PhotometricInterpretation (262) - type: short (3) - value: b'\x00\x02'
2025-03-11 11:45:32,089 - DEBUG -   tag: Orientation (274) - type: short (3) - value: b'\x00\x01'
2025-03-11 11:45:32,089 - DEBUG -   tag: XResolution (282) - type: rational (5) Tag Location: 46 - Data Location: 110 - value: b'\x00\x00\x00d\x00\x00\x00\x01'
2025-03-11 11:45:32,090 - DEBUG -   tag: YResolution (283) - type: rational (5) Tag Location: 58 - Data Location: 118 - value: b'\x00\x00\x00d\x00\x00\x00\x01'
2025-03-11 11:45:32,090 - DEBUG -   tag: ResolutionUnit (296) - type: short (3) - value: b'\x00\x02'
2025-03-11 11:45:32,090 - DEBUG -   tag: Software (305) - type: string (2) Tag Location: 82 - Data Location: 126 - value: <table: 33 bytes>
2025-03-11 11:45:32,090 - DEBUG -   tag: DateTime (306) - type: string (2) Tag Location: 94 - Data Location: 160 - value: b'2020:10:25 17:12:18\x00'
2025-03-11 11:45:32,090 - DEBUG -   tag: ExifIFD (34665) - type: long (4) - value: b'\x00\x00\x00\xb4'
2025-03-11 11:45:32,407 - DEBUG -   Completed channels analysis in 0.32s
2025-03-11 11:45:32,407 - INFO - [291.57s]   [291.57s]   Progress: 5/12 analysis steps completed (41.7%)
2025-03-11 11:45:32,408 - DEBUG -   Starting binwalk analysis...
2025-03-11 11:45:32,445 - DEBUG -   Completed binwalk analysis in 0.04s
2025-03-11 11:45:32,445 - INFO - [291.61s]   [291.61s]   Progress: 6/12 analysis steps completed (50.0%)
2025-03-11 11:45:32,445 - DEBUG -   Starting icc_profile analysis...
2025-03-11 11:45:32,445 - DEBUG -   tag: PhotometricInterpretation (262) - type: short (3) - value: b'\x00\x02'
2025-03-11 11:45:32,445 - DEBUG -   tag: Orientation (274) - type: short (3) - value: b'\x00\x01'
2025-03-11 11:45:32,445 - DEBUG -   tag: XResolution (282) - type: rational (5) Tag Location: 46 - Data Location: 110 - value: b'\x00\x00\x00d\x00\x00\x00\x01'
2025-03-11 11:45:32,445 - DEBUG -   tag: YResolution (283) - type: rational (5) Tag Location: 58 - Data Location: 118 - value: b'\x00\x00\x00d\x00\x00\x00\x01'
2025-03-11 11:45:32,445 - DEBUG -   tag: ResolutionUnit (296) - type: short (3) - value: b'\x00\x02'
2025-03-11 11:45:32,445 - DEBUG -   tag: Software (305) - type: string (2) Tag Location: 82 - Data Location: 126 - value: <table: 33 bytes>
2025-03-11 11:45:32,445 - DEBUG -   tag: DateTime (306) - type: string (2) Tag Location: 94 - Data Location: 160 - value: b'2020:10:25 17:12:18\x00'
2025-03-11 11:45:32,445 - DEBUG -   tag: ExifIFD (34665) - type: long (4) - value: b'\x00\x00\x00\xb4'
2025-03-11 11:45:32,446 - DEBUG -   Completed icc_profile analysis in 0.00s
2025-03-11 11:45:32,446 - INFO - [291.61s]   [291.61s]   Progress: 7/12 analysis steps completed (58.3%)
2025-03-11 11:45:32,446 - DEBUG -   Starting zip_signatures analysis...
2025-03-11 11:45:32,467 - DEBUG -   Completed zip_signatures analysis in 0.02s
2025-03-11 11:45:32,467 - INFO - [291.63s]   [291.63s]   Progress: 8/12 analysis steps completed (66.7%)
2025-03-11 11:45:32,467 - DEBUG -   Starting appended_data analysis...
2025-03-11 11:45:32,467 - INFO - [291.63s]   [291.63s]   Checking for appended data...
2025-03-11 11:45:32,467 - DEBUG -   Starting Reading file...
2025-03-11 11:45:32,467 - DEBUG -   Read 265,044 bytes
2025-03-11 11:45:32,467 - DEBUG -   Completed Reading file in 0.00s
2025-03-11 11:45:32,467 - DEBUG -   Starting Analyzing file format...
2025-03-11 11:45:32,484 - DEBUG -   Found 1 EOI markers
2025-03-11 11:45:32,484 - DEBUG -   Completed Analyzing file format in 0.02s
2025-03-11 11:45:32,484 - INFO - [291.64s]   [291.64s]   No appended data found
2025-03-11 11:45:32,484 - DEBUG -   Completed appended_data analysis in 0.02s
2025-03-11 11:45:32,484 - INFO - [291.64s]   [291.64s]   Progress: 9/12 analysis steps completed (75.0%)
2025-03-11 11:45:32,484 - DEBUG -   Starting histogram analysis...
2025-03-11 11:45:32,484 - DEBUG -   tag: PhotometricInterpretation (262) - type: short (3) - value: b'\x00\x02'
2025-03-11 11:45:32,484 - DEBUG -   tag: Orientation (274) - type: short (3) - value: b'\x00\x01'
2025-03-11 11:45:32,484 - DEBUG -   tag: XResolution (282) - type: rational (5) Tag Location: 46 - Data Location: 110 - value: b'\x00\x00\x00d\x00\x00\x00\x01'
2025-03-11 11:45:32,484 - DEBUG -   tag: YResolution (283) - type: rational (5) Tag Location: 58 - Data Location: 118 - value: b'\x00\x00\x00d\x00\x00\x00\x01'
2025-03-11 11:45:32,484 - DEBUG -   tag: ResolutionUnit (296) - type: short (3) - value: b'\x00\x02'
2025-03-11 11:45:32,484 - DEBUG -   tag: Software (305) - type: string (2) Tag Location: 82 - Data Location: 126 - value: <table: 33 bytes>
2025-03-11 11:45:32,484 - DEBUG -   tag: DateTime (306) - type: string (2) Tag Location: 94 - Data Location: 160 - value: b'2020:10:25 17:12:18\x00'
2025-03-11 11:45:32,484 - DEBUG -   tag: ExifIFD (34665) - type: long (4) - value: b'\x00\x00\x00\xb4'
2025-03-11 11:45:32,626 - DEBUG -   Completed histogram analysis in 0.14s
2025-03-11 11:45:32,626 - INFO - [291.79s]   [291.79s]   Progress: 10/12 analysis steps completed (83.3%)
2025-03-11 11:45:32,626 - DEBUG -   Starting jpeg_comments analysis...
2025-03-11 11:45:32,626 - INFO - [291.79s]   [291.79s]   Checking JPEG comment segments...
2025-03-11 11:45:32,626 - DEBUG -   Starting Reading JPEG file...
2025-03-11 11:45:32,626 - DEBUG -   Completed Reading JPEG file in 0.00s
2025-03-11 11:45:32,626 - DEBUG -   Starting Analyzing comment segments...
2025-03-11 11:45:32,643 - DEBUG -   Completed Analyzing comment segments in 0.02s
2025-03-11 11:45:32,643 - INFO - [291.80s]   [291.80s]   No suspicious patterns found in JPEG comments
2025-03-11 11:45:32,643 - DEBUG -   Completed jpeg_comments analysis in 0.02s
2025-03-11 11:45:32,643 - INFO - [291.80s]   [291.80s]   Progress: 11/12 analysis steps completed (91.7%)
2025-03-11 11:45:32,643 - DEBUG -   Starting large_metadata analysis...
2025-03-11 11:45:32,643 - INFO - [291.80s]   [291.80s]   Checking for large metadata fields...
2025-03-11 11:45:32,643 - DEBUG -   Starting Reading metadata...
2025-03-11 11:45:32,643 - DEBUG -   JPEG format recognized data[0:2]=0xFFD8
2025-03-11 11:45:32,643 - DEBUG -   data[2]=0xFF data[3]=0xE0 data[6:10]=b'JFIF'
2025-03-11 11:45:32,643 - DEBUG -    Length offset is 16
2025-03-11 11:45:32,643 - DEBUG -    Added to zero
2025-03-11 11:45:32,644 - DEBUG -    Set segment base to 0x14
2025-03-11 11:45:32,644 - DEBUG -    Segment base 0x14
2025-03-11 11:45:32,644 - DEBUG -     APP1 at base 0x14
2025-03-11 11:45:32,644 - DEBUG -     Length: 0x1 0x36
2025-03-11 11:45:32,644 - DEBUG -     Code: b'Exif'
2025-03-11 11:45:32,644 - DEBUG -     Decrement base by 2 to get to pre-segment header (for compatibility with later code)
2025-03-11 11:45:32,644 - DEBUG -   Endian format is M (Motorola)
2025-03-11 11:45:32,644 - DEBUG -   IFD 0 (Image) at offset 8:
2025-03-11 11:45:32,644 - DEBUG -    PhotometricInterpretation: (0x0106) Short=2 @ 18
2025-03-11 11:45:32,644 - DEBUG -    Orientation: (0x0112) Short=Horizontal (normal) @ 30
2025-03-11 11:45:32,644 - DEBUG -    XResolution: (0x011A) Ratio=100 @ 110
2025-03-11 11:45:32,644 - DEBUG -    YResolution: (0x011B) Ratio=100 @ 118
2025-03-11 11:45:32,644 - DEBUG -    ResolutionUnit: (0x0128) Short=Pixels/Inch @ 66
2025-03-11 11:45:32,644 - DEBUG -    Software: (0x0131) ASCII=Adobe Photoshop 21.2 (Macintosh) @ 126
2025-03-11 11:45:32,644 - DEBUG -    DateTime: (0x0132) ASCII=2020:10:25 17:12:18 @ 160
2025-03-11 11:45:32,644 - DEBUG -    ExifOffset: (0x8769) Long=180 @ 102
2025-03-11 11:45:32,644 - DEBUG -   Exif SubIFD at offset 180:
2025-03-11 11:45:32,644 - DEBUG -    ExifVersion: (0x9000) Undefined=0231 @ 190
2025-03-11 11:45:32,644 - DEBUG -    DateTimeDigitized: (0x9004) ASCII=2003:03:27 14:37:09 @ 282
2025-03-11 11:45:32,644 - DEBUG -    ComponentsConfiguration: (0x9101) Undefined=YCbCr @ 214
2025-03-11 11:45:32,644 - DEBUG -    FlashPixVersion: (0xA000) Undefined=0100 @ 226
2025-03-11 11:45:32,644 - DEBUG -    ColorSpace: (0xA001) Short=sRGB @ 238
2025-03-11 11:45:32,644 - DEBUG -    ExifImageWidth: (0xA002) Long=933 @ 250
2025-03-11 11:45:32,644 - DEBUG -    ExifImageLength: (0xA003) Long=728 @ 262
2025-03-11 11:45:32,644 - DEBUG -    SceneCaptureType: (0xA406) Short=Standard @ 274
2025-03-11 11:45:32,644 - DEBUG -   Found 16 metadata tags
2025-03-11 11:45:32,644 - DEBUG -   Completed Reading metadata in 0.00s
2025-03-11 11:45:32,644 - DEBUG -   Starting Analyzing metadata fields...
2025-03-11 11:45:32,644 - DEBUG -   Completed Analyzing metadata fields in 0.00s
2025-03-11 11:45:32,644 - INFO - [291.80s]   [291.80s]   No suspicious large metadata fields found
2025-03-11 11:45:32,644 - DEBUG -   Completed large_metadata analysis in 0.00s
2025-03-11 11:45:32,644 - INFO - [291.80s]   [291.80s]   Progress: 12/12 analysis steps completed (100.0%)
2025-03-11 11:45:32,644 - INFO - [291.80s]   [291.80s]   Analysis complete - 0 total findings
2025-03-11 11:45:32,644 - INFO - [291.80s]   [291.80s]   Completed Analyzing yews_10AM_3-10-25-10AM-4.jpg in 3.01s
2025-03-11 11:45:32,644 - INFO - [291.80s]   [291.80s]   Completed Analyzing yews_10AM_3-10-25-10AM-4.jpg in 3.01s
2025-03-11 11:45:32,644 - INFO - [291.81s]   [291.80s]   
Analyzing file 23/30: /Users/adam/Git/stego_tools/yews_images/yews_news/2025-03-11/yews_10AM_3-10-25-10AM-6.jpg
2025-03-11 11:45:32,644 - INFO - [291.81s]   [291.81s]   Starting Analyzing yews_10AM_3-10-25-10AM-6.jpg...
2025-03-11 11:45:32,644 - INFO - [291.81s]   [291.81s]   Starting Analyzing yews_10AM_3-10-25-10AM-6.jpg...
2025-03-11 11:45:32,644 - INFO - [291.81s]   [291.81s]   File size: 109,443 bytes
2025-03-11 11:45:32,645 - DEBUG -   Starting metadata analysis...
2025-03-11 11:45:32,645 - INFO - [291.81s]   [291.81s]   Checking metadata...
2025-03-11 11:45:32,645 - DEBUG -   Starting Reading EXIF data...
2025-03-11 11:45:32,646 - DEBUG -   JPEG format recognized data[0:2]=0xFFD8
2025-03-11 11:45:32,646 - DEBUG -   data[2]=0xFF data[3]=0xE0 data[6:10]=b'JFIF'
2025-03-11 11:45:32,646 - DEBUG -    Length offset is 16
2025-03-11 11:45:32,646 - DEBUG -    Added to zero
2025-03-11 11:45:32,646 - DEBUG -    Set segment base to 0x14
2025-03-11 11:45:32,646 - DEBUG -    Segment base 0x14
2025-03-11 11:45:32,646 - DEBUG -     APP1 at base 0x14
2025-03-11 11:45:32,646 - DEBUG -     Length: 0x0 0xBC
2025-03-11 11:45:32,646 - DEBUG -     Code: b'Exif'
2025-03-11 11:45:32,646 - DEBUG -     Decrement base by 2 to get to pre-segment header (for compatibility with later code)
2025-03-11 11:45:32,646 - DEBUG -   Endian format is M (Motorola)
2025-03-11 11:45:32,646 - DEBUG -   IFD 0 (Image) at offset 8:
2025-03-11 11:45:32,646 - DEBUG -    Orientation: (0x0112) Short=Horizontal (normal) @ 18
2025-03-11 11:45:32,646 - DEBUG -    XResolution: (0x011A) Ratio=72 @ 74
2025-03-11 11:45:32,646 - DEBUG -    YResolution: (0x011B) Ratio=72 @ 82
2025-03-11 11:45:32,646 - DEBUG -    ResolutionUnit: (0x0128) Short=Pixels/Inch @ 54
2025-03-11 11:45:32,646 - DEBUG -    ExifOffset: (0x8769) Long=90 @ 66
2025-03-11 11:45:32,646 - DEBUG -   Exif SubIFD at offset 90:
2025-03-11 11:45:32,646 - DEBUG -    ExifVersion: (0x9000) Undefined=0221 @ 100
2025-03-11 11:45:32,646 - DEBUG -    ComponentsConfiguration: (0x9101) Undefined=YCbCr @ 112
2025-03-11 11:45:32,646 - DEBUG -    FlashPixVersion: (0xA000) Undefined=0100 @ 124
2025-03-11 11:45:32,646 - DEBUG -    ColorSpace: (0xA001) Short=sRGB @ 136
2025-03-11 11:45:32,646 - DEBUG -    ExifImageWidth: (0xA002) Long=412 @ 148
2025-03-11 11:45:32,646 - DEBUG -    ExifImageLength: (0xA003) Long=588 @ 160
2025-03-11 11:45:32,646 - DEBUG -    SceneCaptureType: (0xA406) Short=Standard @ 172
2025-03-11 11:45:32,646 - DEBUG -   Found 12 EXIF tags
2025-03-11 11:45:32,646 - DEBUG -   Completed Reading EXIF data in 0.00s
2025-03-11 11:45:32,646 - DEBUG -   Starting Analyzing metadata content...
2025-03-11 11:45:32,646 - INFO - [291.81s]   [291.81s]   No suspicious patterns found in metadata
2025-03-11 11:45:32,646 - DEBUG -   Completed Analyzing metadata content in 0.00s
2025-03-11 11:45:32,646 - DEBUG -   Completed metadata analysis in 0.00s
2025-03-11 11:45:32,646 - INFO - [291.81s]   [291.81s]   Progress: 1/12 analysis steps completed (8.3%)
2025-03-11 11:45:32,646 - DEBUG -   Starting raw_bytes analysis...
2025-03-11 11:45:32,646 - INFO - [291.81s]   [291.81s]   Checking raw bytes...
2025-03-11 11:45:32,646 - DEBUG -   Starting Reading file content...
2025-03-11 11:45:32,647 - DEBUG -   Read 109,443 bytes
2025-03-11 11:45:32,647 - DEBUG -   Completed Reading file content in 0.00s
2025-03-11 11:45:32,647 - DEBUG -   Starting Analyzing ASCII content...
2025-03-11 11:45:32,648 - DEBUG -   Completed Analyzing ASCII content in 0.00s
2025-03-11 11:45:32,648 - DEBUG -   Starting Analyzing hex content...
2025-03-11 11:45:32,648 - DEBUG -   Completed Analyzing hex content in 0.00s
2025-03-11 11:45:32,648 - DEBUG -   Starting Checking base64 variants...
2025-03-11 11:45:32,648 - DEBUG -   Completed Checking base64 variants in 0.00s
2025-03-11 11:45:32,648 - DEBUG -   Starting Analyzing suspicious patterns...
2025-03-11 11:45:32,659 - WARNING - [291.82s]   [291.82s]   Suspicious substring in raw data: Steganography tool reference: f5
2025-03-11 11:45:32,660 - DEBUG -   Completed Analyzing suspicious patterns in 0.01s
2025-03-11 11:45:32,660 - INFO - [291.82s]   [291.82s]   Found 1 suspicious patterns in raw bytes
2025-03-11 11:45:32,660 - DEBUG -   Completed raw_bytes analysis in 0.01s
2025-03-11 11:45:32,660 - INFO - [291.82s]   [291.82s]   Progress: 2/12 analysis steps completed (16.7%)
2025-03-11 11:45:32,660 - DEBUG -   Starting binary_patterns analysis...
2025-03-11 11:45:32,764 - DEBUG -   Completed binary_patterns analysis in 0.10s
2025-03-11 11:45:32,764 - INFO - [291.92s]   [291.92s]   Progress: 3/12 analysis steps completed (25.0%)
2025-03-11 11:45:32,764 - DEBUG -   Starting lsb analysis...
2025-03-11 11:45:32,764 - DEBUG -   tag: Orientation (274) - type: short (3) - value: b'\x00\x01'
2025-03-11 11:45:32,764 - DEBUG -   tag: XResolution (282) - type: rational (5) Tag Location: 34 - Data Location: 74 - value: b'\x00\x00\x00H\x00\x00\x00\x01'
2025-03-11 11:45:32,764 - DEBUG -   tag: YResolution (283) - type: rational (5) Tag Location: 46 - Data Location: 82 - value: b'\x00\x00\x00H\x00\x00\x00\x01'
2025-03-11 11:45:32,764 - DEBUG -   tag: ResolutionUnit (296) - type: short (3) - value: b'\x00\x02'
2025-03-11 11:45:32,764 - DEBUG -   tag: ExifIFD (34665) - type: long (4) - value: b'\x00\x00\x00Z'
2025-03-11 11:45:33,555 - DEBUG -   Completed lsb analysis in 0.79s
2025-03-11 11:45:33,555 - INFO - [292.72s]   [292.72s]   Progress: 4/12 analysis steps completed (33.3%)
2025-03-11 11:45:33,555 - DEBUG -   Starting channels analysis...
2025-03-11 11:45:33,555 - DEBUG -   tag: Orientation (274) - type: short (3) - value: b'\x00\x01'
2025-03-11 11:45:33,555 - DEBUG -   tag: XResolution (282) - type: rational (5) Tag Location: 34 - Data Location: 74 - value: b'\x00\x00\x00H\x00\x00\x00\x01'
2025-03-11 11:45:33,555 - DEBUG -   tag: YResolution (283) - type: rational (5) Tag Location: 46 - Data Location: 82 - value: b'\x00\x00\x00H\x00\x00\x00\x01'
2025-03-11 11:45:33,555 - DEBUG -   tag: ResolutionUnit (296) - type: short (3) - value: b'\x00\x02'
2025-03-11 11:45:33,555 - DEBUG -   tag: ExifIFD (34665) - type: long (4) - value: b'\x00\x00\x00Z'
2025-03-11 11:45:33,665 - DEBUG -   Completed channels analysis in 0.11s
2025-03-11 11:45:33,665 - INFO - [292.83s]   [292.83s]   Progress: 5/12 analysis steps completed (41.7%)
2025-03-11 11:45:33,666 - DEBUG -   Starting binwalk analysis...
2025-03-11 11:45:33,700 - DEBUG -   Completed binwalk analysis in 0.03s
2025-03-11 11:45:33,700 - INFO - [292.86s]   [292.86s]   Progress: 6/12 analysis steps completed (50.0%)
2025-03-11 11:45:33,700 - DEBUG -   Starting icc_profile analysis...
2025-03-11 11:45:33,700 - DEBUG -   tag: Orientation (274) - type: short (3) - value: b'\x00\x01'
2025-03-11 11:45:33,700 - DEBUG -   tag: XResolution (282) - type: rational (5) Tag Location: 34 - Data Location: 74 - value: b'\x00\x00\x00H\x00\x00\x00\x01'
2025-03-11 11:45:33,700 - DEBUG -   tag: YResolution (283) - type: rational (5) Tag Location: 46 - Data Location: 82 - value: b'\x00\x00\x00H\x00\x00\x00\x01'
2025-03-11 11:45:33,700 - DEBUG -   tag: ResolutionUnit (296) - type: short (3) - value: b'\x00\x02'
2025-03-11 11:45:33,700 - DEBUG -   tag: ExifIFD (34665) - type: long (4) - value: b'\x00\x00\x00Z'
2025-03-11 11:45:33,700 - DEBUG -   Completed icc_profile analysis in 0.00s
2025-03-11 11:45:33,700 - INFO - [292.86s]   [292.86s]   Progress: 7/12 analysis steps completed (58.3%)
2025-03-11 11:45:33,700 - DEBUG -   Starting zip_signatures analysis...
2025-03-11 11:45:33,709 - DEBUG -   Completed zip_signatures analysis in 0.01s
2025-03-11 11:45:33,709 - INFO - [292.87s]   [292.87s]   Progress: 8/12 analysis steps completed (66.7%)
2025-03-11 11:45:33,710 - DEBUG -   Starting appended_data analysis...
2025-03-11 11:45:33,710 - INFO - [292.87s]   [292.87s]   Checking for appended data...
2025-03-11 11:45:33,710 - DEBUG -   Starting Reading file...
2025-03-11 11:45:33,710 - DEBUG -   Read 109,443 bytes
2025-03-11 11:45:33,710 - DEBUG -   Completed Reading file in 0.00s
2025-03-11 11:45:33,710 - DEBUG -   Starting Analyzing file format...
2025-03-11 11:45:33,716 - DEBUG -   Found 1 EOI markers
2025-03-11 11:45:33,716 - DEBUG -   Completed Analyzing file format in 0.01s
2025-03-11 11:45:33,716 - INFO - [292.88s]   [292.88s]   No appended data found
2025-03-11 11:45:33,717 - DEBUG -   Completed appended_data analysis in 0.01s
2025-03-11 11:45:33,717 - INFO - [292.88s]   [292.88s]   Progress: 9/12 analysis steps completed (75.0%)
2025-03-11 11:45:33,717 - DEBUG -   Starting histogram analysis...
2025-03-11 11:45:33,717 - DEBUG -   tag: Orientation (274) - type: short (3) - value: b'\x00\x01'
2025-03-11 11:45:33,717 - DEBUG -   tag: XResolution (282) - type: rational (5) Tag Location: 34 - Data Location: 74 - value: b'\x00\x00\x00H\x00\x00\x00\x01'
2025-03-11 11:45:33,717 - DEBUG -   tag: YResolution (283) - type: rational (5) Tag Location: 46 - Data Location: 82 - value: b'\x00\x00\x00H\x00\x00\x00\x01'
2025-03-11 11:45:33,717 - DEBUG -   tag: ResolutionUnit (296) - type: short (3) - value: b'\x00\x02'
2025-03-11 11:45:33,717 - DEBUG -   tag: ExifIFD (34665) - type: long (4) - value: b'\x00\x00\x00Z'
2025-03-11 11:45:33,767 - DEBUG -   Completed histogram analysis in 0.05s
2025-03-11 11:45:33,768 - INFO - [292.93s]   [292.93s]   Progress: 10/12 analysis steps completed (83.3%)
2025-03-11 11:45:33,768 - DEBUG -   Starting jpeg_comments analysis...
2025-03-11 11:45:33,768 - INFO - [292.93s]   [292.93s]   Checking JPEG comment segments...
2025-03-11 11:45:33,768 - DEBUG -   Starting Reading JPEG file...
2025-03-11 11:45:33,768 - DEBUG -   Completed Reading JPEG file in 0.00s
2025-03-11 11:45:33,768 - DEBUG -   Starting Analyzing comment segments...
2025-03-11 11:45:33,774 - DEBUG -   Completed Analyzing comment segments in 0.01s
2025-03-11 11:45:33,774 - INFO - [292.94s]   [292.94s]   No suspicious patterns found in JPEG comments
2025-03-11 11:45:33,775 - DEBUG -   Completed jpeg_comments analysis in 0.01s
2025-03-11 11:45:33,775 - INFO - [292.94s]   [292.94s]   Progress: 11/12 analysis steps completed (91.7%)
2025-03-11 11:45:33,775 - DEBUG -   Starting large_metadata analysis...
2025-03-11 11:45:33,775 - INFO - [292.94s]   [292.94s]   Checking for large metadata fields...
2025-03-11 11:45:33,775 - DEBUG -   Starting Reading metadata...
2025-03-11 11:45:33,775 - DEBUG -   JPEG format recognized data[0:2]=0xFFD8
2025-03-11 11:45:33,775 - DEBUG -   data[2]=0xFF data[3]=0xE0 data[6:10]=b'JFIF'
2025-03-11 11:45:33,775 - DEBUG -    Length offset is 16
2025-03-11 11:45:33,775 - DEBUG -    Added to zero
2025-03-11 11:45:33,775 - DEBUG -    Set segment base to 0x14
2025-03-11 11:45:33,775 - DEBUG -    Segment base 0x14
2025-03-11 11:45:33,775 - DEBUG -     APP1 at base 0x14
2025-03-11 11:45:33,775 - DEBUG -     Length: 0x0 0xBC
2025-03-11 11:45:33,775 - DEBUG -     Code: b'Exif'
2025-03-11 11:45:33,775 - DEBUG -     Decrement base by 2 to get to pre-segment header (for compatibility with later code)
2025-03-11 11:45:33,775 - DEBUG -   Endian format is M (Motorola)
2025-03-11 11:45:33,775 - DEBUG -   IFD 0 (Image) at offset 8:
2025-03-11 11:45:33,775 - DEBUG -    Orientation: (0x0112) Short=Horizontal (normal) @ 18
2025-03-11 11:45:33,775 - DEBUG -    XResolution: (0x011A) Ratio=72 @ 74
2025-03-11 11:45:33,775 - DEBUG -    YResolution: (0x011B) Ratio=72 @ 82
2025-03-11 11:45:33,775 - DEBUG -    ResolutionUnit: (0x0128) Short=Pixels/Inch @ 54
2025-03-11 11:45:33,775 - DEBUG -    ExifOffset: (0x8769) Long=90 @ 66
2025-03-11 11:45:33,775 - DEBUG -   Exif SubIFD at offset 90:
2025-03-11 11:45:33,775 - DEBUG -    ExifVersion: (0x9000) Undefined=0221 @ 100
2025-03-11 11:45:33,775 - DEBUG -    ComponentsConfiguration: (0x9101) Undefined=YCbCr @ 112
2025-03-11 11:45:33,775 - DEBUG -    FlashPixVersion: (0xA000) Undefined=0100 @ 124
2025-03-11 11:45:33,775 - DEBUG -    ColorSpace: (0xA001) Short=sRGB @ 136
2025-03-11 11:45:33,775 - DEBUG -    ExifImageWidth: (0xA002) Long=412 @ 148
2025-03-11 11:45:33,775 - DEBUG -    ExifImageLength: (0xA003) Long=588 @ 160
2025-03-11 11:45:33,775 - DEBUG -    SceneCaptureType: (0xA406) Short=Standard @ 172
2025-03-11 11:45:33,775 - DEBUG -   Found 12 metadata tags
2025-03-11 11:45:33,775 - DEBUG -   Completed Reading metadata in 0.00s
2025-03-11 11:45:33,775 - DEBUG -   Starting Analyzing metadata fields...
2025-03-11 11:45:33,775 - DEBUG -   Completed Analyzing metadata fields in 0.00s
2025-03-11 11:45:33,775 - INFO - [292.94s]   [292.94s]   No suspicious large metadata fields found
2025-03-11 11:45:33,775 - DEBUG -   Completed large_metadata analysis in 0.00s
2025-03-11 11:45:33,775 - INFO - [292.94s]   [292.94s]   Progress: 12/12 analysis steps completed (100.0%)
2025-03-11 11:45:33,775 - INFO - [292.94s]   [292.94s]   Analysis complete - 0 total findings
2025-03-11 11:45:33,776 - INFO - [292.94s]   [292.94s]   Completed Analyzing yews_10AM_3-10-25-10AM-6.jpg in 1.13s
2025-03-11 11:45:33,776 - INFO - [292.94s]   [292.94s]   Completed Analyzing yews_10AM_3-10-25-10AM-6.jpg in 1.13s
2025-03-11 11:45:33,776 - INFO - [292.94s]   [292.94s]   
Analyzing file 24/30: /Users/adam/Git/stego_tools/yews_images/yews_news/2025-03-11/yews_10AM_3-10-25-10AM-7.jpg
2025-03-11 11:45:33,776 - INFO - [292.94s]   [292.94s]   Starting Analyzing yews_10AM_3-10-25-10AM-7.jpg...
2025-03-11 11:45:33,776 - INFO - [292.94s]   [292.94s]   Starting Analyzing yews_10AM_3-10-25-10AM-7.jpg...
2025-03-11 11:45:33,776 - INFO - [292.94s]   [292.94s]   File size: 117,118 bytes
2025-03-11 11:45:33,776 - DEBUG -   Starting metadata analysis...
2025-03-11 11:45:33,776 - INFO - [292.94s]   [292.94s]   Checking metadata...
2025-03-11 11:45:33,776 - DEBUG -   Starting Reading EXIF data...
2025-03-11 11:45:33,776 - DEBUG -   JPEG format recognized data[0:2]=0xFFD8
2025-03-11 11:45:33,776 - DEBUG -   data[2]=0xFF data[3]=0xE0 data[6:10]=b'JFIF'
2025-03-11 11:45:33,776 - DEBUG -    Length offset is 16
2025-03-11 11:45:33,776 - DEBUG -    Added to zero
2025-03-11 11:45:33,776 - DEBUG -    Set segment base to 0x14
2025-03-11 11:45:33,776 - DEBUG -    Segment base 0x14
2025-03-11 11:45:33,776 - DEBUG -     APP1 at base 0x14
2025-03-11 11:45:33,776 - DEBUG -     Length: 0x0 0xBC
2025-03-11 11:45:33,776 - DEBUG -     Code: b'Exif'
2025-03-11 11:45:33,776 - DEBUG -     Decrement base by 2 to get to pre-segment header (for compatibility with later code)
2025-03-11 11:45:33,776 - DEBUG -   Endian format is M (Motorola)
2025-03-11 11:45:33,776 - DEBUG -   IFD 0 (Image) at offset 8:
2025-03-11 11:45:33,776 - DEBUG -    Orientation: (0x0112) Short=Horizontal (normal) @ 18
2025-03-11 11:45:33,776 - DEBUG -    XResolution: (0x011A) Ratio=72 @ 74
2025-03-11 11:45:33,776 - DEBUG -    YResolution: (0x011B) Ratio=72 @ 82
2025-03-11 11:45:33,776 - DEBUG -    ResolutionUnit: (0x0128) Short=Pixels/Inch @ 54
2025-03-11 11:45:33,776 - DEBUG -    ExifOffset: (0x8769) Long=90 @ 66
2025-03-11 11:45:33,776 - DEBUG -   Exif SubIFD at offset 90:
2025-03-11 11:45:33,777 - DEBUG -    ExifVersion: (0x9000) Undefined=0221 @ 100
2025-03-11 11:45:33,777 - DEBUG -    ComponentsConfiguration: (0x9101) Undefined=YCbCr @ 112
2025-03-11 11:45:33,777 - DEBUG -    FlashPixVersion: (0xA000) Undefined=0100 @ 124
2025-03-11 11:45:33,777 - DEBUG -    ColorSpace: (0xA001) Short=sRGB @ 136
2025-03-11 11:45:33,777 - DEBUG -    ExifImageWidth: (0xA002) Long=597 @ 148
2025-03-11 11:45:33,777 - DEBUG -    ExifImageLength: (0xA003) Long=436 @ 160
2025-03-11 11:45:33,777 - DEBUG -    SceneCaptureType: (0xA406) Short=Standard @ 172
2025-03-11 11:45:33,777 - DEBUG -   Found 12 EXIF tags
2025-03-11 11:45:33,777 - DEBUG -   Completed Reading EXIF data in 0.00s
2025-03-11 11:45:33,777 - DEBUG -   Starting Analyzing metadata content...
2025-03-11 11:45:33,777 - INFO - [292.94s]   [292.94s]   No suspicious patterns found in metadata
2025-03-11 11:45:33,777 - DEBUG -   Completed Analyzing metadata content in 0.00s
2025-03-11 11:45:33,777 - DEBUG -   Completed metadata analysis in 0.00s
2025-03-11 11:45:33,777 - INFO - [292.94s]   [292.94s]   Progress: 1/12 analysis steps completed (8.3%)
2025-03-11 11:45:33,777 - DEBUG -   Starting raw_bytes analysis...
2025-03-11 11:45:33,777 - INFO - [292.94s]   [292.94s]   Checking raw bytes...
2025-03-11 11:45:33,777 - DEBUG -   Starting Reading file content...
2025-03-11 11:45:33,777 - DEBUG -   Read 117,118 bytes
2025-03-11 11:45:33,777 - DEBUG -   Completed Reading file content in 0.00s
2025-03-11 11:45:33,777 - DEBUG -   Starting Analyzing ASCII content...
2025-03-11 11:45:33,778 - DEBUG -   Completed Analyzing ASCII content in 0.00s
2025-03-11 11:45:33,778 - DEBUG -   Starting Analyzing hex content...
2025-03-11 11:45:33,778 - DEBUG -   Completed Analyzing hex content in 0.00s
2025-03-11 11:45:33,778 - DEBUG -   Starting Checking base64 variants...
2025-03-11 11:45:33,779 - DEBUG -   Completed Checking base64 variants in 0.00s
2025-03-11 11:45:33,779 - DEBUG -   Starting Analyzing suspicious patterns...
2025-03-11 11:45:33,790 - WARNING - [292.95s]   [292.95s]   Suspicious substring in raw data: Steganography tool reference: f5
2025-03-11 11:45:33,790 - DEBUG -   Completed Analyzing suspicious patterns in 0.01s
2025-03-11 11:45:33,790 - INFO - [292.95s]   [292.95s]   Found 1 suspicious patterns in raw bytes
2025-03-11 11:45:33,790 - DEBUG -   Completed raw_bytes analysis in 0.01s
2025-03-11 11:45:33,790 - INFO - [292.95s]   [292.95s]   Progress: 2/12 analysis steps completed (16.7%)
2025-03-11 11:45:33,790 - DEBUG -   Starting binary_patterns analysis...
2025-03-11 11:45:33,898 - DEBUG -   Completed binary_patterns analysis in 0.11s
2025-03-11 11:45:33,898 - INFO - [293.06s]   [293.06s]   Progress: 3/12 analysis steps completed (25.0%)
2025-03-11 11:45:33,898 - DEBUG -   Starting lsb analysis...
2025-03-11 11:45:33,898 - DEBUG -   tag: Orientation (274) - type: short (3) - value: b'\x00\x01'
2025-03-11 11:45:33,898 - DEBUG -   tag: XResolution (282) - type: rational (5) Tag Location: 34 - Data Location: 74 - value: b'\x00\x00\x00H\x00\x00\x00\x01'
2025-03-11 11:45:33,898 - DEBUG -   tag: YResolution (283) - type: rational (5) Tag Location: 46 - Data Location: 82 - value: b'\x00\x00\x00H\x00\x00\x00\x01'
2025-03-11 11:45:33,898 - DEBUG -   tag: ResolutionUnit (296) - type: short (3) - value: b'\x00\x02'
2025-03-11 11:45:33,898 - DEBUG -   tag: ExifIFD (34665) - type: long (4) - value: b'\x00\x00\x00Z'
2025-03-11 11:45:34,681 - DEBUG -   Completed lsb analysis in 0.78s
2025-03-11 11:45:34,681 - INFO - [293.84s]   [293.84s]   Progress: 4/12 analysis steps completed (33.3%)
2025-03-11 11:45:34,681 - DEBUG -   Starting channels analysis...
2025-03-11 11:45:34,682 - DEBUG -   tag: Orientation (274) - type: short (3) - value: b'\x00\x01'
2025-03-11 11:45:34,682 - DEBUG -   tag: XResolution (282) - type: rational (5) Tag Location: 34 - Data Location: 74 - value: b'\x00\x00\x00H\x00\x00\x00\x01'
2025-03-11 11:45:34,682 - DEBUG -   tag: YResolution (283) - type: rational (5) Tag Location: 46 - Data Location: 82 - value: b'\x00\x00\x00H\x00\x00\x00\x01'
2025-03-11 11:45:34,682 - DEBUG -   tag: ResolutionUnit (296) - type: short (3) - value: b'\x00\x02'
2025-03-11 11:45:34,682 - DEBUG -   tag: ExifIFD (34665) - type: long (4) - value: b'\x00\x00\x00Z'
2025-03-11 11:45:34,811 - DEBUG -   Completed channels analysis in 0.13s
2025-03-11 11:45:34,812 - INFO - [293.97s]   [293.97s]   Progress: 5/12 analysis steps completed (41.7%)
2025-03-11 11:45:34,812 - DEBUG -   Starting binwalk analysis...
2025-03-11 11:45:34,912 - DEBUG -   Completed binwalk analysis in 0.10s
2025-03-11 11:45:34,912 - INFO - [294.07s]   [294.07s]   Progress: 6/12 analysis steps completed (50.0%)
2025-03-11 11:45:34,912 - DEBUG -   Starting icc_profile analysis...
2025-03-11 11:45:34,912 - DEBUG -   tag: Orientation (274) - type: short (3) - value: b'\x00\x01'
2025-03-11 11:45:34,913 - DEBUG -   tag: XResolution (282) - type: rational (5) Tag Location: 34 - Data Location: 74 - value: b'\x00\x00\x00H\x00\x00\x00\x01'
2025-03-11 11:45:34,913 - DEBUG -   tag: YResolution (283) - type: rational (5) Tag Location: 46 - Data Location: 82 - value: b'\x00\x00\x00H\x00\x00\x00\x01'
2025-03-11 11:45:34,913 - DEBUG -   tag: ResolutionUnit (296) - type: short (3) - value: b'\x00\x02'
2025-03-11 11:45:34,913 - DEBUG -   tag: ExifIFD (34665) - type: long (4) - value: b'\x00\x00\x00Z'
2025-03-11 11:45:34,913 - DEBUG -   Completed icc_profile analysis in 0.00s
2025-03-11 11:45:34,913 - INFO - [294.07s]   [294.07s]   Progress: 7/12 analysis steps completed (58.3%)
2025-03-11 11:45:34,913 - DEBUG -   Starting zip_signatures analysis...
2025-03-11 11:45:34,923 - DEBUG -   Completed zip_signatures analysis in 0.01s
2025-03-11 11:45:34,923 - INFO - [294.08s]   [294.08s]   Progress: 8/12 analysis steps completed (66.7%)
2025-03-11 11:45:34,923 - DEBUG -   Starting appended_data analysis...
2025-03-11 11:45:34,923 - INFO - [294.08s]   [294.08s]   Checking for appended data...
2025-03-11 11:45:34,923 - DEBUG -   Starting Reading file...
2025-03-11 11:45:34,923 - DEBUG -   Read 117,118 bytes
2025-03-11 11:45:34,924 - DEBUG -   Completed Reading file in 0.00s
2025-03-11 11:45:34,924 - DEBUG -   Starting Analyzing file format...
2025-03-11 11:45:34,933 - DEBUG -   Found 1 EOI markers
2025-03-11 11:45:34,933 - DEBUG -   Completed Analyzing file format in 0.01s
2025-03-11 11:45:34,933 - INFO - [294.09s]   [294.09s]   No appended data found
2025-03-11 11:45:34,933 - DEBUG -   Completed appended_data analysis in 0.01s
2025-03-11 11:45:34,933 - INFO - [294.09s]   [294.09s]   Progress: 9/12 analysis steps completed (75.0%)
2025-03-11 11:45:34,933 - DEBUG -   Starting histogram analysis...
2025-03-11 11:45:34,934 - DEBUG -   tag: Orientation (274) - type: short (3) - value: b'\x00\x01'
2025-03-11 11:45:34,934 - DEBUG -   tag: XResolution (282) - type: rational (5) Tag Location: 34 - Data Location: 74 - value: b'\x00\x00\x00H\x00\x00\x00\x01'
2025-03-11 11:45:34,934 - DEBUG -   tag: YResolution (283) - type: rational (5) Tag Location: 46 - Data Location: 82 - value: b'\x00\x00\x00H\x00\x00\x00\x01'
2025-03-11 11:45:34,934 - DEBUG -   tag: ResolutionUnit (296) - type: short (3) - value: b'\x00\x02'
2025-03-11 11:45:34,934 - DEBUG -   tag: ExifIFD (34665) - type: long (4) - value: b'\x00\x00\x00Z'
2025-03-11 11:45:35,111 - DEBUG -   Completed histogram analysis in 0.18s
2025-03-11 11:45:35,111 - INFO - [294.27s]   [294.27s]   Progress: 10/12 analysis steps completed (83.3%)
2025-03-11 11:45:35,111 - DEBUG -   Starting jpeg_comments analysis...
2025-03-11 11:45:35,111 - INFO - [294.27s]   [294.27s]   Checking JPEG comment segments...
2025-03-11 11:45:35,112 - DEBUG -   Starting Reading JPEG file...
2025-03-11 11:45:35,112 - DEBUG -   Completed Reading JPEG file in 0.00s
2025-03-11 11:45:35,112 - DEBUG -   Starting Analyzing comment segments...
2025-03-11 11:45:35,164 - DEBUG -   Completed Analyzing comment segments in 0.05s
2025-03-11 11:45:35,164 - INFO - [294.33s]   [294.33s]   No suspicious patterns found in JPEG comments
2025-03-11 11:45:35,164 - DEBUG -   Completed jpeg_comments analysis in 0.05s
2025-03-11 11:45:35,164 - INFO - [294.33s]   [294.33s]   Progress: 11/12 analysis steps completed (91.7%)
2025-03-11 11:45:35,165 - DEBUG -   Starting large_metadata analysis...
2025-03-11 11:45:35,165 - INFO - [294.33s]   [294.33s]   Checking for large metadata fields...
2025-03-11 11:45:35,165 - DEBUG -   Starting Reading metadata...
2025-03-11 11:45:35,165 - DEBUG -   JPEG format recognized data[0:2]=0xFFD8
2025-03-11 11:45:35,165 - DEBUG -   data[2]=0xFF data[3]=0xE0 data[6:10]=b'JFIF'
2025-03-11 11:45:35,165 - DEBUG -    Length offset is 16
2025-03-11 11:45:35,165 - DEBUG -    Added to zero
2025-03-11 11:45:35,165 - DEBUG -    Set segment base to 0x14
2025-03-11 11:45:35,165 - DEBUG -    Segment base 0x14
2025-03-11 11:45:35,165 - DEBUG -     APP1 at base 0x14
2025-03-11 11:45:35,165 - DEBUG -     Length: 0x0 0xBC
2025-03-11 11:45:35,165 - DEBUG -     Code: b'Exif'
2025-03-11 11:45:35,165 - DEBUG -     Decrement base by 2 to get to pre-segment header (for compatibility with later code)
2025-03-11 11:45:35,165 - DEBUG -   Endian format is M (Motorola)
2025-03-11 11:45:35,165 - DEBUG -   IFD 0 (Image) at offset 8:
2025-03-11 11:45:35,165 - DEBUG -    Orientation: (0x0112) Short=Horizontal (normal) @ 18
2025-03-11 11:45:35,165 - DEBUG -    XResolution: (0x011A) Ratio=72 @ 74
2025-03-11 11:45:35,165 - DEBUG -    YResolution: (0x011B) Ratio=72 @ 82
2025-03-11 11:45:35,165 - DEBUG -    ResolutionUnit: (0x0128) Short=Pixels/Inch @ 54
2025-03-11 11:45:35,165 - DEBUG -    ExifOffset: (0x8769) Long=90 @ 66
2025-03-11 11:45:35,165 - DEBUG -   Exif SubIFD at offset 90:
2025-03-11 11:45:35,165 - DEBUG -    ExifVersion: (0x9000) Undefined=0221 @ 100
2025-03-11 11:45:35,165 - DEBUG -    ComponentsConfiguration: (0x9101) Undefined=YCbCr @ 112
2025-03-11 11:45:35,165 - DEBUG -    FlashPixVersion: (0xA000) Undefined=0100 @ 124
2025-03-11 11:45:35,165 - DEBUG -    ColorSpace: (0xA001) Short=sRGB @ 136
2025-03-11 11:45:35,165 - DEBUG -    ExifImageWidth: (0xA002) Long=597 @ 148
2025-03-11 11:45:35,165 - DEBUG -    ExifImageLength: (0xA003) Long=436 @ 160
2025-03-11 11:45:35,165 - DEBUG -    SceneCaptureType: (0xA406) Short=Standard @ 172
2025-03-11 11:45:35,165 - DEBUG -   Found 12 metadata tags
2025-03-11 11:45:35,165 - DEBUG -   Completed Reading metadata in 0.00s
2025-03-11 11:45:35,165 - DEBUG -   Starting Analyzing metadata fields...
2025-03-11 11:45:35,165 - DEBUG -   Completed Analyzing metadata fields in 0.00s
2025-03-11 11:45:35,165 - INFO - [294.33s]   [294.33s]   No suspicious large metadata fields found
2025-03-11 11:45:35,165 - DEBUG -   Completed large_metadata analysis in 0.00s
2025-03-11 11:45:35,165 - INFO - [294.33s]   [294.33s]   Progress: 12/12 analysis steps completed (100.0%)
2025-03-11 11:45:35,165 - INFO - [294.33s]   [294.33s]   Analysis complete - 0 total findings
2025-03-11 11:45:35,165 - INFO - [294.33s]   [294.33s]   Completed Analyzing yews_10AM_3-10-25-10AM-7.jpg in 1.39s
2025-03-11 11:45:35,165 - INFO - [294.33s]   [294.33s]   Completed Analyzing yews_10AM_3-10-25-10AM-7.jpg in 1.39s
2025-03-11 11:45:35,165 - INFO - [294.33s]   [294.33s]   
Analyzing file 25/30: /Users/adam/Git/stego_tools/yews_images/yews_news/2025-03-11/yews_10AM_3-10-25-10AM-9.jpg
2025-03-11 11:45:35,165 - INFO - [294.33s]   [294.33s]   Starting Analyzing yews_10AM_3-10-25-10AM-9.jpg...
2025-03-11 11:45:35,165 - INFO - [294.33s]   [294.33s]   Starting Analyzing yews_10AM_3-10-25-10AM-9.jpg...
2025-03-11 11:45:35,165 - INFO - [294.33s]   [294.33s]   File size: 402,972 bytes
2025-03-11 11:45:35,166 - DEBUG -   Starting metadata analysis...
2025-03-11 11:45:35,166 - INFO - [294.33s]   [294.33s]   Checking metadata...
2025-03-11 11:45:35,166 - DEBUG -   Starting Reading EXIF data...
2025-03-11 11:45:35,166 - DEBUG -   JPEG format recognized data[0:2]=0xFFD8
2025-03-11 11:45:35,166 - DEBUG -   data[2]=0xFF data[3]=0xE0 data[6:10]=b'JFIF'
2025-03-11 11:45:35,166 - DEBUG -    Length offset is 16
2025-03-11 11:45:35,166 - DEBUG -    Added to zero
2025-03-11 11:45:35,166 - DEBUG -    Set segment base to 0x14
2025-03-11 11:45:35,166 - DEBUG -    Segment base 0x14
2025-03-11 11:45:35,166 - DEBUG -     APP1 at base 0x14
2025-03-11 11:45:35,166 - DEBUG -     Length: 0x0 0xBC
2025-03-11 11:45:35,166 - DEBUG -     Code: b'Exif'
2025-03-11 11:45:35,166 - DEBUG -     Decrement base by 2 to get to pre-segment header (for compatibility with later code)
2025-03-11 11:45:35,166 - DEBUG -   Endian format is M (Motorola)
2025-03-11 11:45:35,166 - DEBUG -   IFD 0 (Image) at offset 8:
2025-03-11 11:45:35,166 - DEBUG -    Orientation: (0x0112) Short=Horizontal (normal) @ 18
2025-03-11 11:45:35,166 - DEBUG -    XResolution: (0x011A) Ratio=300 @ 74
2025-03-11 11:45:35,166 - DEBUG -    YResolution: (0x011B) Ratio=300 @ 82
2025-03-11 11:45:35,166 - DEBUG -    ResolutionUnit: (0x0128) Short=Pixels/Inch @ 54
2025-03-11 11:45:35,166 - DEBUG -    ExifOffset: (0x8769) Long=90 @ 66
2025-03-11 11:45:35,166 - DEBUG -   Exif SubIFD at offset 90:
2025-03-11 11:45:35,166 - DEBUG -    ExifVersion: (0x9000) Undefined=0221 @ 100
2025-03-11 11:45:35,166 - DEBUG -    ComponentsConfiguration: (0x9101) Undefined=YCbCr @ 112
2025-03-11 11:45:35,166 - DEBUG -    FlashPixVersion: (0xA000) Undefined=0100 @ 124
2025-03-11 11:45:35,166 - DEBUG -    ColorSpace: (0xA001) Short=sRGB @ 136
2025-03-11 11:45:35,166 - DEBUG -    ExifImageWidth: (0xA002) Long=853 @ 148
2025-03-11 11:45:35,166 - DEBUG -    ExifImageLength: (0xA003) Long=1245 @ 160
2025-03-11 11:45:35,166 - DEBUG -    SceneCaptureType: (0xA406) Short=Standard @ 172
2025-03-11 11:45:35,166 - DEBUG -   Found 12 EXIF tags
2025-03-11 11:45:35,166 - DEBUG -   Completed Reading EXIF data in 0.00s
2025-03-11 11:45:35,166 - DEBUG -   Starting Analyzing metadata content...
2025-03-11 11:45:35,166 - INFO - [294.33s]   [294.33s]   No suspicious patterns found in metadata
2025-03-11 11:45:35,166 - DEBUG -   Completed Analyzing metadata content in 0.00s
2025-03-11 11:45:35,166 - DEBUG -   Completed metadata analysis in 0.00s
2025-03-11 11:45:35,166 - INFO - [294.33s]   [294.33s]   Progress: 1/12 analysis steps completed (8.3%)
2025-03-11 11:45:35,166 - DEBUG -   Starting raw_bytes analysis...
2025-03-11 11:45:35,166 - INFO - [294.33s]   [294.33s]   Checking raw bytes...
2025-03-11 11:45:35,167 - DEBUG -   Starting Reading file content...
2025-03-11 11:45:35,167 - DEBUG -   Read 402,972 bytes
2025-03-11 11:45:35,167 - DEBUG -   Completed Reading file content in 0.00s
2025-03-11 11:45:35,167 - DEBUG -   Starting Analyzing ASCII content...
2025-03-11 11:45:35,171 - DEBUG -   Completed Analyzing ASCII content in 0.00s
2025-03-11 11:45:35,171 - DEBUG -   Starting Analyzing hex content...
2025-03-11 11:45:35,173 - DEBUG -   Completed Analyzing hex content in 0.00s
2025-03-11 11:45:35,173 - DEBUG -   Starting Checking base64 variants...
2025-03-11 11:45:35,175 - DEBUG -   Completed Checking base64 variants in 0.00s
2025-03-11 11:45:35,175 - DEBUG -   Starting Analyzing suspicious patterns...
2025-03-11 11:45:35,224 - WARNING - [294.38s]   [294.38s]   Suspicious substring in raw data: Steganography tool reference: f5
2025-03-11 11:45:35,224 - DEBUG -   Completed Analyzing suspicious patterns in 0.05s
2025-03-11 11:45:35,224 - INFO - [294.38s]   [294.38s]   Found 1 suspicious patterns in raw bytes
2025-03-11 11:45:35,225 - DEBUG -   Completed raw_bytes analysis in 0.06s
2025-03-11 11:45:35,226 - INFO - [294.39s]   [294.39s]   Progress: 2/12 analysis steps completed (16.7%)
2025-03-11 11:45:35,226 - DEBUG -   Starting binary_patterns analysis...
2025-03-11 11:45:35,609 - DEBUG -   Completed binary_patterns analysis in 0.38s
2025-03-11 11:45:35,609 - INFO - [294.77s]   [294.77s]   Progress: 3/12 analysis steps completed (25.0%)
2025-03-11 11:45:35,609 - DEBUG -   Starting lsb analysis...
2025-03-11 11:45:35,609 - DEBUG -   tag: Orientation (274) - type: short (3) - value: b'\x00\x01'
2025-03-11 11:45:35,609 - DEBUG -   tag: XResolution (282) - type: rational (5) Tag Location: 34 - Data Location: 74 - value: b'\x00\x00\x01,\x00\x00\x00\x01'
2025-03-11 11:45:35,609 - DEBUG -   tag: YResolution (283) - type: rational (5) Tag Location: 46 - Data Location: 82 - value: b'\x00\x00\x01,\x00\x00\x00\x01'
2025-03-11 11:45:35,609 - DEBUG -   tag: ResolutionUnit (296) - type: short (3) - value: b'\x00\x02'
2025-03-11 11:45:35,609 - DEBUG -   tag: ExifIFD (34665) - type: long (4) - value: b'\x00\x00\x00Z'
2025-03-11 11:45:38,999 - DEBUG -   Completed lsb analysis in 3.39s
2025-03-11 11:45:39,000 - INFO - [298.16s]   [298.16s]   Progress: 4/12 analysis steps completed (33.3%)
2025-03-11 11:45:39,000 - DEBUG -   Starting channels analysis...
2025-03-11 11:45:39,000 - DEBUG -   tag: Orientation (274) - type: short (3) - value: b'\x00\x01'
2025-03-11 11:45:39,000 - DEBUG -   tag: XResolution (282) - type: rational (5) Tag Location: 34 - Data Location: 74 - value: b'\x00\x00\x01,\x00\x00\x00\x01'
2025-03-11 11:45:39,000 - DEBUG -   tag: YResolution (283) - type: rational (5) Tag Location: 46 - Data Location: 82 - value: b'\x00\x00\x01,\x00\x00\x00\x01'
2025-03-11 11:45:39,000 - DEBUG -   tag: ResolutionUnit (296) - type: short (3) - value: b'\x00\x02'
2025-03-11 11:45:39,000 - DEBUG -   tag: ExifIFD (34665) - type: long (4) - value: b'\x00\x00\x00Z'
2025-03-11 11:45:39,458 - DEBUG -   Completed channels analysis in 0.46s
2025-03-11 11:45:39,458 - INFO - [298.62s]   [298.62s]   Progress: 5/12 analysis steps completed (41.7%)
2025-03-11 11:45:39,458 - DEBUG -   Starting binwalk analysis...
2025-03-11 11:45:39,494 - DEBUG -   Completed binwalk analysis in 0.04s
2025-03-11 11:45:39,494 - INFO - [298.65s]   [298.65s]   Progress: 6/12 analysis steps completed (50.0%)
2025-03-11 11:45:39,494 - DEBUG -   Starting icc_profile analysis...
2025-03-11 11:45:39,494 - DEBUG -   tag: Orientation (274) - type: short (3) - value: b'\x00\x01'
2025-03-11 11:45:39,494 - DEBUG -   tag: XResolution (282) - type: rational (5) Tag Location: 34 - Data Location: 74 - value: b'\x00\x00\x01,\x00\x00\x00\x01'
2025-03-11 11:45:39,494 - DEBUG -   tag: YResolution (283) - type: rational (5) Tag Location: 46 - Data Location: 82 - value: b'\x00\x00\x01,\x00\x00\x00\x01'
2025-03-11 11:45:39,494 - DEBUG -   tag: ResolutionUnit (296) - type: short (3) - value: b'\x00\x02'
2025-03-11 11:45:39,494 - DEBUG -   tag: ExifIFD (34665) - type: long (4) - value: b'\x00\x00\x00Z'
2025-03-11 11:45:39,494 - DEBUG -   Completed icc_profile analysis in 0.00s
2025-03-11 11:45:39,494 - INFO - [298.66s]   [298.66s]   Progress: 7/12 analysis steps completed (58.3%)
2025-03-11 11:45:39,494 - DEBUG -   Starting zip_signatures analysis...
2025-03-11 11:45:39,527 - DEBUG -   Completed zip_signatures analysis in 0.03s
2025-03-11 11:45:39,527 - INFO - [298.69s]   [298.69s]   Progress: 8/12 analysis steps completed (66.7%)
2025-03-11 11:45:39,527 - DEBUG -   Starting appended_data analysis...
2025-03-11 11:45:39,527 - INFO - [298.69s]   [298.69s]   Checking for appended data...
2025-03-11 11:45:39,527 - DEBUG -   Starting Reading file...
2025-03-11 11:45:39,527 - DEBUG -   Read 402,972 bytes
2025-03-11 11:45:39,527 - DEBUG -   Completed Reading file in 0.00s
2025-03-11 11:45:39,527 - DEBUG -   Starting Analyzing file format...
2025-03-11 11:45:39,551 - DEBUG -   Found 1 EOI markers
2025-03-11 11:45:39,551 - DEBUG -   Completed Analyzing file format in 0.02s
2025-03-11 11:45:39,551 - INFO - [298.71s]   [298.71s]   No appended data found
2025-03-11 11:45:39,551 - DEBUG -   Completed appended_data analysis in 0.02s
2025-03-11 11:45:39,551 - INFO - [298.71s]   [298.71s]   Progress: 9/12 analysis steps completed (75.0%)
2025-03-11 11:45:39,551 - DEBUG -   Starting histogram analysis...
2025-03-11 11:45:39,552 - DEBUG -   tag: Orientation (274) - type: short (3) - value: b'\x00\x01'
2025-03-11 11:45:39,552 - DEBUG -   tag: XResolution (282) - type: rational (5) Tag Location: 34 - Data Location: 74 - value: b'\x00\x00\x01,\x00\x00\x00\x01'
2025-03-11 11:45:39,552 - DEBUG -   tag: YResolution (283) - type: rational (5) Tag Location: 46 - Data Location: 82 - value: b'\x00\x00\x01,\x00\x00\x00\x01'
2025-03-11 11:45:39,552 - DEBUG -   tag: ResolutionUnit (296) - type: short (3) - value: b'\x00\x02'
2025-03-11 11:45:39,552 - DEBUG -   tag: ExifIFD (34665) - type: long (4) - value: b'\x00\x00\x00Z'
2025-03-11 11:45:39,774 - DEBUG -   Completed histogram analysis in 0.22s
2025-03-11 11:45:39,774 - INFO - [298.94s]   [298.94s]   Progress: 10/12 analysis steps completed (83.3%)
2025-03-11 11:45:39,775 - DEBUG -   Starting jpeg_comments analysis...
2025-03-11 11:45:39,775 - INFO - [298.94s]   [298.94s]   Checking JPEG comment segments...
2025-03-11 11:45:39,775 - DEBUG -   Starting Reading JPEG file...
2025-03-11 11:45:39,775 - DEBUG -   Completed Reading JPEG file in 0.00s
2025-03-11 11:45:39,775 - DEBUG -   Starting Analyzing comment segments...
2025-03-11 11:45:39,800 - DEBUG -   Completed Analyzing comment segments in 0.02s
2025-03-11 11:45:39,800 - INFO - [298.96s]   [298.96s]   No suspicious patterns found in JPEG comments
2025-03-11 11:45:39,800 - DEBUG -   Completed jpeg_comments analysis in 0.03s
2025-03-11 11:45:39,800 - INFO - [298.96s]   [298.96s]   Progress: 11/12 analysis steps completed (91.7%)
2025-03-11 11:45:39,800 - DEBUG -   Starting large_metadata analysis...
2025-03-11 11:45:39,800 - INFO - [298.96s]   [298.96s]   Checking for large metadata fields...
2025-03-11 11:45:39,800 - DEBUG -   Starting Reading metadata...
2025-03-11 11:45:39,800 - DEBUG -   JPEG format recognized data[0:2]=0xFFD8
2025-03-11 11:45:39,800 - DEBUG -   data[2]=0xFF data[3]=0xE0 data[6:10]=b'JFIF'
2025-03-11 11:45:39,800 - DEBUG -    Length offset is 16
2025-03-11 11:45:39,800 - DEBUG -    Added to zero
2025-03-11 11:45:39,800 - DEBUG -    Set segment base to 0x14
2025-03-11 11:45:39,800 - DEBUG -    Segment base 0x14
2025-03-11 11:45:39,800 - DEBUG -     APP1 at base 0x14
2025-03-11 11:45:39,800 - DEBUG -     Length: 0x0 0xBC
2025-03-11 11:45:39,800 - DEBUG -     Code: b'Exif'
2025-03-11 11:45:39,800 - DEBUG -     Decrement base by 2 to get to pre-segment header (for compatibility with later code)
2025-03-11 11:45:39,800 - DEBUG -   Endian format is M (Motorola)
2025-03-11 11:45:39,800 - DEBUG -   IFD 0 (Image) at offset 8:
2025-03-11 11:45:39,800 - DEBUG -    Orientation: (0x0112) Short=Horizontal (normal) @ 18
2025-03-11 11:45:39,800 - DEBUG -    XResolution: (0x011A) Ratio=300 @ 74
2025-03-11 11:45:39,800 - DEBUG -    YResolution: (0x011B) Ratio=300 @ 82
2025-03-11 11:45:39,800 - DEBUG -    ResolutionUnit: (0x0128) Short=Pixels/Inch @ 54
2025-03-11 11:45:39,800 - DEBUG -    ExifOffset: (0x8769) Long=90 @ 66
2025-03-11 11:45:39,800 - DEBUG -   Exif SubIFD at offset 90:
2025-03-11 11:45:39,800 - DEBUG -    ExifVersion: (0x9000) Undefined=0221 @ 100
2025-03-11 11:45:39,800 - DEBUG -    ComponentsConfiguration: (0x9101) Undefined=YCbCr @ 112
2025-03-11 11:45:39,800 - DEBUG -    FlashPixVersion: (0xA000) Undefined=0100 @ 124
2025-03-11 11:45:39,800 - DEBUG -    ColorSpace: (0xA001) Short=sRGB @ 136
2025-03-11 11:45:39,800 - DEBUG -    ExifImageWidth: (0xA002) Long=853 @ 148
2025-03-11 11:45:39,800 - DEBUG -    ExifImageLength: (0xA003) Long=1245 @ 160
2025-03-11 11:45:39,800 - DEBUG -    SceneCaptureType: (0xA406) Short=Standard @ 172
2025-03-11 11:45:39,800 - DEBUG -   Found 12 metadata tags
2025-03-11 11:45:39,800 - DEBUG -   Completed Reading metadata in 0.00s
2025-03-11 11:45:39,800 - DEBUG -   Starting Analyzing metadata fields...
2025-03-11 11:45:39,800 - DEBUG -   Completed Analyzing metadata fields in 0.00s
2025-03-11 11:45:39,800 - INFO - [298.96s]   [298.96s]   No suspicious large metadata fields found
2025-03-11 11:45:39,800 - DEBUG -   Completed large_metadata analysis in 0.00s
2025-03-11 11:45:39,800 - INFO - [298.96s]   [298.96s]   Progress: 12/12 analysis steps completed (100.0%)
2025-03-11 11:45:39,800 - INFO - [298.96s]   [298.96s]   Analysis complete - 0 total findings
2025-03-11 11:45:39,800 - INFO - [298.96s]   [298.96s]   Completed Analyzing yews_10AM_3-10-25-10AM-9.jpg in 4.63s
2025-03-11 11:45:39,800 - INFO - [298.96s]   [298.96s]   Completed Analyzing yews_10AM_3-10-25-10AM-9.jpg in 4.64s
2025-03-11 11:45:39,800 - INFO - [298.96s]   [298.96s]   
Analyzing file 26/30: /Users/adam/Git/stego_tools/yews_images/yews_news/2025-03-11/yews_10AM_3-10-25-10AM-8.jpg
2025-03-11 11:45:39,801 - INFO - [298.96s]   [298.96s]   Starting Analyzing yews_10AM_3-10-25-10AM-8.jpg...
2025-03-11 11:45:39,801 - INFO - [298.96s]   [298.96s]   Starting Analyzing yews_10AM_3-10-25-10AM-8.jpg...
2025-03-11 11:45:39,801 - INFO - [298.96s]   [298.96s]   File size: 103,355 bytes
2025-03-11 11:45:39,801 - DEBUG -   Starting metadata analysis...
2025-03-11 11:45:39,801 - INFO - [298.96s]   [298.96s]   Checking metadata...
2025-03-11 11:45:39,801 - DEBUG -   Starting Reading EXIF data...
2025-03-11 11:45:39,802 - DEBUG -   JPEG format recognized data[0:2]=0xFFD8
2025-03-11 11:45:39,802 - DEBUG -   data[2]=0xFF data[3]=0xE0 data[6:10]=b'JFIF'
2025-03-11 11:45:39,802 - DEBUG -    Length offset is 16
2025-03-11 11:45:39,802 - DEBUG -    Added to zero
2025-03-11 11:45:39,802 - DEBUG -    Set segment base to 0x14
2025-03-11 11:45:39,802 - DEBUG -    Segment base 0x14
2025-03-11 11:45:39,802 - DEBUG -     APP1 at base 0x14
2025-03-11 11:45:39,802 - DEBUG -     Length: 0x1 0x32
2025-03-11 11:45:39,802 - DEBUG -     Code: b'Exif'
2025-03-11 11:45:39,802 - DEBUG -     Decrement base by 2 to get to pre-segment header (for compatibility with later code)
2025-03-11 11:45:39,802 - DEBUG -   Endian format is M (Motorola)
2025-03-11 11:45:39,802 - DEBUG -   IFD 0 (Image) at offset 8:
2025-03-11 11:45:39,802 - DEBUG -    PhotometricInterpretation: (0x0106) Short=2 @ 18
2025-03-11 11:45:39,802 - DEBUG -    Orientation: (0x0112) Short=Horizontal (normal) @ 30
2025-03-11 11:45:39,802 - DEBUG -    XResolution: (0x011A) Ratio=100 @ 110
2025-03-11 11:45:39,802 - DEBUG -    YResolution: (0x011B) Ratio=100 @ 118
2025-03-11 11:45:39,802 - DEBUG -    ResolutionUnit: (0x0128) Short=Pixels/Inch @ 66
2025-03-11 11:45:39,802 - DEBUG -    Software: (0x0131) ASCII=Adobe Photoshop CS2 Macintosh @ 126
2025-03-11 11:45:39,802 - DEBUG -    DateTime: (0x0132) ASCII=2010:03:31 11:10:14 @ 156
2025-03-11 11:45:39,802 - DEBUG -    ExifOffset: (0x8769) Long=176 @ 102
2025-03-11 11:45:39,802 - DEBUG -   Exif SubIFD at offset 176:
2025-03-11 11:45:39,802 - DEBUG -    ExifVersion: (0x9000) Undefined=0221 @ 186
2025-03-11 11:45:39,802 - DEBUG -    DateTimeDigitized: (0x9004) ASCII=2010:03:31 11:10:14 @ 278
2025-03-11 11:45:39,802 - DEBUG -    ComponentsConfiguration: (0x9101) Undefined=YCbCr @ 210
2025-03-11 11:45:39,802 - DEBUG -    FlashPixVersion: (0xA000) Undefined=0100 @ 222
2025-03-11 11:45:39,802 - DEBUG -    ColorSpace: (0xA001) Short=sRGB @ 234
2025-03-11 11:45:39,802 - DEBUG -    ExifImageWidth: (0xA002) Long=401 @ 246
2025-03-11 11:45:39,802 - DEBUG -    ExifImageLength: (0xA003) Long=563 @ 258
2025-03-11 11:45:39,802 - DEBUG -    SceneCaptureType: (0xA406) Short=Standard @ 270
2025-03-11 11:45:39,802 - DEBUG -   Found 16 EXIF tags
2025-03-11 11:45:39,802 - DEBUG -   Completed Reading EXIF data in 0.00s
2025-03-11 11:45:39,802 - DEBUG -   Starting Analyzing metadata content...
2025-03-11 11:45:39,802 - INFO - [298.96s]   [298.96s]   No suspicious patterns found in metadata
2025-03-11 11:45:39,802 - DEBUG -   Completed Analyzing metadata content in 0.00s
2025-03-11 11:45:39,802 - DEBUG -   Completed metadata analysis in 0.00s
2025-03-11 11:45:39,802 - INFO - [298.96s]   [298.96s]   Progress: 1/12 analysis steps completed (8.3%)
2025-03-11 11:45:39,802 - DEBUG -   Starting raw_bytes analysis...
2025-03-11 11:45:39,802 - INFO - [298.96s]   [298.96s]   Checking raw bytes...
2025-03-11 11:45:39,802 - DEBUG -   Starting Reading file content...
2025-03-11 11:45:39,803 - DEBUG -   Read 103,355 bytes
2025-03-11 11:45:39,803 - DEBUG -   Completed Reading file content in 0.00s
2025-03-11 11:45:39,803 - DEBUG -   Starting Analyzing ASCII content...
2025-03-11 11:45:39,804 - DEBUG -   Completed Analyzing ASCII content in 0.00s
2025-03-11 11:45:39,804 - DEBUG -   Starting Analyzing hex content...
2025-03-11 11:45:39,804 - DEBUG -   Completed Analyzing hex content in 0.00s
2025-03-11 11:45:39,804 - DEBUG -   Starting Checking base64 variants...
2025-03-11 11:45:39,804 - DEBUG -   Completed Checking base64 variants in 0.00s
2025-03-11 11:45:39,804 - DEBUG -   Starting Analyzing suspicious patterns...
2025-03-11 11:45:39,814 - WARNING - [298.97s]   [298.97s]   Suspicious substring in raw data: Steganography tool reference: f5
2025-03-11 11:45:39,814 - DEBUG -   Completed Analyzing suspicious patterns in 0.01s
2025-03-11 11:45:39,814 - INFO - [298.98s]   [298.98s]   Found 1 suspicious patterns in raw bytes
2025-03-11 11:45:39,815 - DEBUG -   Completed raw_bytes analysis in 0.01s
2025-03-11 11:45:39,815 - INFO - [298.98s]   [298.98s]   Progress: 2/12 analysis steps completed (16.7%)
2025-03-11 11:45:39,815 - DEBUG -   Starting binary_patterns analysis...
2025-03-11 11:45:39,911 - DEBUG -   Completed binary_patterns analysis in 0.10s
2025-03-11 11:45:39,911 - INFO - [299.07s]   [299.07s]   Progress: 3/12 analysis steps completed (25.0%)
2025-03-11 11:45:39,911 - DEBUG -   Starting lsb analysis...
2025-03-11 11:45:39,911 - DEBUG -   tag: PhotometricInterpretation (262) - type: short (3) - value: b'\x00\x02'
2025-03-11 11:45:39,911 - DEBUG -   tag: Orientation (274) - type: short (3) - value: b'\x00\x01'
2025-03-11 11:45:39,911 - DEBUG -   tag: XResolution (282) - type: rational (5) Tag Location: 46 - Data Location: 110 - value: b'\x00\x00\x00d\x00\x00\x00\x01'
2025-03-11 11:45:39,911 - DEBUG -   tag: YResolution (283) - type: rational (5) Tag Location: 58 - Data Location: 118 - value: b'\x00\x00\x00d\x00\x00\x00\x01'
2025-03-11 11:45:39,911 - DEBUG -   tag: ResolutionUnit (296) - type: short (3) - value: b'\x00\x02'
2025-03-11 11:45:39,911 - DEBUG -   tag: Software (305) - type: string (2) Tag Location: 82 - Data Location: 126 - value: b'Adobe Photoshop CS2 Macintosh\x00'
2025-03-11 11:45:39,911 - DEBUG -   tag: DateTime (306) - type: string (2) Tag Location: 94 - Data Location: 156 - value: b'2010:03:31 11:10:14\x00'
2025-03-11 11:45:39,911 - DEBUG -   tag: ExifIFD (34665) - type: long (4) - value: b'\x00\x00\x00\xb0'
2025-03-11 11:45:40,601 - DEBUG -   Completed lsb analysis in 0.69s
2025-03-11 11:45:40,601 - INFO - [299.76s]   [299.76s]   Progress: 4/12 analysis steps completed (33.3%)
2025-03-11 11:45:40,601 - DEBUG -   Starting channels analysis...
2025-03-11 11:45:40,601 - DEBUG -   tag: PhotometricInterpretation (262) - type: short (3) - value: b'\x00\x02'
2025-03-11 11:45:40,601 - DEBUG -   tag: Orientation (274) - type: short (3) - value: b'\x00\x01'
2025-03-11 11:45:40,601 - DEBUG -   tag: XResolution (282) - type: rational (5) Tag Location: 46 - Data Location: 110 - value: b'\x00\x00\x00d\x00\x00\x00\x01'
2025-03-11 11:45:40,601 - DEBUG -   tag: YResolution (283) - type: rational (5) Tag Location: 58 - Data Location: 118 - value: b'\x00\x00\x00d\x00\x00\x00\x01'
2025-03-11 11:45:40,601 - DEBUG -   tag: ResolutionUnit (296) - type: short (3) - value: b'\x00\x02'
2025-03-11 11:45:40,601 - DEBUG -   tag: Software (305) - type: string (2) Tag Location: 82 - Data Location: 126 - value: b'Adobe Photoshop CS2 Macintosh\x00'
2025-03-11 11:45:40,601 - DEBUG -   tag: DateTime (306) - type: string (2) Tag Location: 94 - Data Location: 156 - value: b'2010:03:31 11:10:14\x00'
2025-03-11 11:45:40,601 - DEBUG -   tag: ExifIFD (34665) - type: long (4) - value: b'\x00\x00\x00\xb0'
2025-03-11 11:45:40,703 - DEBUG -   Completed channels analysis in 0.10s
2025-03-11 11:45:40,703 - INFO - [299.86s]   [299.86s]   Progress: 5/12 analysis steps completed (41.7%)
2025-03-11 11:45:40,703 - DEBUG -   Starting binwalk analysis...
2025-03-11 11:45:40,734 - DEBUG -   Completed binwalk analysis in 0.03s
2025-03-11 11:45:40,734 - INFO - [299.89s]   [299.89s]   Progress: 6/12 analysis steps completed (50.0%)
2025-03-11 11:45:40,734 - DEBUG -   Starting icc_profile analysis...
2025-03-11 11:45:40,734 - DEBUG -   tag: PhotometricInterpretation (262) - type: short (3) - value: b'\x00\x02'
2025-03-11 11:45:40,734 - DEBUG -   tag: Orientation (274) - type: short (3) - value: b'\x00\x01'
2025-03-11 11:45:40,734 - DEBUG -   tag: XResolution (282) - type: rational (5) Tag Location: 46 - Data Location: 110 - value: b'\x00\x00\x00d\x00\x00\x00\x01'
2025-03-11 11:45:40,734 - DEBUG -   tag: YResolution (283) - type: rational (5) Tag Location: 58 - Data Location: 118 - value: b'\x00\x00\x00d\x00\x00\x00\x01'
2025-03-11 11:45:40,735 - DEBUG -   tag: ResolutionUnit (296) - type: short (3) - value: b'\x00\x02'
2025-03-11 11:45:40,735 - DEBUG -   tag: Software (305) - type: string (2) Tag Location: 82 - Data Location: 126 - value: b'Adobe Photoshop CS2 Macintosh\x00'
2025-03-11 11:45:40,735 - DEBUG -   tag: DateTime (306) - type: string (2) Tag Location: 94 - Data Location: 156 - value: b'2010:03:31 11:10:14\x00'
2025-03-11 11:45:40,735 - DEBUG -   tag: ExifIFD (34665) - type: long (4) - value: b'\x00\x00\x00\xb0'
2025-03-11 11:45:40,735 - DEBUG -   Completed icc_profile analysis in 0.00s
2025-03-11 11:45:40,735 - INFO - [299.90s]   [299.90s]   Progress: 7/12 analysis steps completed (58.3%)
2025-03-11 11:45:40,735 - DEBUG -   Starting zip_signatures analysis...
2025-03-11 11:45:40,743 - DEBUG -   Completed zip_signatures analysis in 0.01s
2025-03-11 11:45:40,743 - INFO - [299.90s]   [299.90s]   Progress: 8/12 analysis steps completed (66.7%)
2025-03-11 11:45:40,743 - DEBUG -   Starting appended_data analysis...
2025-03-11 11:45:40,743 - INFO - [299.90s]   [299.90s]   Checking for appended data...
2025-03-11 11:45:40,743 - DEBUG -   Starting Reading file...
2025-03-11 11:45:40,743 - DEBUG -   Read 103,355 bytes
2025-03-11 11:45:40,743 - DEBUG -   Completed Reading file in 0.00s
2025-03-11 11:45:40,743 - DEBUG -   Starting Analyzing file format...
2025-03-11 11:45:40,749 - DEBUG -   Found 1 EOI markers
2025-03-11 11:45:40,749 - DEBUG -   Completed Analyzing file format in 0.01s
2025-03-11 11:45:40,749 - INFO - [299.91s]   [299.91s]   No appended data found
2025-03-11 11:45:40,749 - DEBUG -   Completed appended_data analysis in 0.01s
2025-03-11 11:45:40,749 - INFO - [299.91s]   [299.91s]   Progress: 9/12 analysis steps completed (75.0%)
2025-03-11 11:45:40,749 - DEBUG -   Starting histogram analysis...
2025-03-11 11:45:40,749 - DEBUG -   tag: PhotometricInterpretation (262) - type: short (3) - value: b'\x00\x02'
2025-03-11 11:45:40,749 - DEBUG -   tag: Orientation (274) - type: short (3) - value: b'\x00\x01'
2025-03-11 11:45:40,749 - DEBUG -   tag: XResolution (282) - type: rational (5) Tag Location: 46 - Data Location: 110 - value: b'\x00\x00\x00d\x00\x00\x00\x01'
2025-03-11 11:45:40,749 - DEBUG -   tag: YResolution (283) - type: rational (5) Tag Location: 58 - Data Location: 118 - value: b'\x00\x00\x00d\x00\x00\x00\x01'
2025-03-11 11:45:40,749 - DEBUG -   tag: ResolutionUnit (296) - type: short (3) - value: b'\x00\x02'
2025-03-11 11:45:40,749 - DEBUG -   tag: Software (305) - type: string (2) Tag Location: 82 - Data Location: 126 - value: b'Adobe Photoshop CS2 Macintosh\x00'
2025-03-11 11:45:40,749 - DEBUG -   tag: DateTime (306) - type: string (2) Tag Location: 94 - Data Location: 156 - value: b'2010:03:31 11:10:14\x00'
2025-03-11 11:45:40,749 - DEBUG -   tag: ExifIFD (34665) - type: long (4) - value: b'\x00\x00\x00\xb0'
2025-03-11 11:45:40,795 - DEBUG -   Completed histogram analysis in 0.05s
2025-03-11 11:45:40,795 - INFO - [299.96s]   [299.96s]   Progress: 10/12 analysis steps completed (83.3%)
2025-03-11 11:45:40,795 - DEBUG -   Starting jpeg_comments analysis...
2025-03-11 11:45:40,795 - INFO - [299.96s]   [299.96s]   Checking JPEG comment segments...
2025-03-11 11:45:40,795 - DEBUG -   Starting Reading JPEG file...
2025-03-11 11:45:40,795 - DEBUG -   Completed Reading JPEG file in 0.00s
2025-03-11 11:45:40,795 - DEBUG -   Starting Analyzing comment segments...
2025-03-11 11:45:40,801 - DEBUG -   Completed Analyzing comment segments in 0.01s
2025-03-11 11:45:40,801 - INFO - [299.96s]   [299.96s]   No suspicious patterns found in JPEG comments
2025-03-11 11:45:40,801 - DEBUG -   Completed jpeg_comments analysis in 0.01s
2025-03-11 11:45:40,801 - INFO - [299.96s]   [299.96s]   Progress: 11/12 analysis steps completed (91.7%)
2025-03-11 11:45:40,801 - DEBUG -   Starting large_metadata analysis...
2025-03-11 11:45:40,801 - INFO - [299.96s]   [299.96s]   Checking for large metadata fields...
2025-03-11 11:45:40,801 - DEBUG -   Starting Reading metadata...
2025-03-11 11:45:40,801 - DEBUG -   JPEG format recognized data[0:2]=0xFFD8
2025-03-11 11:45:40,801 - DEBUG -   data[2]=0xFF data[3]=0xE0 data[6:10]=b'JFIF'
2025-03-11 11:45:40,801 - DEBUG -    Length offset is 16
2025-03-11 11:45:40,801 - DEBUG -    Added to zero
2025-03-11 11:45:40,801 - DEBUG -    Set segment base to 0x14
2025-03-11 11:45:40,801 - DEBUG -    Segment base 0x14
2025-03-11 11:45:40,801 - DEBUG -     APP1 at base 0x14
2025-03-11 11:45:40,801 - DEBUG -     Length: 0x1 0x32
2025-03-11 11:45:40,801 - DEBUG -     Code: b'Exif'
2025-03-11 11:45:40,801 - DEBUG -     Decrement base by 2 to get to pre-segment header (for compatibility with later code)
2025-03-11 11:45:40,801 - DEBUG -   Endian format is M (Motorola)
2025-03-11 11:45:40,801 - DEBUG -   IFD 0 (Image) at offset 8:
2025-03-11 11:45:40,801 - DEBUG -    PhotometricInterpretation: (0x0106) Short=2 @ 18
2025-03-11 11:45:40,801 - DEBUG -    Orientation: (0x0112) Short=Horizontal (normal) @ 30
2025-03-11 11:45:40,801 - DEBUG -    XResolution: (0x011A) Ratio=100 @ 110
2025-03-11 11:45:40,801 - DEBUG -    YResolution: (0x011B) Ratio=100 @ 118
2025-03-11 11:45:40,801 - DEBUG -    ResolutionUnit: (0x0128) Short=Pixels/Inch @ 66
2025-03-11 11:45:40,801 - DEBUG -    Software: (0x0131) ASCII=Adobe Photoshop CS2 Macintosh @ 126
2025-03-11 11:45:40,801 - DEBUG -    DateTime: (0x0132) ASCII=2010:03:31 11:10:14 @ 156
2025-03-11 11:45:40,801 - DEBUG -    ExifOffset: (0x8769) Long=176 @ 102
2025-03-11 11:45:40,801 - DEBUG -   Exif SubIFD at offset 176:
2025-03-11 11:45:40,802 - DEBUG -    ExifVersion: (0x9000) Undefined=0221 @ 186
2025-03-11 11:45:40,802 - DEBUG -    DateTimeDigitized: (0x9004) ASCII=2010:03:31 11:10:14 @ 278
2025-03-11 11:45:40,802 - DEBUG -    ComponentsConfiguration: (0x9101) Undefined=YCbCr @ 210
2025-03-11 11:45:40,802 - DEBUG -    FlashPixVersion: (0xA000) Undefined=0100 @ 222
2025-03-11 11:45:40,802 - DEBUG -    ColorSpace: (0xA001) Short=sRGB @ 234
2025-03-11 11:45:40,802 - DEBUG -    ExifImageWidth: (0xA002) Long=401 @ 246
2025-03-11 11:45:40,802 - DEBUG -    ExifImageLength: (0xA003) Long=563 @ 258
2025-03-11 11:45:40,802 - DEBUG -    SceneCaptureType: (0xA406) Short=Standard @ 270
2025-03-11 11:45:40,802 - DEBUG -   Found 16 metadata tags
2025-03-11 11:45:40,802 - DEBUG -   Completed Reading metadata in 0.00s
2025-03-11 11:45:40,802 - DEBUG -   Starting Analyzing metadata fields...
2025-03-11 11:45:40,802 - DEBUG -   Completed Analyzing metadata fields in 0.00s
2025-03-11 11:45:40,802 - INFO - [299.96s]   [299.96s]   No suspicious large metadata fields found
2025-03-11 11:45:40,802 - DEBUG -   Completed large_metadata analysis in 0.00s
2025-03-11 11:45:40,802 - INFO - [299.96s]   [299.96s]   Progress: 12/12 analysis steps completed (100.0%)
2025-03-11 11:45:40,802 - INFO - [299.96s]   [299.96s]   Analysis complete - 0 total findings
2025-03-11 11:45:40,802 - INFO - [299.96s]   [299.96s]   Completed Analyzing yews_10AM_3-10-25-10AM-8.jpg in 1.00s
2025-03-11 11:45:40,802 - INFO - [299.96s]   [299.96s]   Completed Analyzing yews_10AM_3-10-25-10AM-8.jpg in 1.00s
2025-03-11 11:45:40,802 - INFO - [299.96s]   [299.96s]   
Analyzing file 27/30: /Users/adam/Git/stego_tools/yews_images/yews_news/2025-03-11/yews_8PM_3-10-25-8PM-8.jpg
2025-03-11 11:45:40,802 - INFO - [299.96s]   [299.96s]   Starting Analyzing yews_8PM_3-10-25-8PM-8.jpg...
2025-03-11 11:45:40,802 - INFO - [299.96s]   [299.96s]   Starting Analyzing yews_8PM_3-10-25-8PM-8.jpg...
2025-03-11 11:45:40,802 - INFO - [299.96s]   [299.96s]   File size: 416,111 bytes
2025-03-11 11:45:40,802 - DEBUG -   Starting metadata analysis...
2025-03-11 11:45:40,802 - INFO - [299.96s]   [299.96s]   Checking metadata...
2025-03-11 11:45:40,802 - DEBUG -   Starting Reading EXIF data...
2025-03-11 11:45:40,804 - DEBUG -   JPEG format recognized data[0:2]=0xFFD8
2025-03-11 11:45:40,804 - DEBUG -   data[2]=0xFF data[3]=0xE1 data[6:10]=b'Exif'
2025-03-11 11:45:40,804 - DEBUG -    Segment base 0x2
2025-03-11 11:45:40,804 - DEBUG -     APP1 at base 0x2
2025-03-11 11:45:40,804 - DEBUG -     Length: 0x1 0x7E
2025-03-11 11:45:40,804 - DEBUG -     Code: b'Exif'
2025-03-11 11:45:40,804 - DEBUG -     Decrement base by 2 to get to pre-segment header (for compatibility with later code)
2025-03-11 11:45:40,804 - DEBUG -   Endian format is M (Motorola)
2025-03-11 11:45:40,804 - DEBUG -   IFD 0 (Image) at offset 8:
2025-03-11 11:45:40,804 - DEBUG -    PhotometricInterpretation: (0x0106) Short=2 @ 18
2025-03-11 11:45:40,804 - DEBUG -    Orientation: (0x0112) Short=Horizontal (normal) @ 30
2025-03-11 11:45:40,804 - DEBUG -    XResolution: (0x011A) Ratio=300 @ 146
2025-03-11 11:45:40,804 - DEBUG -    YResolution: (0x011B) Ratio=300 @ 154
2025-03-11 11:45:40,804 - DEBUG -    ResolutionUnit: (0x0128) Short=Pixels/Inch @ 66
2025-03-11 11:45:40,804 - DEBUG -    Software: (0x0131) ASCII=Adobe Photoshop CC 2017 (Macintosh) @ 162
2025-03-11 11:45:40,804 - DEBUG -    DateTime: (0x0132) ASCII=2017:11:15 12:47:14 @ 198
2025-03-11 11:45:40,804 - DEBUG -    Artist: (0x013B) ASCII=L H Pordes @ 218
2025-03-11 11:45:40,804 - DEBUG -    YCbCrPositioning: (0x0213) Short=Centered @ 114
2025-03-11 11:45:40,804 - DEBUG -    Copyright: (0x8298) ASCII=The British Library @ 230
2025-03-11 11:45:40,804 - DEBUG -    ExifOffset: (0x8769) Long=250 @ 138
2025-03-11 11:45:40,804 - DEBUG -   Exif SubIFD at offset 250:
2025-03-11 11:45:40,804 - DEBUG -    ExifVersion: (0x9000) Undefined=0221 @ 260
2025-03-11 11:45:40,804 - DEBUG -    DateTimeDigitized: (0x9004) ASCII=2013:02:13 11:30:24 @ 352
2025-03-11 11:45:40,804 - DEBUG -    ComponentsConfiguration: (0x9101) Undefined=YCbCr @ 284
2025-03-11 11:45:40,804 - DEBUG -    FlashPixVersion: (0xA000) Undefined=0100 @ 296
2025-03-11 11:45:40,804 - DEBUG -    ColorSpace: (0xA001) Short=Uncalibrated @ 308
2025-03-11 11:45:40,804 - DEBUG -    ExifImageWidth: (0xA002) Long=860 @ 320
2025-03-11 11:45:40,804 - DEBUG -    ExifImageLength: (0xA003) Long=1071 @ 332
2025-03-11 11:45:40,804 - DEBUG -    SceneCaptureType: (0xA406) Short=Standard @ 344
2025-03-11 11:45:40,804 - DEBUG -   Found 19 EXIF tags
2025-03-11 11:45:40,804 - DEBUG -   Completed Reading EXIF data in 0.00s
2025-03-11 11:45:40,804 - DEBUG -   Starting Analyzing metadata content...
2025-03-11 11:45:40,804 - INFO - [299.96s]   [299.96s]   No suspicious patterns found in metadata
2025-03-11 11:45:40,804 - DEBUG -   Completed Analyzing metadata content in 0.00s
2025-03-11 11:45:40,804 - DEBUG -   Completed metadata analysis in 0.00s
2025-03-11 11:45:40,804 - INFO - [299.96s]   [299.96s]   Progress: 1/12 analysis steps completed (8.3%)
2025-03-11 11:45:40,804 - DEBUG -   Starting raw_bytes analysis...
2025-03-11 11:45:40,804 - INFO - [299.97s]   [299.97s]   Checking raw bytes...
2025-03-11 11:45:40,804 - DEBUG -   Starting Reading file content...
2025-03-11 11:45:40,805 - DEBUG -   Read 416,111 bytes
2025-03-11 11:45:40,805 - DEBUG -   Completed Reading file content in 0.00s
2025-03-11 11:45:40,805 - DEBUG -   Starting Analyzing ASCII content...
2025-03-11 11:45:40,808 - DEBUG -   Completed Analyzing ASCII content in 0.00s
2025-03-11 11:45:40,808 - DEBUG -   Starting Analyzing hex content...
2025-03-11 11:45:40,809 - DEBUG -   Completed Analyzing hex content in 0.00s
2025-03-11 11:45:40,809 - DEBUG -   Starting Checking base64 variants...
2025-03-11 11:45:40,811 - DEBUG -   Completed Checking base64 variants in 0.00s
2025-03-11 11:45:40,811 - DEBUG -   Starting Analyzing suspicious patterns...
2025-03-11 11:45:40,851 - WARNING - [300.01s]   [300.01s]   Suspicious substring in raw data: Steganography tool reference: f5
2025-03-11 11:45:40,851 - DEBUG -   Completed Analyzing suspicious patterns in 0.04s
2025-03-11 11:45:40,851 - INFO - [300.01s]   [300.01s]   Found 1 suspicious patterns in raw bytes
2025-03-11 11:45:40,851 - DEBUG -   Completed raw_bytes analysis in 0.05s
2025-03-11 11:45:40,851 - INFO - [300.01s]   [300.01s]   Progress: 2/12 analysis steps completed (16.7%)
2025-03-11 11:45:40,851 - DEBUG -   Starting binary_patterns analysis...
2025-03-11 11:45:41,233 - DEBUG -   Completed binary_patterns analysis in 0.38s
2025-03-11 11:45:41,233 - INFO - [300.39s]   [300.39s]   Progress: 3/12 analysis steps completed (25.0%)
2025-03-11 11:45:41,233 - DEBUG -   Starting lsb analysis...
2025-03-11 11:45:41,233 - DEBUG -   tag: PhotometricInterpretation (262) - type: short (3) - value: b'\x00\x02'
2025-03-11 11:45:41,233 - DEBUG -   tag: Orientation (274) - type: short (3) - value: b'\x00\x01'
2025-03-11 11:45:41,233 - DEBUG -   tag: XResolution (282) - type: rational (5) Tag Location: 46 - Data Location: 146 - value: b'\x00\x00\x01,\x00\x00\x00\x01'
2025-03-11 11:45:41,233 - DEBUG -   tag: YResolution (283) - type: rational (5) Tag Location: 58 - Data Location: 154 - value: b'\x00\x00\x01,\x00\x00\x00\x01'
2025-03-11 11:45:41,233 - DEBUG -   tag: ResolutionUnit (296) - type: short (3) - value: b'\x00\x02'
2025-03-11 11:45:41,233 - DEBUG -   tag: Software (305) - type: string (2) Tag Location: 82 - Data Location: 162 - value: <table: 36 bytes>
2025-03-11 11:45:41,233 - DEBUG -   tag: DateTime (306) - type: string (2) Tag Location: 94 - Data Location: 198 - value: b'2017:11:15 12:47:14\x00'
2025-03-11 11:45:41,233 - DEBUG -   tag: Artist (315) - type: string (2) Tag Location: 106 - Data Location: 218 - value: b'L H Pordes\x00'
2025-03-11 11:45:41,233 - DEBUG -   tag: YCbCrPositioning (531) - type: short (3) - value: b'\x00\x01'
2025-03-11 11:45:41,233 - DEBUG -   tag: Copyright (33432) - type: string (2) Tag Location: 130 - Data Location: 230 - value: b'The British Library\x00'
2025-03-11 11:45:41,233 - DEBUG -   tag: ExifIFD (34665) - type: long (4) - value: b'\x00\x00\x00\xfa'
2025-03-11 11:45:43,827 - DEBUG -   Completed lsb analysis in 2.59s
2025-03-11 11:45:43,827 - INFO - [302.99s]   [302.99s]   Progress: 4/12 analysis steps completed (33.3%)
2025-03-11 11:45:43,827 - DEBUG -   Starting channels analysis...
2025-03-11 11:45:43,827 - DEBUG -   tag: PhotometricInterpretation (262) - type: short (3) - value: b'\x00\x02'
2025-03-11 11:45:43,827 - DEBUG -   tag: Orientation (274) - type: short (3) - value: b'\x00\x01'
2025-03-11 11:45:43,827 - DEBUG -   tag: XResolution (282) - type: rational (5) Tag Location: 46 - Data Location: 146 - value: b'\x00\x00\x01,\x00\x00\x00\x01'
2025-03-11 11:45:43,827 - DEBUG -   tag: YResolution (283) - type: rational (5) Tag Location: 58 - Data Location: 154 - value: b'\x00\x00\x01,\x00\x00\x00\x01'
2025-03-11 11:45:43,827 - DEBUG -   tag: ResolutionUnit (296) - type: short (3) - value: b'\x00\x02'
2025-03-11 11:45:43,828 - DEBUG -   tag: Software (305) - type: string (2) Tag Location: 82 - Data Location: 162 - value: <table: 36 bytes>
2025-03-11 11:45:43,828 - DEBUG -   tag: DateTime (306) - type: string (2) Tag Location: 94 - Data Location: 198 - value: b'2017:11:15 12:47:14\x00'
2025-03-11 11:45:43,828 - DEBUG -   tag: Artist (315) - type: string (2) Tag Location: 106 - Data Location: 218 - value: b'L H Pordes\x00'
2025-03-11 11:45:43,828 - DEBUG -   tag: YCbCrPositioning (531) - type: short (3) - value: b'\x00\x01'
2025-03-11 11:45:43,828 - DEBUG -   tag: Copyright (33432) - type: string (2) Tag Location: 130 - Data Location: 230 - value: b'The British Library\x00'
2025-03-11 11:45:43,828 - DEBUG -   tag: ExifIFD (34665) - type: long (4) - value: b'\x00\x00\x00\xfa'
2025-03-11 11:45:44,195 - DEBUG -   Completed channels analysis in 0.37s
2025-03-11 11:45:44,195 - INFO - [303.36s]   [303.36s]   Progress: 5/12 analysis steps completed (41.7%)
2025-03-11 11:45:44,195 - DEBUG -   Starting binwalk analysis...
2025-03-11 11:45:44,214 - DEBUG -   Completed binwalk analysis in 0.02s
2025-03-11 11:45:44,214 - INFO - [303.37s]   [303.37s]   Progress: 6/12 analysis steps completed (50.0%)
2025-03-11 11:45:44,214 - DEBUG -   Starting icc_profile analysis...
2025-03-11 11:45:44,215 - DEBUG -   tag: PhotometricInterpretation (262) - type: short (3) - value: b'\x00\x02'
2025-03-11 11:45:44,215 - DEBUG -   tag: Orientation (274) - type: short (3) - value: b'\x00\x01'
2025-03-11 11:45:44,215 - DEBUG -   tag: XResolution (282) - type: rational (5) Tag Location: 46 - Data Location: 146 - value: b'\x00\x00\x01,\x00\x00\x00\x01'
2025-03-11 11:45:44,215 - DEBUG -   tag: YResolution (283) - type: rational (5) Tag Location: 58 - Data Location: 154 - value: b'\x00\x00\x01,\x00\x00\x00\x01'
2025-03-11 11:45:44,215 - DEBUG -   tag: ResolutionUnit (296) - type: short (3) - value: b'\x00\x02'
2025-03-11 11:45:44,215 - DEBUG -   tag: Software (305) - type: string (2) Tag Location: 82 - Data Location: 162 - value: <table: 36 bytes>
2025-03-11 11:45:44,215 - DEBUG -   tag: DateTime (306) - type: string (2) Tag Location: 94 - Data Location: 198 - value: b'2017:11:15 12:47:14\x00'
2025-03-11 11:45:44,215 - DEBUG -   tag: Artist (315) - type: string (2) Tag Location: 106 - Data Location: 218 - value: b'L H Pordes\x00'
2025-03-11 11:45:44,215 - DEBUG -   tag: YCbCrPositioning (531) - type: short (3) - value: b'\x00\x01'
2025-03-11 11:45:44,215 - DEBUG -   tag: Copyright (33432) - type: string (2) Tag Location: 130 - Data Location: 230 - value: b'The British Library\x00'
2025-03-11 11:45:44,215 - DEBUG -   tag: ExifIFD (34665) - type: long (4) - value: b'\x00\x00\x00\xfa'
2025-03-11 11:45:44,215 - DEBUG -   Completed icc_profile analysis in 0.00s
2025-03-11 11:45:44,215 - INFO - [303.38s]   [303.38s]   Progress: 7/12 analysis steps completed (58.3%)
2025-03-11 11:45:44,215 - DEBUG -   Starting zip_signatures analysis...
2025-03-11 11:45:44,248 - DEBUG -   Completed zip_signatures analysis in 0.03s
2025-03-11 11:45:44,248 - INFO - [303.41s]   [303.41s]   Progress: 8/12 analysis steps completed (66.7%)
2025-03-11 11:45:44,248 - DEBUG -   Starting appended_data analysis...
2025-03-11 11:45:44,248 - INFO - [303.41s]   [303.41s]   Checking for appended data...
2025-03-11 11:45:44,248 - DEBUG -   Starting Reading file...
2025-03-11 11:45:44,248 - DEBUG -   Read 416,111 bytes
2025-03-11 11:45:44,248 - DEBUG -   Completed Reading file in 0.00s
2025-03-11 11:45:44,248 - DEBUG -   Starting Analyzing file format...
2025-03-11 11:45:44,271 - DEBUG -   Found 1 EOI markers
2025-03-11 11:45:44,271 - DEBUG -   Completed Analyzing file format in 0.02s
2025-03-11 11:45:44,271 - INFO - [303.43s]   [303.43s]   No appended data found
2025-03-11 11:45:44,271 - DEBUG -   Completed appended_data analysis in 0.02s
2025-03-11 11:45:44,271 - INFO - [303.43s]   [303.43s]   Progress: 9/12 analysis steps completed (75.0%)
2025-03-11 11:45:44,271 - DEBUG -   Starting histogram analysis...
2025-03-11 11:45:44,272 - DEBUG -   tag: PhotometricInterpretation (262) - type: short (3) - value: b'\x00\x02'
2025-03-11 11:45:44,272 - DEBUG -   tag: Orientation (274) - type: short (3) - value: b'\x00\x01'
2025-03-11 11:45:44,272 - DEBUG -   tag: XResolution (282) - type: rational (5) Tag Location: 46 - Data Location: 146 - value: b'\x00\x00\x01,\x00\x00\x00\x01'
2025-03-11 11:45:44,272 - DEBUG -   tag: YResolution (283) - type: rational (5) Tag Location: 58 - Data Location: 154 - value: b'\x00\x00\x01,\x00\x00\x00\x01'
2025-03-11 11:45:44,272 - DEBUG -   tag: ResolutionUnit (296) - type: short (3) - value: b'\x00\x02'
2025-03-11 11:45:44,272 - DEBUG -   tag: Software (305) - type: string (2) Tag Location: 82 - Data Location: 162 - value: <table: 36 bytes>
2025-03-11 11:45:44,272 - DEBUG -   tag: DateTime (306) - type: string (2) Tag Location: 94 - Data Location: 198 - value: b'2017:11:15 12:47:14\x00'
2025-03-11 11:45:44,272 - DEBUG -   tag: Artist (315) - type: string (2) Tag Location: 106 - Data Location: 218 - value: b'L H Pordes\x00'
2025-03-11 11:45:44,272 - DEBUG -   tag: YCbCrPositioning (531) - type: short (3) - value: b'\x00\x01'
2025-03-11 11:45:44,272 - DEBUG -   tag: Copyright (33432) - type: string (2) Tag Location: 130 - Data Location: 230 - value: b'The British Library\x00'
2025-03-11 11:45:44,272 - DEBUG -   tag: ExifIFD (34665) - type: long (4) - value: b'\x00\x00\x00\xfa'
2025-03-11 11:45:44,456 - DEBUG -   Completed histogram analysis in 0.18s
2025-03-11 11:45:44,456 - INFO - [303.62s]   [303.62s]   Progress: 10/12 analysis steps completed (83.3%)
2025-03-11 11:45:44,456 - DEBUG -   Starting jpeg_comments analysis...
2025-03-11 11:45:44,456 - INFO - [303.62s]   [303.62s]   Checking JPEG comment segments...
2025-03-11 11:45:44,456 - DEBUG -   Starting Reading JPEG file...
2025-03-11 11:45:44,456 - DEBUG -   Completed Reading JPEG file in 0.00s
2025-03-11 11:45:44,456 - DEBUG -   Starting Analyzing comment segments...
2025-03-11 11:45:44,480 - DEBUG -   Completed Analyzing comment segments in 0.02s
2025-03-11 11:45:44,480 - INFO - [303.64s]   [303.64s]   No suspicious patterns found in JPEG comments
2025-03-11 11:45:44,480 - DEBUG -   Completed jpeg_comments analysis in 0.02s
2025-03-11 11:45:44,480 - INFO - [303.64s]   [303.64s]   Progress: 11/12 analysis steps completed (91.7%)
2025-03-11 11:45:44,480 - DEBUG -   Starting large_metadata analysis...
2025-03-11 11:45:44,480 - INFO - [303.64s]   [303.64s]   Checking for large metadata fields...
2025-03-11 11:45:44,480 - DEBUG -   Starting Reading metadata...
2025-03-11 11:45:44,480 - DEBUG -   JPEG format recognized data[0:2]=0xFFD8
2025-03-11 11:45:44,480 - DEBUG -   data[2]=0xFF data[3]=0xE1 data[6:10]=b'Exif'
2025-03-11 11:45:44,480 - DEBUG -    Segment base 0x2
2025-03-11 11:45:44,480 - DEBUG -     APP1 at base 0x2
2025-03-11 11:45:44,480 - DEBUG -     Length: 0x1 0x7E
2025-03-11 11:45:44,480 - DEBUG -     Code: b'Exif'
2025-03-11 11:45:44,480 - DEBUG -     Decrement base by 2 to get to pre-segment header (for compatibility with later code)
2025-03-11 11:45:44,480 - DEBUG -   Endian format is M (Motorola)
2025-03-11 11:45:44,480 - DEBUG -   IFD 0 (Image) at offset 8:
2025-03-11 11:45:44,480 - DEBUG -    PhotometricInterpretation: (0x0106) Short=2 @ 18
2025-03-11 11:45:44,480 - DEBUG -    Orientation: (0x0112) Short=Horizontal (normal) @ 30
2025-03-11 11:45:44,480 - DEBUG -    XResolution: (0x011A) Ratio=300 @ 146
2025-03-11 11:45:44,480 - DEBUG -    YResolution: (0x011B) Ratio=300 @ 154
2025-03-11 11:45:44,480 - DEBUG -    ResolutionUnit: (0x0128) Short=Pixels/Inch @ 66
2025-03-11 11:45:44,480 - DEBUG -    Software: (0x0131) ASCII=Adobe Photoshop CC 2017 (Macintosh) @ 162
2025-03-11 11:45:44,480 - DEBUG -    DateTime: (0x0132) ASCII=2017:11:15 12:47:14 @ 198
2025-03-11 11:45:44,480 - DEBUG -    Artist: (0x013B) ASCII=L H Pordes @ 218
2025-03-11 11:45:44,480 - DEBUG -    YCbCrPositioning: (0x0213) Short=Centered @ 114
2025-03-11 11:45:44,481 - DEBUG -    Copyright: (0x8298) ASCII=The British Library @ 230
2025-03-11 11:45:44,481 - DEBUG -    ExifOffset: (0x8769) Long=250 @ 138
2025-03-11 11:45:44,481 - DEBUG -   Exif SubIFD at offset 250:
2025-03-11 11:45:44,481 - DEBUG -    ExifVersion: (0x9000) Undefined=0221 @ 260
2025-03-11 11:45:44,481 - DEBUG -    DateTimeDigitized: (0x9004) ASCII=2013:02:13 11:30:24 @ 352
2025-03-11 11:45:44,481 - DEBUG -    ComponentsConfiguration: (0x9101) Undefined=YCbCr @ 284
2025-03-11 11:45:44,481 - DEBUG -    FlashPixVersion: (0xA000) Undefined=0100 @ 296
2025-03-11 11:45:44,481 - DEBUG -    ColorSpace: (0xA001) Short=Uncalibrated @ 308
2025-03-11 11:45:44,481 - DEBUG -    ExifImageWidth: (0xA002) Long=860 @ 320
2025-03-11 11:45:44,481 - DEBUG -    ExifImageLength: (0xA003) Long=1071 @ 332
2025-03-11 11:45:44,481 - DEBUG -    SceneCaptureType: (0xA406) Short=Standard @ 344
2025-03-11 11:45:44,481 - DEBUG -   Found 19 metadata tags
2025-03-11 11:45:44,481 - DEBUG -   Completed Reading metadata in 0.00s
2025-03-11 11:45:44,481 - DEBUG -   Starting Analyzing metadata fields...
2025-03-11 11:45:44,481 - DEBUG -   Completed Analyzing metadata fields in 0.00s
2025-03-11 11:45:44,481 - INFO - [303.64s]   [303.64s]   No suspicious large metadata fields found
2025-03-11 11:45:44,481 - DEBUG -   Completed large_metadata analysis in 0.00s
2025-03-11 11:45:44,481 - INFO - [303.64s]   [303.64s]   Progress: 12/12 analysis steps completed (100.0%)
2025-03-11 11:45:44,481 - INFO - [303.64s]   [303.64s]   Analysis complete - 0 total findings
2025-03-11 11:45:44,481 - INFO - [303.64s]   [303.64s]   Completed Analyzing yews_8PM_3-10-25-8PM-8.jpg in 3.68s
2025-03-11 11:45:44,481 - INFO - [303.64s]   [303.64s]   Completed Analyzing yews_8PM_3-10-25-8PM-8.jpg in 3.68s
2025-03-11 11:45:44,481 - INFO - [303.64s]   [303.64s]   
Analyzing file 28/30: /Users/adam/Git/stego_tools/yews_images/yews_news/2025-03-11/yews_8PM_3-10-25-8PM-9.jpg
2025-03-11 11:45:44,481 - INFO - [303.64s]   [303.64s]   Starting Analyzing yews_8PM_3-10-25-8PM-9.jpg...
2025-03-11 11:45:44,481 - INFO - [303.64s]   [303.64s]   Starting Analyzing yews_8PM_3-10-25-8PM-9.jpg...
2025-03-11 11:45:44,481 - INFO - [303.64s]   [303.64s]   File size: 191,044 bytes
2025-03-11 11:45:44,481 - DEBUG -   Starting metadata analysis...
2025-03-11 11:45:44,481 - INFO - [303.64s]   [303.64s]   Checking metadata...
2025-03-11 11:45:44,481 - DEBUG -   Starting Reading EXIF data...
2025-03-11 11:45:44,482 - DEBUG -   JPEG format recognized data[0:2]=0xFFD8
2025-03-11 11:45:44,482 - DEBUG -   data[2]=0xFF data[3]=0xE1 data[6:10]=b'Exif'
2025-03-11 11:45:44,482 - DEBUG -    Segment base 0x2
2025-03-11 11:45:44,482 - DEBUG -     APP1 at base 0x2
2025-03-11 11:45:44,482 - DEBUG -     Length: 0x1 0x34
2025-03-11 11:45:44,482 - DEBUG -     Code: b'Exif'
2025-03-11 11:45:44,482 - DEBUG -     Decrement base by 2 to get to pre-segment header (for compatibility with later code)
2025-03-11 11:45:44,482 - DEBUG -   Endian format is M (Motorola)
2025-03-11 11:45:44,482 - DEBUG -   IFD 0 (Image) at offset 8:
2025-03-11 11:45:44,482 - DEBUG -    Orientation: (0x0112) Short=Horizontal (normal) @ 18
2025-03-11 11:45:44,482 - DEBUG -    XResolution: (0x011A) Ratio=100 @ 110
2025-03-11 11:45:44,482 - DEBUG -    YResolution: (0x011B) Ratio=100 @ 118
2025-03-11 11:45:44,482 - DEBUG -    ResolutionUnit: (0x0128) Short=Pixels/Inch @ 54
2025-03-11 11:45:44,482 - DEBUG -    Software: (0x0131) ASCII=Adobe Photoshop CS2 Macintosh @ 126
2025-03-11 11:45:44,482 - DEBUG -    DateTime: (0x0132) ASCII=2009:07:30 15:47:44 @ 156
2025-03-11 11:45:44,482 - DEBUG -    YCbCrPositioning: (0x0213) Short=Centered @ 90
2025-03-11 11:45:44,482 - DEBUG -    ExifOffset: (0x8769) Long=176 @ 102
2025-03-11 11:45:44,482 - DEBUG -   Exif SubIFD at offset 176:
2025-03-11 11:45:44,482 - DEBUG -    ExifVersion: (0x9000) Undefined=0221 @ 186
2025-03-11 11:45:44,482 - DEBUG -    DateTimeDigitized: (0x9004) ASCII=2009:07:30 15:47:44 @ 278
2025-03-11 11:45:44,482 - DEBUG -    ComponentsConfiguration: (0x9101) Undefined=YCbCr @ 210
2025-03-11 11:45:44,482 - DEBUG -    FlashPixVersion: (0xA000) Undefined=0100 @ 222
2025-03-11 11:45:44,482 - DEBUG -    ColorSpace: (0xA001) Short=Uncalibrated @ 234
2025-03-11 11:45:44,482 - DEBUG -    ExifImageWidth: (0xA002) Long=624 @ 246
2025-03-11 11:45:44,482 - DEBUG -    ExifImageLength: (0xA003) Long=650 @ 258
2025-03-11 11:45:44,482 - DEBUG -    SceneCaptureType: (0xA406) Short=Standard @ 270
2025-03-11 11:45:44,483 - DEBUG -   Found 16 EXIF tags
2025-03-11 11:45:44,483 - DEBUG -   Completed Reading EXIF data in 0.00s
2025-03-11 11:45:44,483 - DEBUG -   Starting Analyzing metadata content...
2025-03-11 11:45:44,483 - INFO - [303.64s]   [303.64s]   No suspicious patterns found in metadata
2025-03-11 11:45:44,483 - DEBUG -   Completed Analyzing metadata content in 0.00s
2025-03-11 11:45:44,483 - DEBUG -   Completed metadata analysis in 0.00s
2025-03-11 11:45:44,483 - INFO - [303.64s]   [303.64s]   Progress: 1/12 analysis steps completed (8.3%)
2025-03-11 11:45:44,483 - DEBUG -   Starting raw_bytes analysis...
2025-03-11 11:45:44,483 - INFO - [303.64s]   [303.64s]   Checking raw bytes...
2025-03-11 11:45:44,483 - DEBUG -   Starting Reading file content...
2025-03-11 11:45:44,483 - DEBUG -   Read 191,044 bytes
2025-03-11 11:45:44,483 - DEBUG -   Completed Reading file content in 0.00s
2025-03-11 11:45:44,483 - DEBUG -   Starting Analyzing ASCII content...
2025-03-11 11:45:44,485 - DEBUG -   Completed Analyzing ASCII content in 0.00s
2025-03-11 11:45:44,485 - DEBUG -   Starting Analyzing hex content...
2025-03-11 11:45:44,485 - DEBUG -   Completed Analyzing hex content in 0.00s
2025-03-11 11:45:44,485 - DEBUG -   Starting Checking base64 variants...
2025-03-11 11:45:44,486 - DEBUG -   Completed Checking base64 variants in 0.00s
2025-03-11 11:45:44,486 - DEBUG -   Starting Analyzing suspicious patterns...
2025-03-11 11:45:44,505 - WARNING - [303.67s]   [303.67s]   Suspicious substring in raw data: Steganography tool reference: f5
2025-03-11 11:45:44,505 - DEBUG -   Completed Analyzing suspicious patterns in 0.02s
2025-03-11 11:45:44,505 - INFO - [303.67s]   [303.67s]   Found 1 suspicious patterns in raw bytes
2025-03-11 11:45:44,505 - DEBUG -   Completed raw_bytes analysis in 0.02s
2025-03-11 11:45:44,505 - INFO - [303.67s]   [303.67s]   Progress: 2/12 analysis steps completed (16.7%)
2025-03-11 11:45:44,505 - DEBUG -   Starting binary_patterns analysis...
2025-03-11 11:45:44,680 - DEBUG -   Completed binary_patterns analysis in 0.18s
2025-03-11 11:45:44,680 - INFO - [303.84s]   [303.84s]   Progress: 3/12 analysis steps completed (25.0%)
2025-03-11 11:45:44,680 - DEBUG -   Starting lsb analysis...
2025-03-11 11:45:44,681 - DEBUG -   tag: Orientation (274) - type: short (3) - value: b'\x00\x01'
2025-03-11 11:45:44,681 - DEBUG -   tag: XResolution (282) - type: rational (5) Tag Location: 34 - Data Location: 110 - value: b'\x00\x00\x00d\x00\x00\x00\x01'
2025-03-11 11:45:44,681 - DEBUG -   tag: YResolution (283) - type: rational (5) Tag Location: 46 - Data Location: 118 - value: b'\x00\x00\x00d\x00\x00\x00\x01'
2025-03-11 11:45:44,681 - DEBUG -   tag: ResolutionUnit (296) - type: short (3) - value: b'\x00\x02'
2025-03-11 11:45:44,681 - DEBUG -   tag: Software (305) - type: string (2) Tag Location: 70 - Data Location: 126 - value: b'Adobe Photoshop CS2 Macintosh\x00'
2025-03-11 11:45:44,681 - DEBUG -   tag: DateTime (306) - type: string (2) Tag Location: 82 - Data Location: 156 - value: b'2009:07:30 15:47:44\x00'
2025-03-11 11:45:44,681 - DEBUG -   tag: YCbCrPositioning (531) - type: short (3) - value: b'\x00\x01'
2025-03-11 11:45:44,681 - DEBUG -   tag: ExifIFD (34665) - type: long (4) - value: b'\x00\x00\x00\xb0'
2025-03-11 11:45:45,831 - DEBUG -   Completed lsb analysis in 1.15s
2025-03-11 11:45:45,831 - INFO - [304.99s]   [304.99s]   Progress: 4/12 analysis steps completed (33.3%)
2025-03-11 11:45:45,831 - DEBUG -   Starting channels analysis...
2025-03-11 11:45:45,832 - DEBUG -   tag: Orientation (274) - type: short (3) - value: b'\x00\x01'
2025-03-11 11:45:45,832 - DEBUG -   tag: XResolution (282) - type: rational (5) Tag Location: 34 - Data Location: 110 - value: b'\x00\x00\x00d\x00\x00\x00\x01'
2025-03-11 11:45:45,832 - DEBUG -   tag: YResolution (283) - type: rational (5) Tag Location: 46 - Data Location: 118 - value: b'\x00\x00\x00d\x00\x00\x00\x01'
2025-03-11 11:45:45,832 - DEBUG -   tag: ResolutionUnit (296) - type: short (3) - value: b'\x00\x02'
2025-03-11 11:45:45,832 - DEBUG -   tag: Software (305) - type: string (2) Tag Location: 70 - Data Location: 126 - value: b'Adobe Photoshop CS2 Macintosh\x00'
2025-03-11 11:45:45,832 - DEBUG -   tag: DateTime (306) - type: string (2) Tag Location: 82 - Data Location: 156 - value: b'2009:07:30 15:47:44\x00'
2025-03-11 11:45:45,832 - DEBUG -   tag: YCbCrPositioning (531) - type: short (3) - value: b'\x00\x01'
2025-03-11 11:45:45,832 - DEBUG -   tag: ExifIFD (34665) - type: long (4) - value: b'\x00\x00\x00\xb0'
2025-03-11 11:45:46,009 - DEBUG -   Completed channels analysis in 0.18s
2025-03-11 11:45:46,009 - INFO - [305.17s]   [305.17s]   Progress: 5/12 analysis steps completed (41.7%)
2025-03-11 11:45:46,009 - DEBUG -   Starting binwalk analysis...
2025-03-11 11:45:46,046 - DEBUG -   Completed binwalk analysis in 0.04s
2025-03-11 11:45:46,046 - INFO - [305.21s]   [305.21s]   Progress: 6/12 analysis steps completed (50.0%)
2025-03-11 11:45:46,046 - DEBUG -   Starting icc_profile analysis...
2025-03-11 11:45:46,047 - DEBUG -   tag: Orientation (274) - type: short (3) - value: b'\x00\x01'
2025-03-11 11:45:46,047 - DEBUG -   tag: XResolution (282) - type: rational (5) Tag Location: 34 - Data Location: 110 - value: b'\x00\x00\x00d\x00\x00\x00\x01'
2025-03-11 11:45:46,047 - DEBUG -   tag: YResolution (283) - type: rational (5) Tag Location: 46 - Data Location: 118 - value: b'\x00\x00\x00d\x00\x00\x00\x01'
2025-03-11 11:45:46,047 - DEBUG -   tag: ResolutionUnit (296) - type: short (3) - value: b'\x00\x02'
2025-03-11 11:45:46,047 - DEBUG -   tag: Software (305) - type: string (2) Tag Location: 70 - Data Location: 126 - value: b'Adobe Photoshop CS2 Macintosh\x00'
2025-03-11 11:45:46,047 - DEBUG -   tag: DateTime (306) - type: string (2) Tag Location: 82 - Data Location: 156 - value: b'2009:07:30 15:47:44\x00'
2025-03-11 11:45:46,047 - DEBUG -   tag: YCbCrPositioning (531) - type: short (3) - value: b'\x00\x01'
2025-03-11 11:45:46,047 - DEBUG -   tag: ExifIFD (34665) - type: long (4) - value: b'\x00\x00\x00\xb0'
2025-03-11 11:45:46,047 - DEBUG -   Completed icc_profile analysis in 0.00s
2025-03-11 11:45:46,047 - INFO - [305.21s]   [305.21s]   Progress: 7/12 analysis steps completed (58.3%)
2025-03-11 11:45:46,047 - DEBUG -   Starting zip_signatures analysis...
2025-03-11 11:45:46,063 - DEBUG -   Completed zip_signatures analysis in 0.02s
2025-03-11 11:45:46,063 - INFO - [305.22s]   [305.22s]   Progress: 8/12 analysis steps completed (66.7%)
2025-03-11 11:45:46,063 - DEBUG -   Starting appended_data analysis...
2025-03-11 11:45:46,063 - INFO - [305.22s]   [305.22s]   Checking for appended data...
2025-03-11 11:45:46,063 - DEBUG -   Starting Reading file...
2025-03-11 11:45:46,063 - DEBUG -   Read 191,044 bytes
2025-03-11 11:45:46,063 - DEBUG -   Completed Reading file in 0.00s
2025-03-11 11:45:46,063 - DEBUG -   Starting Analyzing file format...
2025-03-11 11:45:46,074 - DEBUG -   Found 1 EOI markers
2025-03-11 11:45:46,074 - DEBUG -   Completed Analyzing file format in 0.01s
2025-03-11 11:45:46,074 - INFO - [305.23s]   [305.23s]   No appended data found
2025-03-11 11:45:46,074 - DEBUG -   Completed appended_data analysis in 0.01s
2025-03-11 11:45:46,074 - INFO - [305.23s]   [305.23s]   Progress: 9/12 analysis steps completed (75.0%)
2025-03-11 11:45:46,074 - DEBUG -   Starting histogram analysis...
2025-03-11 11:45:46,074 - DEBUG -   tag: Orientation (274) - type: short (3) - value: b'\x00\x01'
2025-03-11 11:45:46,075 - DEBUG -   tag: XResolution (282) - type: rational (5) Tag Location: 34 - Data Location: 110 - value: b'\x00\x00\x00d\x00\x00\x00\x01'
2025-03-11 11:45:46,075 - DEBUG -   tag: YResolution (283) - type: rational (5) Tag Location: 46 - Data Location: 118 - value: b'\x00\x00\x00d\x00\x00\x00\x01'
2025-03-11 11:45:46,075 - DEBUG -   tag: ResolutionUnit (296) - type: short (3) - value: b'\x00\x02'
2025-03-11 11:45:46,075 - DEBUG -   tag: Software (305) - type: string (2) Tag Location: 70 - Data Location: 126 - value: b'Adobe Photoshop CS2 Macintosh\x00'
2025-03-11 11:45:46,075 - DEBUG -   tag: DateTime (306) - type: string (2) Tag Location: 82 - Data Location: 156 - value: b'2009:07:30 15:47:44\x00'
2025-03-11 11:45:46,075 - DEBUG -   tag: YCbCrPositioning (531) - type: short (3) - value: b'\x00\x01'
2025-03-11 11:45:46,075 - DEBUG -   tag: ExifIFD (34665) - type: long (4) - value: b'\x00\x00\x00\xb0'
2025-03-11 11:45:46,155 - DEBUG -   Completed histogram analysis in 0.08s
2025-03-11 11:45:46,155 - INFO - [305.32s]   [305.32s]   Progress: 10/12 analysis steps completed (83.3%)
2025-03-11 11:45:46,155 - DEBUG -   Starting jpeg_comments analysis...
2025-03-11 11:45:46,155 - INFO - [305.32s]   [305.32s]   Checking JPEG comment segments...
2025-03-11 11:45:46,155 - DEBUG -   Starting Reading JPEG file...
2025-03-11 11:45:46,155 - DEBUG -   Completed Reading JPEG file in 0.00s
2025-03-11 11:45:46,155 - DEBUG -   Starting Analyzing comment segments...
2025-03-11 11:45:46,166 - DEBUG -   Completed Analyzing comment segments in 0.01s
2025-03-11 11:45:46,166 - INFO - [305.33s]   [305.33s]   No suspicious patterns found in JPEG comments
2025-03-11 11:45:46,167 - DEBUG -   Completed jpeg_comments analysis in 0.01s
2025-03-11 11:45:46,167 - INFO - [305.33s]   [305.33s]   Progress: 11/12 analysis steps completed (91.7%)
2025-03-11 11:45:46,167 - DEBUG -   Starting large_metadata analysis...
2025-03-11 11:45:46,167 - INFO - [305.33s]   [305.33s]   Checking for large metadata fields...
2025-03-11 11:45:46,167 - DEBUG -   Starting Reading metadata...
2025-03-11 11:45:46,167 - DEBUG -   JPEG format recognized data[0:2]=0xFFD8
2025-03-11 11:45:46,167 - DEBUG -   data[2]=0xFF data[3]=0xE1 data[6:10]=b'Exif'
2025-03-11 11:45:46,167 - DEBUG -    Segment base 0x2
2025-03-11 11:45:46,167 - DEBUG -     APP1 at base 0x2
2025-03-11 11:45:46,167 - DEBUG -     Length: 0x1 0x34
2025-03-11 11:45:46,167 - DEBUG -     Code: b'Exif'
2025-03-11 11:45:46,167 - DEBUG -     Decrement base by 2 to get to pre-segment header (for compatibility with later code)
2025-03-11 11:45:46,167 - DEBUG -   Endian format is M (Motorola)
2025-03-11 11:45:46,167 - DEBUG -   IFD 0 (Image) at offset 8:
2025-03-11 11:45:46,167 - DEBUG -    Orientation: (0x0112) Short=Horizontal (normal) @ 18
2025-03-11 11:45:46,167 - DEBUG -    XResolution: (0x011A) Ratio=100 @ 110
2025-03-11 11:45:46,167 - DEBUG -    YResolution: (0x011B) Ratio=100 @ 118
2025-03-11 11:45:46,167 - DEBUG -    ResolutionUnit: (0x0128) Short=Pixels/Inch @ 54
2025-03-11 11:45:46,167 - DEBUG -    Software: (0x0131) ASCII=Adobe Photoshop CS2 Macintosh @ 126
2025-03-11 11:45:46,167 - DEBUG -    DateTime: (0x0132) ASCII=2009:07:30 15:47:44 @ 156
2025-03-11 11:45:46,167 - DEBUG -    YCbCrPositioning: (0x0213) Short=Centered @ 90
2025-03-11 11:45:46,167 - DEBUG -    ExifOffset: (0x8769) Long=176 @ 102
2025-03-11 11:45:46,167 - DEBUG -   Exif SubIFD at offset 176:
2025-03-11 11:45:46,167 - DEBUG -    ExifVersion: (0x9000) Undefined=0221 @ 186
2025-03-11 11:45:46,167 - DEBUG -    DateTimeDigitized: (0x9004) ASCII=2009:07:30 15:47:44 @ 278
2025-03-11 11:45:46,167 - DEBUG -    ComponentsConfiguration: (0x9101) Undefined=YCbCr @ 210
2025-03-11 11:45:46,167 - DEBUG -    FlashPixVersion: (0xA000) Undefined=0100 @ 222
2025-03-11 11:45:46,167 - DEBUG -    ColorSpace: (0xA001) Short=Uncalibrated @ 234
2025-03-11 11:45:46,167 - DEBUG -    ExifImageWidth: (0xA002) Long=624 @ 246
2025-03-11 11:45:46,167 - DEBUG -    ExifImageLength: (0xA003) Long=650 @ 258
2025-03-11 11:45:46,167 - DEBUG -    SceneCaptureType: (0xA406) Short=Standard @ 270
2025-03-11 11:45:46,167 - DEBUG -   Found 16 metadata tags
2025-03-11 11:45:46,167 - DEBUG -   Completed Reading metadata in 0.00s
2025-03-11 11:45:46,167 - DEBUG -   Starting Analyzing metadata fields...
2025-03-11 11:45:46,167 - DEBUG -   Completed Analyzing metadata fields in 0.00s
2025-03-11 11:45:46,167 - INFO - [305.33s]   [305.33s]   No suspicious large metadata fields found
2025-03-11 11:45:46,167 - DEBUG -   Completed large_metadata analysis in 0.00s
2025-03-11 11:45:46,167 - INFO - [305.33s]   [305.33s]   Progress: 12/12 analysis steps completed (100.0%)
2025-03-11 11:45:46,167 - INFO - [305.33s]   [305.33s]   Analysis complete - 0 total findings
2025-03-11 11:45:46,167 - INFO - [305.33s]   [305.33s]   Completed Analyzing yews_8PM_3-10-25-8PM-9.jpg in 1.69s
2025-03-11 11:45:46,167 - INFO - [305.33s]   [305.33s]   Completed Analyzing yews_8PM_3-10-25-8PM-9.jpg in 1.69s
2025-03-11 11:45:46,168 - INFO - [305.33s]   [305.33s]   
Analyzing file 29/30: /Users/adam/Git/stego_tools/yews_images/yews_news/2025-03-11/yews_3PM_3-10-25-3PM-8.jpg
2025-03-11 11:45:46,168 - INFO - [305.33s]   [305.33s]   Starting Analyzing yews_3PM_3-10-25-3PM-8.jpg...
2025-03-11 11:45:46,168 - INFO - [305.33s]   [305.33s]   Starting Analyzing yews_3PM_3-10-25-3PM-8.jpg...
2025-03-11 11:45:46,168 - INFO - [305.33s]   [305.33s]   File size: 1,136,171 bytes
2025-03-11 11:45:46,168 - DEBUG -   Starting metadata analysis...
2025-03-11 11:45:46,168 - INFO - [305.33s]   [305.33s]   Checking metadata...
2025-03-11 11:45:46,168 - DEBUG -   Starting Reading EXIF data...
2025-03-11 11:45:46,169 - DEBUG -   JPEG format recognized data[0:2]=0xFFD8
2025-03-11 11:45:46,169 - DEBUG -   data[2]=0xFF data[3]=0xE1 data[6:10]=b'Exif'
2025-03-11 11:45:46,169 - DEBUG -    Segment base 0x2
2025-03-11 11:45:46,169 - DEBUG -     APP1 at base 0x2
2025-03-11 11:45:46,169 - DEBUG -     Length: 0xF 0xFE
2025-03-11 11:45:46,169 - DEBUG -     Code: b'Exif'
2025-03-11 11:45:46,169 - DEBUG -     Decrement base by 2 to get to pre-segment header (for compatibility with later code)
2025-03-11 11:45:46,169 - DEBUG -   Endian format is M (Motorola)
2025-03-11 11:45:46,169 - DEBUG -   IFD 0 (Image) at offset 8:
2025-03-11 11:45:46,169 - DEBUG -    Orientation: (0x0112) Short=Horizontal (normal) @ 18
2025-03-11 11:45:46,169 - DEBUG -    XResolution: (0x011A) Ratio=300 @ 86
2025-03-11 11:45:46,169 - DEBUG -    YResolution: (0x011B) Ratio=300 @ 94
2025-03-11 11:45:46,169 - DEBUG -    ResolutionUnit: (0x0128) Short=Pixels/Inch @ 54
2025-03-11 11:45:46,169 - DEBUG -    YCbCrPositioning: (0x0213) Short=Centered @ 66
2025-03-11 11:45:46,169 - DEBUG -    ExifOffset: (0x8769) Long=102 @ 78
2025-03-11 11:45:46,169 - DEBUG -   Exif SubIFD at offset 102:
2025-03-11 11:45:46,170 - DEBUG -    ExifVersion: (0x9000) Undefined=0221 @ 112
2025-03-11 11:45:46,170 - DEBUG -    ComponentsConfiguration: (0x9101) Undefined=YCbCr @ 124
2025-03-11 11:45:46,170 - DEBUG -    FlashPixVersion: (0xA000) Undefined=0100 @ 136
2025-03-11 11:45:46,170 - DEBUG -    ColorSpace: (0xA001) Short=sRGB @ 148
2025-03-11 11:45:46,170 - DEBUG -    ExifImageWidth: (0xA002) Long=1559 @ 160
2025-03-11 11:45:46,170 - DEBUG -    ExifImageLength: (0xA003) Long=1099 @ 172
2025-03-11 11:45:46,170 - DEBUG -    SceneCaptureType: (0xA406) Short=Standard @ 184
2025-03-11 11:45:46,170 - DEBUG -   Found 13 EXIF tags
2025-03-11 11:45:46,170 - DEBUG -   Completed Reading EXIF data in 0.00s
2025-03-11 11:45:46,170 - DEBUG -   Starting Analyzing metadata content...
2025-03-11 11:45:46,170 - INFO - [305.33s]   [305.33s]   No suspicious patterns found in metadata
2025-03-11 11:45:46,170 - DEBUG -   Completed Analyzing metadata content in 0.00s
2025-03-11 11:45:46,170 - DEBUG -   Completed metadata analysis in 0.00s
2025-03-11 11:45:46,170 - INFO - [305.33s]   [305.33s]   Progress: 1/12 analysis steps completed (8.3%)
2025-03-11 11:45:46,170 - DEBUG -   Starting raw_bytes analysis...
2025-03-11 11:45:46,170 - INFO - [305.33s]   [305.33s]   Checking raw bytes...
2025-03-11 11:45:46,170 - DEBUG -   Starting Reading file content...
2025-03-11 11:45:46,171 - DEBUG -   Read 1,136,171 bytes
2025-03-11 11:45:46,171 - DEBUG -   Completed Reading file content in 0.00s
2025-03-11 11:45:46,171 - DEBUG -   Starting Analyzing ASCII content...
2025-03-11 11:45:46,178 - DEBUG -   Completed Analyzing ASCII content in 0.01s
2025-03-11 11:45:46,178 - DEBUG -   Starting Analyzing hex content...
2025-03-11 11:45:46,181 - DEBUG -   Completed Analyzing hex content in 0.00s
2025-03-11 11:45:46,181 - DEBUG -   Starting Checking base64 variants...
2025-03-11 11:45:46,185 - DEBUG -   Completed Checking base64 variants in 0.00s
2025-03-11 11:45:46,185 - DEBUG -   Starting Analyzing suspicious patterns...
2025-03-11 11:45:46,330 - WARNING - [305.49s]   [305.49s]   Suspicious substring in raw data: Steganography tool reference: f5
2025-03-11 11:45:46,330 - DEBUG -   Completed Analyzing suspicious patterns in 0.14s
2025-03-11 11:45:46,330 - INFO - [305.49s]   [305.49s]   Found 1 suspicious patterns in raw bytes
2025-03-11 11:45:46,330 - DEBUG -   Completed raw_bytes analysis in 0.16s
2025-03-11 11:45:46,330 - INFO - [305.49s]   [305.49s]   Progress: 2/12 analysis steps completed (16.7%)
2025-03-11 11:45:46,330 - DEBUG -   Starting binary_patterns analysis...
2025-03-11 11:45:47,422 - DEBUG -   Completed binary_patterns analysis in 1.09s
2025-03-11 11:45:47,422 - INFO - [306.58s]   [306.58s]   Progress: 3/12 analysis steps completed (25.0%)
2025-03-11 11:45:47,422 - DEBUG -   Starting lsb analysis...
2025-03-11 11:45:47,422 - DEBUG -   tag: Orientation (274) - type: short (3) - value: b'\x00\x01'
2025-03-11 11:45:47,422 - DEBUG -   tag: XResolution (282) - type: rational (5) Tag Location: 34 - Data Location: 86 - value: b'\x00\x00\x01,\x00\x00\x00\x01'
2025-03-11 11:45:47,422 - DEBUG -   tag: YResolution (283) - type: rational (5) Tag Location: 46 - Data Location: 94 - value: b'\x00\x00\x01,\x00\x00\x00\x01'
2025-03-11 11:45:47,422 - DEBUG -   tag: ResolutionUnit (296) - type: short (3) - value: b'\x00\x02'
2025-03-11 11:45:47,422 - DEBUG -   tag: YCbCrPositioning (531) - type: short (3) - value: b'\x00\x01'
2025-03-11 11:45:47,422 - DEBUG -   tag: ExifIFD (34665) - type: long (4) - value: b'\x00\x00\x00f'
2025-03-11 11:45:52,655 - DEBUG -   Completed lsb analysis in 5.23s
2025-03-11 11:45:52,655 - INFO - [311.82s]   [311.82s]   Progress: 4/12 analysis steps completed (33.3%)
2025-03-11 11:45:52,655 - DEBUG -   Starting channels analysis...
2025-03-11 11:45:52,655 - DEBUG -   tag: Orientation (274) - type: short (3) - value: b'\x00\x01'
2025-03-11 11:45:52,655 - DEBUG -   tag: XResolution (282) - type: rational (5) Tag Location: 34 - Data Location: 86 - value: b'\x00\x00\x01,\x00\x00\x00\x01'
2025-03-11 11:45:52,655 - DEBUG -   tag: YResolution (283) - type: rational (5) Tag Location: 46 - Data Location: 94 - value: b'\x00\x00\x01,\x00\x00\x00\x01'
2025-03-11 11:45:52,655 - DEBUG -   tag: ResolutionUnit (296) - type: short (3) - value: b'\x00\x02'
2025-03-11 11:45:52,655 - DEBUG -   tag: YCbCrPositioning (531) - type: short (3) - value: b'\x00\x01'
2025-03-11 11:45:52,655 - DEBUG -   tag: ExifIFD (34665) - type: long (4) - value: b'\x00\x00\x00f'
2025-03-11 11:45:53,484 - DEBUG -   Completed channels analysis in 0.83s
2025-03-11 11:45:53,484 - INFO - [312.65s]   [312.65s]   Progress: 5/12 analysis steps completed (41.7%)
2025-03-11 11:45:53,484 - DEBUG -   Starting binwalk analysis...
2025-03-11 11:45:53,508 - DEBUG -   Completed binwalk analysis in 0.02s
2025-03-11 11:45:53,508 - INFO - [312.67s]   [312.67s]   Progress: 6/12 analysis steps completed (50.0%)
2025-03-11 11:45:53,508 - DEBUG -   Starting icc_profile analysis...
2025-03-11 11:45:53,509 - DEBUG -   tag: Orientation (274) - type: short (3) - value: b'\x00\x01'
2025-03-11 11:45:53,509 - DEBUG -   tag: XResolution (282) - type: rational (5) Tag Location: 34 - Data Location: 86 - value: b'\x00\x00\x01,\x00\x00\x00\x01'
2025-03-11 11:45:53,509 - DEBUG -   tag: YResolution (283) - type: rational (5) Tag Location: 46 - Data Location: 94 - value: b'\x00\x00\x01,\x00\x00\x00\x01'
2025-03-11 11:45:53,509 - DEBUG -   tag: ResolutionUnit (296) - type: short (3) - value: b'\x00\x02'
2025-03-11 11:45:53,509 - DEBUG -   tag: YCbCrPositioning (531) - type: short (3) - value: b'\x00\x01'
2025-03-11 11:45:53,509 - DEBUG -   tag: ExifIFD (34665) - type: long (4) - value: b'\x00\x00\x00f'
2025-03-11 11:45:53,509 - DEBUG -   Completed icc_profile analysis in 0.00s
2025-03-11 11:45:53,509 - INFO - [312.67s]   [312.67s]   Progress: 7/12 analysis steps completed (58.3%)
2025-03-11 11:45:53,509 - DEBUG -   Starting zip_signatures analysis...
2025-03-11 11:45:53,601 - DEBUG -   Completed zip_signatures analysis in 0.09s
2025-03-11 11:45:53,601 - INFO - [312.76s]   [312.76s]   Progress: 8/12 analysis steps completed (66.7%)
2025-03-11 11:45:53,601 - DEBUG -   Starting appended_data analysis...
2025-03-11 11:45:53,601 - INFO - [312.76s]   [312.76s]   Checking for appended data...
2025-03-11 11:45:53,601 - DEBUG -   Starting Reading file...
2025-03-11 11:45:53,601 - DEBUG -   Read 1,136,171 bytes
2025-03-11 11:45:53,601 - DEBUG -   Completed Reading file in 0.00s
2025-03-11 11:45:53,601 - DEBUG -   Starting Analyzing file format...
2025-03-11 11:45:53,665 - DEBUG -   Found 1 EOI markers
2025-03-11 11:45:53,665 - DEBUG -   Completed Analyzing file format in 0.06s
2025-03-11 11:45:53,665 - INFO - [312.83s]   [312.83s]   No appended data found
2025-03-11 11:45:53,666 - DEBUG -   Completed appended_data analysis in 0.06s
2025-03-11 11:45:53,666 - INFO - [312.83s]   [312.83s]   Progress: 9/12 analysis steps completed (75.0%)
2025-03-11 11:45:53,666 - DEBUG -   Starting histogram analysis...
2025-03-11 11:45:53,666 - DEBUG -   tag: Orientation (274) - type: short (3) - value: b'\x00\x01'
2025-03-11 11:45:53,666 - DEBUG -   tag: XResolution (282) - type: rational (5) Tag Location: 34 - Data Location: 86 - value: b'\x00\x00\x01,\x00\x00\x00\x01'
2025-03-11 11:45:53,666 - DEBUG -   tag: YResolution (283) - type: rational (5) Tag Location: 46 - Data Location: 94 - value: b'\x00\x00\x01,\x00\x00\x00\x01'
2025-03-11 11:45:53,666 - DEBUG -   tag: ResolutionUnit (296) - type: short (3) - value: b'\x00\x02'
2025-03-11 11:45:53,666 - DEBUG -   tag: YCbCrPositioning (531) - type: short (3) - value: b'\x00\x01'
2025-03-11 11:45:53,666 - DEBUG -   tag: ExifIFD (34665) - type: long (4) - value: b'\x00\x00\x00f'
2025-03-11 11:45:54,081 - DEBUG -   Completed histogram analysis in 0.42s
2025-03-11 11:45:54,081 - INFO - [313.24s]   [313.24s]   Progress: 10/12 analysis steps completed (83.3%)
2025-03-11 11:45:54,081 - DEBUG -   Starting jpeg_comments analysis...
2025-03-11 11:45:54,081 - INFO - [313.24s]   [313.24s]   Checking JPEG comment segments...
2025-03-11 11:45:54,082 - DEBUG -   Starting Reading JPEG file...
2025-03-11 11:45:54,082 - DEBUG -   Completed Reading JPEG file in 0.00s
2025-03-11 11:45:54,082 - DEBUG -   Starting Analyzing comment segments...
2025-03-11 11:45:54,147 - DEBUG -   Completed Analyzing comment segments in 0.07s
2025-03-11 11:45:54,147 - INFO - [313.31s]   [313.31s]   No suspicious patterns found in JPEG comments
2025-03-11 11:45:54,147 - DEBUG -   Completed jpeg_comments analysis in 0.07s
2025-03-11 11:45:54,147 - INFO - [313.31s]   [313.31s]   Progress: 11/12 analysis steps completed (91.7%)
2025-03-11 11:45:54,148 - DEBUG -   Starting large_metadata analysis...
2025-03-11 11:45:54,148 - INFO - [313.31s]   [313.31s]   Checking for large metadata fields...
2025-03-11 11:45:54,148 - DEBUG -   Starting Reading metadata...
2025-03-11 11:45:54,148 - DEBUG -   JPEG format recognized data[0:2]=0xFFD8
2025-03-11 11:45:54,148 - DEBUG -   data[2]=0xFF data[3]=0xE1 data[6:10]=b'Exif'
2025-03-11 11:45:54,148 - DEBUG -    Segment base 0x2
2025-03-11 11:45:54,148 - DEBUG -     APP1 at base 0x2
2025-03-11 11:45:54,148 - DEBUG -     Length: 0xF 0xFE
2025-03-11 11:45:54,148 - DEBUG -     Code: b'Exif'
2025-03-11 11:45:54,148 - DEBUG -     Decrement base by 2 to get to pre-segment header (for compatibility with later code)
2025-03-11 11:45:54,148 - DEBUG -   Endian format is M (Motorola)
2025-03-11 11:45:54,148 - DEBUG -   IFD 0 (Image) at offset 8:
2025-03-11 11:45:54,148 - DEBUG -    Orientation: (0x0112) Short=Horizontal (normal) @ 18
2025-03-11 11:45:54,148 - DEBUG -    XResolution: (0x011A) Ratio=300 @ 86
2025-03-11 11:45:54,148 - DEBUG -    YResolution: (0x011B) Ratio=300 @ 94
2025-03-11 11:45:54,148 - DEBUG -    ResolutionUnit: (0x0128) Short=Pixels/Inch @ 54
2025-03-11 11:45:54,148 - DEBUG -    YCbCrPositioning: (0x0213) Short=Centered @ 66
2025-03-11 11:45:54,148 - DEBUG -    ExifOffset: (0x8769) Long=102 @ 78
2025-03-11 11:45:54,148 - DEBUG -   Exif SubIFD at offset 102:
2025-03-11 11:45:54,148 - DEBUG -    ExifVersion: (0x9000) Undefined=0221 @ 112
2025-03-11 11:45:54,148 - DEBUG -    ComponentsConfiguration: (0x9101) Undefined=YCbCr @ 124
2025-03-11 11:45:54,148 - DEBUG -    FlashPixVersion: (0xA000) Undefined=0100 @ 136
2025-03-11 11:45:54,148 - DEBUG -    ColorSpace: (0xA001) Short=sRGB @ 148
2025-03-11 11:45:54,148 - DEBUG -    ExifImageWidth: (0xA002) Long=1559 @ 160
2025-03-11 11:45:54,148 - DEBUG -    ExifImageLength: (0xA003) Long=1099 @ 172
2025-03-11 11:45:54,148 - DEBUG -    SceneCaptureType: (0xA406) Short=Standard @ 184
2025-03-11 11:45:54,148 - DEBUG -   Found 13 metadata tags
2025-03-11 11:45:54,148 - DEBUG -   Completed Reading metadata in 0.00s
2025-03-11 11:45:54,148 - DEBUG -   Starting Analyzing metadata fields...
2025-03-11 11:45:54,148 - DEBUG -   Completed Analyzing metadata fields in 0.00s
2025-03-11 11:45:54,148 - INFO - [313.31s]   [313.31s]   No suspicious large metadata fields found
2025-03-11 11:45:54,148 - DEBUG -   Completed large_metadata analysis in 0.00s
2025-03-11 11:45:54,148 - INFO - [313.31s]   [313.31s]   Progress: 12/12 analysis steps completed (100.0%)
2025-03-11 11:45:54,148 - INFO - [313.31s]   [313.31s]   Analysis complete - 0 total findings
2025-03-11 11:45:54,148 - INFO - [313.31s]   [313.31s]   Completed Analyzing yews_3PM_3-10-25-3PM-8.jpg in 7.98s
2025-03-11 11:45:54,148 - INFO - [313.31s]   [313.31s]   Completed Analyzing yews_3PM_3-10-25-3PM-8.jpg in 7.98s
2025-03-11 11:45:54,148 - INFO - [313.31s]   [313.31s]   
Analyzing file 30/30: /Users/adam/Git/stego_tools/yews_images/yews_news/2025-03-11/yews_3PM_3-10-25-3PM-9.jpg
2025-03-11 11:45:54,148 - INFO - [313.31s]   [313.31s]   Starting Analyzing yews_3PM_3-10-25-3PM-9.jpg...
2025-03-11 11:45:54,148 - INFO - [313.31s]   [313.31s]   Starting Analyzing yews_3PM_3-10-25-3PM-9.jpg...
2025-03-11 11:45:54,148 - INFO - [313.31s]   [313.31s]   File size: 408,063 bytes
2025-03-11 11:45:54,148 - DEBUG -   Starting metadata analysis...
2025-03-11 11:45:54,149 - INFO - [313.31s]   [313.31s]   Checking metadata...
2025-03-11 11:45:54,149 - DEBUG -   Starting Reading EXIF data...
2025-03-11 11:45:54,149 - DEBUG -   JPEG format recognized data[0:2]=0xFFD8
2025-03-11 11:45:54,149 - DEBUG -   data[2]=0xFF data[3]=0xE1 data[6:10]=b'Exif'
2025-03-11 11:45:54,149 - DEBUG -    Segment base 0x2
2025-03-11 11:45:54,149 - DEBUG -     APP1 at base 0x2
2025-03-11 11:45:54,149 - DEBUG -     Length: 0x1 0x46
2025-03-11 11:45:54,149 - DEBUG -     Code: b'Exif'
2025-03-11 11:45:54,149 - DEBUG -     Decrement base by 2 to get to pre-segment header (for compatibility with later code)
2025-03-11 11:45:54,149 - DEBUG -   Endian format is M (Motorola)
2025-03-11 11:45:54,149 - DEBUG -   IFD 0 (Image) at offset 8:
2025-03-11 11:45:54,149 - DEBUG -    PhotometricInterpretation: (0x0106) Short=2 @ 18
2025-03-11 11:45:54,149 - DEBUG -    Orientation: (0x0112) Short=Horizontal (normal) @ 30
2025-03-11 11:45:54,149 - DEBUG -    XResolution: (0x011A) Ratio=300 @ 122
2025-03-11 11:45:54,149 - DEBUG -    YResolution: (0x011B) Ratio=300 @ 130
2025-03-11 11:45:54,149 - DEBUG -    ResolutionUnit: (0x0128) Short=Pixels/Inch @ 66
2025-03-11 11:45:54,149 - DEBUG -    Software: (0x0131) ASCII=Adobe Photoshop CC 2017 (Macintosh) @ 138
2025-03-11 11:45:54,149 - DEBUG -    DateTime: (0x0132) ASCII=2017:11:21 10:02:42 @ 174
2025-03-11 11:45:54,149 - DEBUG -    YCbCrPositioning: (0x0213) Short=Centered @ 102
2025-03-11 11:45:54,149 - DEBUG -    ExifOffset: (0x8769) Long=194 @ 114
2025-03-11 11:45:54,149 - DEBUG -   Exif SubIFD at offset 194:
2025-03-11 11:45:54,149 - DEBUG -    ExifVersion: (0x9000) Undefined=0221 @ 204
2025-03-11 11:45:54,149 - DEBUG -    DateTimeDigitized: (0x9004) ASCII=2013:03:07 16:47:28 @ 296
2025-03-11 11:45:54,149 - DEBUG -    ComponentsConfiguration: (0x9101) Undefined=YCbCr @ 228
2025-03-11 11:45:54,149 - DEBUG -    FlashPixVersion: (0xA000) Undefined=0100 @ 240
2025-03-11 11:45:54,149 - DEBUG -    ColorSpace: (0xA001) Short=Uncalibrated @ 252
2025-03-11 11:45:54,149 - DEBUG -    ExifImageWidth: (0xA002) Long=877 @ 264
2025-03-11 11:45:54,149 - DEBUG -    ExifImageLength: (0xA003) Long=1110 @ 276
2025-03-11 11:45:54,149 - DEBUG -    SceneCaptureType: (0xA406) Short=Standard @ 288
2025-03-11 11:45:54,149 - DEBUG -   Found 17 EXIF tags
2025-03-11 11:45:54,149 - DEBUG -   Completed Reading EXIF data in 0.00s
2025-03-11 11:45:54,149 - DEBUG -   Starting Analyzing metadata content...
2025-03-11 11:45:54,149 - INFO - [313.31s]   [313.31s]   No suspicious patterns found in metadata
2025-03-11 11:45:54,149 - DEBUG -   Completed Analyzing metadata content in 0.00s
2025-03-11 11:45:54,149 - DEBUG -   Completed metadata analysis in 0.00s
2025-03-11 11:45:54,149 - INFO - [313.31s]   [313.31s]   Progress: 1/12 analysis steps completed (8.3%)
2025-03-11 11:45:54,150 - DEBUG -   Starting raw_bytes analysis...
2025-03-11 11:45:54,150 - INFO - [313.31s]   [313.31s]   Checking raw bytes...
2025-03-11 11:45:54,150 - DEBUG -   Starting Reading file content...
2025-03-11 11:45:54,150 - DEBUG -   Read 408,063 bytes
2025-03-11 11:45:54,150 - DEBUG -   Completed Reading file content in 0.00s
2025-03-11 11:45:54,150 - DEBUG -   Starting Analyzing ASCII content...
2025-03-11 11:45:54,153 - DEBUG -   Completed Analyzing ASCII content in 0.00s
2025-03-11 11:45:54,153 - DEBUG -   Starting Analyzing hex content...
2025-03-11 11:45:54,154 - DEBUG -   Completed Analyzing hex content in 0.00s
2025-03-11 11:45:54,154 - DEBUG -   Starting Checking base64 variants...
2025-03-11 11:45:54,156 - DEBUG -   Completed Checking base64 variants in 0.00s
2025-03-11 11:45:54,156 - DEBUG -   Starting Analyzing suspicious patterns...
2025-03-11 11:45:54,198 - WARNING - [313.36s]   [313.36s]   Suspicious substring in raw data: Steganography tool reference: f5
2025-03-11 11:45:54,198 - DEBUG -   Completed Analyzing suspicious patterns in 0.04s
2025-03-11 11:45:54,198 - INFO - [313.36s]   [313.36s]   Found 1 suspicious patterns in raw bytes
2025-03-11 11:45:54,198 - DEBUG -   Completed raw_bytes analysis in 0.05s
2025-03-11 11:45:54,198 - INFO - [313.36s]   [313.36s]   Progress: 2/12 analysis steps completed (16.7%)
2025-03-11 11:45:54,198 - DEBUG -   Starting binary_patterns analysis...
2025-03-11 11:45:54,583 - DEBUG -   Completed binary_patterns analysis in 0.38s
2025-03-11 11:45:54,583 - INFO - [313.74s]   [313.74s]   Progress: 3/12 analysis steps completed (25.0%)
2025-03-11 11:45:54,583 - DEBUG -   Starting lsb analysis...
2025-03-11 11:45:54,583 - DEBUG -   tag: PhotometricInterpretation (262) - type: short (3) - value: b'\x00\x02'
2025-03-11 11:45:54,583 - DEBUG -   tag: Orientation (274) - type: short (3) - value: b'\x00\x01'
2025-03-11 11:45:54,583 - DEBUG -   tag: XResolution (282) - type: rational (5) Tag Location: 46 - Data Location: 122 - value: b'\x00\x00\x01,\x00\x00\x00\x01'
2025-03-11 11:45:54,583 - DEBUG -   tag: YResolution (283) - type: rational (5) Tag Location: 58 - Data Location: 130 - value: b'\x00\x00\x01,\x00\x00\x00\x01'
2025-03-11 11:45:54,583 - DEBUG -   tag: ResolutionUnit (296) - type: short (3) - value: b'\x00\x02'
2025-03-11 11:45:54,583 - DEBUG -   tag: Software (305) - type: string (2) Tag Location: 82 - Data Location: 138 - value: <table: 36 bytes>
2025-03-11 11:45:54,583 - DEBUG -   tag: DateTime (306) - type: string (2) Tag Location: 94 - Data Location: 174 - value: b'2017:11:21 10:02:42\x00'
2025-03-11 11:45:54,583 - DEBUG -   tag: YCbCrPositioning (531) - type: short (3) - value: b'\x00\x01'
2025-03-11 11:45:54,583 - DEBUG -   tag: ExifIFD (34665) - type: long (4) - value: b'\x00\x00\x00\xc2'
2025-03-11 11:45:57,451 - DEBUG -   Completed lsb analysis in 2.87s
2025-03-11 11:45:57,451 - INFO - [316.61s]   [316.61s]   Progress: 4/12 analysis steps completed (33.3%)
2025-03-11 11:45:57,451 - DEBUG -   Starting channels analysis...
2025-03-11 11:45:57,451 - DEBUG -   tag: PhotometricInterpretation (262) - type: short (3) - value: b'\x00\x02'
2025-03-11 11:45:57,451 - DEBUG -   tag: Orientation (274) - type: short (3) - value: b'\x00\x01'
2025-03-11 11:45:57,451 - DEBUG -   tag: XResolution (282) - type: rational (5) Tag Location: 46 - Data Location: 122 - value: b'\x00\x00\x01,\x00\x00\x00\x01'
2025-03-11 11:45:57,451 - DEBUG -   tag: YResolution (283) - type: rational (5) Tag Location: 58 - Data Location: 130 - value: b'\x00\x00\x01,\x00\x00\x00\x01'
2025-03-11 11:45:57,451 - DEBUG -   tag: ResolutionUnit (296) - type: short (3) - value: b'\x00\x02'
2025-03-11 11:45:57,451 - DEBUG -   tag: Software (305) - type: string (2) Tag Location: 82 - Data Location: 138 - value: <table: 36 bytes>
2025-03-11 11:45:57,451 - DEBUG -   tag: DateTime (306) - type: string (2) Tag Location: 94 - Data Location: 174 - value: b'2017:11:21 10:02:42\x00'
2025-03-11 11:45:57,451 - DEBUG -   tag: YCbCrPositioning (531) - type: short (3) - value: b'\x00\x01'
2025-03-11 11:45:57,451 - DEBUG -   tag: ExifIFD (34665) - type: long (4) - value: b'\x00\x00\x00\xc2'
2025-03-11 11:45:57,852 - DEBUG -   Completed channels analysis in 0.40s
2025-03-11 11:45:57,852 - INFO - [317.01s]   [317.01s]   Progress: 5/12 analysis steps completed (41.7%)
2025-03-11 11:45:57,852 - DEBUG -   Starting binwalk analysis...
2025-03-11 11:45:57,888 - DEBUG -   Completed binwalk analysis in 0.04s
2025-03-11 11:45:57,888 - INFO - [317.05s]   [317.05s]   Progress: 6/12 analysis steps completed (50.0%)
2025-03-11 11:45:57,888 - DEBUG -   Starting icc_profile analysis...
2025-03-11 11:45:57,889 - DEBUG -   tag: PhotometricInterpretation (262) - type: short (3) - value: b'\x00\x02'
2025-03-11 11:45:57,889 - DEBUG -   tag: Orientation (274) - type: short (3) - value: b'\x00\x01'
2025-03-11 11:45:57,889 - DEBUG -   tag: XResolution (282) - type: rational (5) Tag Location: 46 - Data Location: 122 - value: b'\x00\x00\x01,\x00\x00\x00\x01'
2025-03-11 11:45:57,889 - DEBUG -   tag: YResolution (283) - type: rational (5) Tag Location: 58 - Data Location: 130 - value: b'\x00\x00\x01,\x00\x00\x00\x01'
2025-03-11 11:45:57,889 - DEBUG -   tag: ResolutionUnit (296) - type: short (3) - value: b'\x00\x02'
2025-03-11 11:45:57,889 - DEBUG -   tag: Software (305) - type: string (2) Tag Location: 82 - Data Location: 138 - value: <table: 36 bytes>
2025-03-11 11:45:57,889 - DEBUG -   tag: DateTime (306) - type: string (2) Tag Location: 94 - Data Location: 174 - value: b'2017:11:21 10:02:42\x00'
2025-03-11 11:45:57,889 - DEBUG -   tag: YCbCrPositioning (531) - type: short (3) - value: b'\x00\x01'
2025-03-11 11:45:57,889 - DEBUG -   tag: ExifIFD (34665) - type: long (4) - value: b'\x00\x00\x00\xc2'
2025-03-11 11:45:57,889 - DEBUG -   Completed icc_profile analysis in 0.00s
2025-03-11 11:45:57,889 - INFO - [317.05s]   [317.05s]   Progress: 7/12 analysis steps completed (58.3%)
2025-03-11 11:45:57,889 - DEBUG -   Starting zip_signatures analysis...
2025-03-11 11:45:57,922 - DEBUG -   Completed zip_signatures analysis in 0.03s
2025-03-11 11:45:57,922 - INFO - [317.08s]   [317.08s]   Progress: 8/12 analysis steps completed (66.7%)
2025-03-11 11:45:57,922 - DEBUG -   Starting appended_data analysis...
2025-03-11 11:45:57,922 - INFO - [317.08s]   [317.08s]   Checking for appended data...
2025-03-11 11:45:57,922 - DEBUG -   Starting Reading file...
2025-03-11 11:45:57,922 - DEBUG -   Read 408,063 bytes
2025-03-11 11:45:57,922 - DEBUG -   Completed Reading file in 0.00s
2025-03-11 11:45:57,922 - DEBUG -   Starting Analyzing file format...
2025-03-11 11:45:57,945 - DEBUG -   Found 1 EOI markers
2025-03-11 11:45:57,945 - DEBUG -   Completed Analyzing file format in 0.02s
2025-03-11 11:45:57,945 - INFO - [317.11s]   [317.11s]   No appended data found
2025-03-11 11:45:57,945 - DEBUG -   Completed appended_data analysis in 0.02s
2025-03-11 11:45:57,945 - INFO - [317.11s]   [317.11s]   Progress: 9/12 analysis steps completed (75.0%)
2025-03-11 11:45:57,945 - DEBUG -   Starting histogram analysis...
2025-03-11 11:45:57,945 - DEBUG -   tag: PhotometricInterpretation (262) - type: short (3) - value: b'\x00\x02'
2025-03-11 11:45:57,945 - DEBUG -   tag: Orientation (274) - type: short (3) - value: b'\x00\x01'
2025-03-11 11:45:57,945 - DEBUG -   tag: XResolution (282) - type: rational (5) Tag Location: 46 - Data Location: 122 - value: b'\x00\x00\x01,\x00\x00\x00\x01'
2025-03-11 11:45:57,945 - DEBUG -   tag: YResolution (283) - type: rational (5) Tag Location: 58 - Data Location: 130 - value: b'\x00\x00\x01,\x00\x00\x00\x01'
2025-03-11 11:45:57,945 - DEBUG -   tag: ResolutionUnit (296) - type: short (3) - value: b'\x00\x02'
2025-03-11 11:45:57,945 - DEBUG -   tag: Software (305) - type: string (2) Tag Location: 82 - Data Location: 138 - value: <table: 36 bytes>
2025-03-11 11:45:57,945 - DEBUG -   tag: DateTime (306) - type: string (2) Tag Location: 94 - Data Location: 174 - value: b'2017:11:21 10:02:42\x00'
2025-03-11 11:45:57,945 - DEBUG -   tag: YCbCrPositioning (531) - type: short (3) - value: b'\x00\x01'
2025-03-11 11:45:57,945 - DEBUG -   tag: ExifIFD (34665) - type: long (4) - value: b'\x00\x00\x00\xc2'
2025-03-11 11:45:58,145 - DEBUG -   Completed histogram analysis in 0.20s
2025-03-11 11:45:58,145 - INFO - [317.31s]   [317.31s]   Progress: 10/12 analysis steps completed (83.3%)
2025-03-11 11:45:58,145 - DEBUG -   Starting jpeg_comments analysis...
2025-03-11 11:45:58,145 - INFO - [317.31s]   [317.31s]   Checking JPEG comment segments...
2025-03-11 11:45:58,145 - DEBUG -   Starting Reading JPEG file...
2025-03-11 11:45:58,146 - DEBUG -   Completed Reading JPEG file in 0.00s
2025-03-11 11:45:58,146 - DEBUG -   Starting Analyzing comment segments...
2025-03-11 11:45:58,169 - DEBUG -   Completed Analyzing comment segments in 0.02s
2025-03-11 11:45:58,169 - INFO - [317.33s]   [317.33s]   No suspicious patterns found in JPEG comments
2025-03-11 11:45:58,169 - DEBUG -   Completed jpeg_comments analysis in 0.02s
2025-03-11 11:45:58,169 - INFO - [317.33s]   [317.33s]   Progress: 11/12 analysis steps completed (91.7%)
2025-03-11 11:45:58,169 - DEBUG -   Starting large_metadata analysis...
2025-03-11 11:45:58,169 - INFO - [317.33s]   [317.33s]   Checking for large metadata fields...
2025-03-11 11:45:58,169 - DEBUG -   Starting Reading metadata...
2025-03-11 11:45:58,169 - DEBUG -   JPEG format recognized data[0:2]=0xFFD8
2025-03-11 11:45:58,169 - DEBUG -   data[2]=0xFF data[3]=0xE1 data[6:10]=b'Exif'
2025-03-11 11:45:58,169 - DEBUG -    Segment base 0x2
2025-03-11 11:45:58,169 - DEBUG -     APP1 at base 0x2
2025-03-11 11:45:58,169 - DEBUG -     Length: 0x1 0x46
2025-03-11 11:45:58,169 - DEBUG -     Code: b'Exif'
2025-03-11 11:45:58,169 - DEBUG -     Decrement base by 2 to get to pre-segment header (for compatibility with later code)
2025-03-11 11:45:58,169 - DEBUG -   Endian format is M (Motorola)
2025-03-11 11:45:58,169 - DEBUG -   IFD 0 (Image) at offset 8:
2025-03-11 11:45:58,169 - DEBUG -    PhotometricInterpretation: (0x0106) Short=2 @ 18
2025-03-11 11:45:58,169 - DEBUG -    Orientation: (0x0112) Short=Horizontal (normal) @ 30
2025-03-11 11:45:58,169 - DEBUG -    XResolution: (0x011A) Ratio=300 @ 122
2025-03-11 11:45:58,169 - DEBUG -    YResolution: (0x011B) Ratio=300 @ 130
2025-03-11 11:45:58,169 - DEBUG -    ResolutionUnit: (0x0128) Short=Pixels/Inch @ 66
2025-03-11 11:45:58,169 - DEBUG -    Software: (0x0131) ASCII=Adobe Photoshop CC 2017 (Macintosh) @ 138
2025-03-11 11:45:58,169 - DEBUG -    DateTime: (0x0132) ASCII=2017:11:21 10:02:42 @ 174
2025-03-11 11:45:58,169 - DEBUG -    YCbCrPositioning: (0x0213) Short=Centered @ 102
2025-03-11 11:45:58,169 - DEBUG -    ExifOffset: (0x8769) Long=194 @ 114
2025-03-11 11:45:58,169 - DEBUG -   Exif SubIFD at offset 194:
2025-03-11 11:45:58,169 - DEBUG -    ExifVersion: (0x9000) Undefined=0221 @ 204
2025-03-11 11:45:58,169 - DEBUG -    DateTimeDigitized: (0x9004) ASCII=2013:03:07 16:47:28 @ 296
2025-03-11 11:45:58,169 - DEBUG -    ComponentsConfiguration: (0x9101) Undefined=YCbCr @ 228
2025-03-11 11:45:58,169 - DEBUG -    FlashPixVersion: (0xA000) Undefined=0100 @ 240
2025-03-11 11:45:58,169 - DEBUG -    ColorSpace: (0xA001) Short=Uncalibrated @ 252
2025-03-11 11:45:58,170 - DEBUG -    ExifImageWidth: (0xA002) Long=877 @ 264
2025-03-11 11:45:58,170 - DEBUG -    ExifImageLength: (0xA003) Long=1110 @ 276
2025-03-11 11:45:58,170 - DEBUG -    SceneCaptureType: (0xA406) Short=Standard @ 288
2025-03-11 11:45:58,170 - DEBUG -   Found 17 metadata tags
2025-03-11 11:45:58,170 - DEBUG -   Completed Reading metadata in 0.00s
2025-03-11 11:45:58,170 - DEBUG -   Starting Analyzing metadata fields...
2025-03-11 11:45:58,170 - DEBUG -   Completed Analyzing metadata fields in 0.00s
2025-03-11 11:45:58,170 - INFO - [317.33s]   [317.33s]   No suspicious large metadata fields found
2025-03-11 11:45:58,170 - DEBUG -   Completed large_metadata analysis in 0.00s
2025-03-11 11:45:58,170 - INFO - [317.33s]   [317.33s]   Progress: 12/12 analysis steps completed (100.0%)
2025-03-11 11:45:58,170 - INFO - [317.33s]   [317.33s]   Analysis complete - 0 total findings
2025-03-11 11:45:58,170 - INFO - [317.33s]   [317.33s]   Completed Analyzing yews_3PM_3-10-25-3PM-9.jpg in 4.02s
2025-03-11 11:45:58,170 - INFO - [317.33s]   [317.33s]   Completed Analyzing yews_3PM_3-10-25-3PM-9.jpg in 4.02s
2025-03-11 11:45:58,170 - INFO - [317.33s]   [317.33s]   
Analysis complete. Summary written to stego_check_results/analysis_summary.txt
2025-03-14 13:52:32,053 - INFO - [0.00s]   [0.00s]   Analysis started at 2025-03-14T13:52:32.053690
2025-03-14 13:52:32,053 - INFO - [0.00s]   [0.00s]   Log file: stego_check_results/analysis.log
2025-03-14 13:52:32,054 - INFO - [0.00s]   [0.00s]   Results will be saved to stego_check_results
2025-03-14 13:52:32,055 - INFO - [0.00s]   [0.00s]   Found 30 image files to analyze
2025-03-14 13:52:32,056 - INFO - [0.00s]   [0.00s]   
Analyzing file 1/30: /Users/adam/Git/stego_tools/yews_images/yews_news/2025-03-14/yews_2025-03-14_China_Expands_Warships_Near_Taiwan_3-13-25-8PM-3.jpg
2025-03-14 13:52:32,056 - INFO - [0.00s]   [0.00s]   Starting Analyzing yews_2025-03-14_China_Expands_Warships_Near_Taiwan_3-13-25-8PM-3.jpg...
2025-03-14 13:52:32,056 - INFO - [0.00s]   [0.00s]   Starting Analyzing yews_2025-03-14_China_Expands_Warships_Near_Taiwan_3-13-25-8PM-3.jpg...
2025-03-14 13:52:32,056 - INFO - [0.00s]   [0.00s]   File size: 2,874,646 bytes
2025-03-14 13:52:32,056 - DEBUG -   Starting metadata analysis...
2025-03-14 13:52:32,056 - INFO - [0.00s]   [0.00s]   Checking metadata...
2025-03-14 13:52:32,056 - DEBUG -   Starting Reading EXIF data...
2025-03-14 13:52:32,056 - DEBUG -   JPEG format recognized data[0:2]=0xFFD8
2025-03-14 13:52:32,056 - DEBUG -   data[2]=0xFF data[3]=0xE1 data[6:10]=b'Exif'
2025-03-14 13:52:32,056 - DEBUG -    Segment base 0x2
2025-03-14 13:52:32,056 - DEBUG -     APP1 at base 0x2
2025-03-14 13:52:32,056 - DEBUG -     Length: 0xF 0x8
2025-03-14 13:52:32,056 - DEBUG -     Code: b'Exif'
2025-03-14 13:52:32,056 - DEBUG -     Decrement base by 2 to get to pre-segment header (for compatibility with later code)
2025-03-14 13:52:32,056 - DEBUG -   Endian format is M (Motorola)
2025-03-14 13:52:32,057 - DEBUG -   IFD 0 (Image) at offset 8:
2025-03-14 13:52:32,057 - DEBUG -    PhotometricInterpretation: (0x0106) Short=2 @ 18
2025-03-14 13:52:32,057 - DEBUG -    Orientation: (0x0112) Short=Horizontal (normal) @ 30
2025-03-14 13:52:32,057 - DEBUG -    XResolution: (0x011A) Ratio=72 @ 122
2025-03-14 13:52:32,057 - DEBUG -    YResolution: (0x011B) Ratio=72 @ 130
2025-03-14 13:52:32,057 - DEBUG -    ResolutionUnit: (0x0128) Short=Pixels/Inch @ 66
2025-03-14 13:52:32,057 - DEBUG -    Software: (0x0131) ASCII=Adobe Photoshop 7.0 @ 138
2025-03-14 13:52:32,057 - DEBUG -    DateTime: (0x0132) ASCII=2004:07:20 16:00:35 @ 158
2025-03-14 13:52:32,057 - DEBUG -    YCbCrPositioning: (0x0213) Short=Centered @ 102
2025-03-14 13:52:32,057 - DEBUG -    ExifOffset: (0x8769) Long=178 @ 114
2025-03-14 13:52:32,057 - DEBUG -   Exif SubIFD at offset 178:
2025-03-14 13:52:32,057 - DEBUG -    ExifVersion: (0x9000) Undefined=0221 @ 188
2025-03-14 13:52:32,057 - DEBUG -    ComponentsConfiguration: (0x9101) Undefined=YCbCr @ 200
2025-03-14 13:52:32,057 - DEBUG -    UserComment: (0x9286) Undefined= @ 280
2025-03-14 13:52:32,057 - DEBUG -    FlashPixVersion: (0xA000) Undefined=0100 @ 224
2025-03-14 13:52:32,057 - DEBUG -    ColorSpace: (0xA001) Short=sRGB @ 236
2025-03-14 13:52:32,057 - DEBUG -    ExifImageWidth: (0xA002) Long=2268 @ 248
2025-03-14 13:52:32,057 - DEBUG -    ExifImageLength: (0xA003) Long=1600 @ 260
2025-03-14 13:52:32,057 - DEBUG -    SceneCaptureType: (0xA406) Short=Standard @ 272
2025-03-14 13:52:32,057 - DEBUG -   Found 17 EXIF tags
2025-03-14 13:52:32,057 - DEBUG -   Completed Reading EXIF data in 0.00s
2025-03-14 13:52:32,057 - DEBUG -   Starting Analyzing metadata content...
2025-03-14 13:52:32,057 - INFO - [0.00s]   [0.00s]   No suspicious patterns found in metadata
2025-03-14 13:52:32,057 - DEBUG -   Completed Analyzing metadata content in 0.00s
2025-03-14 13:52:32,057 - DEBUG -   Completed metadata analysis in 0.00s
2025-03-14 13:52:32,057 - INFO - [0.00s]   [0.00s]   Progress: 1/12 analysis steps completed (8.3%)
2025-03-14 13:52:32,057 - DEBUG -   Starting raw_bytes analysis...
2025-03-14 13:52:32,057 - INFO - [0.00s]   [0.00s]   Checking raw bytes...
2025-03-14 13:52:32,057 - DEBUG -   Starting Reading file content...
2025-03-14 13:52:32,059 - DEBUG -   Read 2,874,646 bytes
2025-03-14 13:52:32,059 - DEBUG -   Completed Reading file content in 0.00s
2025-03-14 13:52:32,059 - DEBUG -   Starting Analyzing ASCII content...
2025-03-14 13:52:32,080 - DEBUG -   Completed Analyzing ASCII content in 0.02s
2025-03-14 13:52:32,080 - DEBUG -   Starting Analyzing hex content...
2025-03-14 13:52:32,089 - DEBUG -   Completed Analyzing hex content in 0.01s
2025-03-14 13:52:32,089 - DEBUG -   Starting Checking base64 variants...
2025-03-14 13:52:32,099 - DEBUG -   Completed Checking base64 variants in 0.01s
2025-03-14 13:52:32,099 - DEBUG -   Starting Analyzing suspicious patterns...
2025-03-14 13:52:32,416 - WARNING - [0.36s]   [0.36s]   Suspicious substring in raw data: Steganography tool reference: f5
2025-03-14 13:52:32,416 - DEBUG -   Completed Analyzing suspicious patterns in 0.32s
2025-03-14 13:52:32,416 - INFO - [0.36s]   [0.36s]   Found 1 suspicious patterns in raw bytes
2025-03-14 13:52:32,417 - DEBUG -   Completed raw_bytes analysis in 0.36s
2025-03-14 13:52:32,417 - INFO - [0.36s]   [0.36s]   Progress: 2/12 analysis steps completed (16.7%)
2025-03-14 13:52:32,417 - DEBUG -   Starting binary_patterns analysis...
2025-03-14 13:52:35,927 - DEBUG -   Completed binary_patterns analysis in 3.51s
2025-03-14 13:52:35,927 - INFO - [3.87s]   [3.87s]   Progress: 3/12 analysis steps completed (25.0%)
2025-03-14 13:52:35,927 - DEBUG -   Starting lsb analysis...
2025-03-14 13:52:35,960 - DEBUG -   tag: PhotometricInterpretation (262) - type: short (3) - value: b'\x00\x02'
2025-03-14 13:52:35,960 - DEBUG -   tag: Orientation (274) - type: short (3) - value: b'\x00\x01'
2025-03-14 13:52:35,960 - DEBUG -   tag: XResolution (282) - type: rational (5) Tag Location: 46 - Data Location: 122 - value: b'\x00\x00\x00H\x00\x00\x00\x01'
2025-03-14 13:52:35,960 - DEBUG -   tag: YResolution (283) - type: rational (5) Tag Location: 58 - Data Location: 130 - value: b'\x00\x00\x00H\x00\x00\x00\x01'
2025-03-14 13:52:35,960 - DEBUG -   tag: ResolutionUnit (296) - type: short (3) - value: b'\x00\x02'
2025-03-14 13:52:35,960 - DEBUG -   tag: Software (305) - type: string (2) Tag Location: 82 - Data Location: 138 - value: b'Adobe Photoshop 7.0\x00'
2025-03-14 13:52:35,960 - DEBUG -   tag: DateTime (306) - type: string (2) Tag Location: 94 - Data Location: 158 - value: b'2004:07:20 16:00:35\x00'
2025-03-14 13:52:35,960 - DEBUG -   tag: YCbCrPositioning (531) - type: short (3) - value: b'\x00\x01'
2025-03-14 13:52:35,960 - DEBUG -   tag: ExifIFD (34665) - type: long (4) - value: b'\x00\x00\x00\xb2'
2025-03-14 13:52:48,123 - DEBUG -   Completed lsb analysis in 12.20s
2025-03-14 13:52:48,124 - INFO - [16.07s]   [16.07s]   Progress: 4/12 analysis steps completed (33.3%)
2025-03-14 13:52:48,125 - DEBUG -   Starting channels analysis...
2025-03-14 13:52:48,125 - DEBUG -   tag: PhotometricInterpretation (262) - type: short (3) - value: b'\x00\x02'
2025-03-14 13:52:48,125 - DEBUG -   tag: Orientation (274) - type: short (3) - value: b'\x00\x01'
2025-03-14 13:52:48,125 - DEBUG -   tag: XResolution (282) - type: rational (5) Tag Location: 46 - Data Location: 122 - value: b'\x00\x00\x00H\x00\x00\x00\x01'
2025-03-14 13:52:48,125 - DEBUG -   tag: YResolution (283) - type: rational (5) Tag Location: 58 - Data Location: 130 - value: b'\x00\x00\x00H\x00\x00\x00\x01'
2025-03-14 13:52:48,125 - DEBUG -   tag: ResolutionUnit (296) - type: short (3) - value: b'\x00\x02'
2025-03-14 13:52:48,125 - DEBUG -   tag: Software (305) - type: string (2) Tag Location: 82 - Data Location: 138 - value: b'Adobe Photoshop 7.0\x00'
2025-03-14 13:52:48,125 - DEBUG -   tag: DateTime (306) - type: string (2) Tag Location: 94 - Data Location: 158 - value: b'2004:07:20 16:00:35\x00'
2025-03-14 13:52:48,125 - DEBUG -   tag: YCbCrPositioning (531) - type: short (3) - value: b'\x00\x01'
2025-03-14 13:52:48,125 - DEBUG -   tag: ExifIFD (34665) - type: long (4) - value: b'\x00\x00\x00\xb2'
2025-03-14 13:52:49,867 - DEBUG -   Completed channels analysis in 1.74s
2025-03-14 13:52:49,867 - INFO - [17.81s]   [17.81s]   Progress: 5/12 analysis steps completed (41.7%)
2025-03-14 13:52:49,867 - DEBUG -   Starting binwalk analysis...
2025-03-14 13:52:50,045 - DEBUG -   Completed binwalk analysis in 0.18s
2025-03-14 13:52:50,045 - INFO - [17.99s]   [17.99s]   Progress: 6/12 analysis steps completed (50.0%)
2025-03-14 13:52:50,045 - DEBUG -   Starting icc_profile analysis...
2025-03-14 13:52:50,045 - DEBUG -   tag: PhotometricInterpretation (262) - type: short (3) - value: b'\x00\x02'
2025-03-14 13:52:50,045 - DEBUG -   tag: Orientation (274) - type: short (3) - value: b'\x00\x01'
2025-03-14 13:52:50,045 - DEBUG -   tag: XResolution (282) - type: rational (5) Tag Location: 46 - Data Location: 122 - value: b'\x00\x00\x00H\x00\x00\x00\x01'
2025-03-14 13:52:50,045 - DEBUG -   tag: YResolution (283) - type: rational (5) Tag Location: 58 - Data Location: 130 - value: b'\x00\x00\x00H\x00\x00\x00\x01'
2025-03-14 13:52:50,045 - DEBUG -   tag: ResolutionUnit (296) - type: short (3) - value: b'\x00\x02'
2025-03-14 13:52:50,045 - DEBUG -   tag: Software (305) - type: string (2) Tag Location: 82 - Data Location: 138 - value: b'Adobe Photoshop 7.0\x00'
2025-03-14 13:52:50,046 - DEBUG -   tag: DateTime (306) - type: string (2) Tag Location: 94 - Data Location: 158 - value: b'2004:07:20 16:00:35\x00'
2025-03-14 13:52:50,046 - DEBUG -   tag: YCbCrPositioning (531) - type: short (3) - value: b'\x00\x01'
2025-03-14 13:52:50,046 - DEBUG -   tag: ExifIFD (34665) - type: long (4) - value: b'\x00\x00\x00\xb2'
2025-03-14 13:52:50,046 - DEBUG -   Completed icc_profile analysis in 0.00s
2025-03-14 13:52:50,046 - INFO - [17.99s]   [17.99s]   Progress: 7/12 analysis steps completed (58.3%)
2025-03-14 13:52:50,046 - DEBUG -   Starting zip_signatures analysis...
2025-03-14 13:52:50,275 - DEBUG -   Completed zip_signatures analysis in 0.23s
2025-03-14 13:52:50,275 - INFO - [18.22s]   [18.22s]   Progress: 8/12 analysis steps completed (66.7%)
2025-03-14 13:52:50,275 - DEBUG -   Starting appended_data analysis...
2025-03-14 13:52:50,275 - INFO - [18.22s]   [18.22s]   Checking for appended data...
2025-03-14 13:52:50,275 - DEBUG -   Starting Reading file...
2025-03-14 13:52:50,276 - DEBUG -   Read 2,874,646 bytes
2025-03-14 13:52:50,276 - DEBUG -   Completed Reading file in 0.00s
2025-03-14 13:52:50,276 - DEBUG -   Starting Analyzing file format...
2025-03-14 13:52:50,445 - DEBUG -   Found 1 EOI markers
2025-03-14 13:52:50,445 - DEBUG -   Completed Analyzing file format in 0.17s
2025-03-14 13:52:50,445 - INFO - [18.39s]   [18.39s]   No appended data found
2025-03-14 13:52:50,446 - DEBUG -   Completed appended_data analysis in 0.17s
2025-03-14 13:52:50,446 - INFO - [18.39s]   [18.39s]   Progress: 9/12 analysis steps completed (75.0%)
2025-03-14 13:52:50,446 - DEBUG -   Starting histogram analysis...
2025-03-14 13:52:50,446 - DEBUG -   tag: PhotometricInterpretation (262) - type: short (3) - value: b'\x00\x02'
2025-03-14 13:52:50,446 - DEBUG -   tag: Orientation (274) - type: short (3) - value: b'\x00\x01'
2025-03-14 13:52:50,446 - DEBUG -   tag: XResolution (282) - type: rational (5) Tag Location: 46 - Data Location: 122 - value: b'\x00\x00\x00H\x00\x00\x00\x01'
2025-03-14 13:52:50,446 - DEBUG -   tag: YResolution (283) - type: rational (5) Tag Location: 58 - Data Location: 130 - value: b'\x00\x00\x00H\x00\x00\x00\x01'
2025-03-14 13:52:50,446 - DEBUG -   tag: ResolutionUnit (296) - type: short (3) - value: b'\x00\x02'
2025-03-14 13:52:50,446 - DEBUG -   tag: Software (305) - type: string (2) Tag Location: 82 - Data Location: 138 - value: b'Adobe Photoshop 7.0\x00'
2025-03-14 13:52:50,446 - DEBUG -   tag: DateTime (306) - type: string (2) Tag Location: 94 - Data Location: 158 - value: b'2004:07:20 16:00:35\x00'
2025-03-14 13:52:50,446 - DEBUG -   tag: YCbCrPositioning (531) - type: short (3) - value: b'\x00\x01'
2025-03-14 13:52:50,446 - DEBUG -   tag: ExifIFD (34665) - type: long (4) - value: b'\x00\x00\x00\xb2'
2025-03-14 13:52:51,269 - DEBUG -   Completed histogram analysis in 0.82s
2025-03-14 13:52:51,269 - INFO - [19.22s]   [19.22s]   Progress: 10/12 analysis steps completed (83.3%)
2025-03-14 13:52:51,269 - DEBUG -   Starting jpeg_comments analysis...
2025-03-14 13:52:51,269 - INFO - [19.22s]   [19.22s]   Checking JPEG comment segments...
2025-03-14 13:52:51,269 - DEBUG -   Starting Reading JPEG file...
2025-03-14 13:52:51,270 - DEBUG -   Completed Reading JPEG file in 0.00s
2025-03-14 13:52:51,270 - DEBUG -   Starting Analyzing comment segments...
2025-03-14 13:52:51,444 - DEBUG -   Completed Analyzing comment segments in 0.17s
2025-03-14 13:52:51,444 - INFO - [19.39s]   [19.39s]   No suspicious patterns found in JPEG comments
2025-03-14 13:52:51,444 - DEBUG -   Completed jpeg_comments analysis in 0.18s
2025-03-14 13:52:51,444 - INFO - [19.39s]   [19.39s]   Progress: 11/12 analysis steps completed (91.7%)
2025-03-14 13:52:51,444 - DEBUG -   Starting large_metadata analysis...
2025-03-14 13:52:51,444 - INFO - [19.39s]   [19.39s]   Checking for large metadata fields...
2025-03-14 13:52:51,444 - DEBUG -   Starting Reading metadata...
2025-03-14 13:52:51,445 - DEBUG -   JPEG format recognized data[0:2]=0xFFD8
2025-03-14 13:52:51,445 - DEBUG -   data[2]=0xFF data[3]=0xE1 data[6:10]=b'Exif'
2025-03-14 13:52:51,445 - DEBUG -    Segment base 0x2
2025-03-14 13:52:51,445 - DEBUG -     APP1 at base 0x2
2025-03-14 13:52:51,445 - DEBUG -     Length: 0xF 0x8
2025-03-14 13:52:51,445 - DEBUG -     Code: b'Exif'
2025-03-14 13:52:51,445 - DEBUG -     Decrement base by 2 to get to pre-segment header (for compatibility with later code)
2025-03-14 13:52:51,445 - DEBUG -   Endian format is M (Motorola)
2025-03-14 13:52:51,445 - DEBUG -   IFD 0 (Image) at offset 8:
2025-03-14 13:52:51,445 - DEBUG -    PhotometricInterpretation: (0x0106) Short=2 @ 18
2025-03-14 13:52:51,445 - DEBUG -    Orientation: (0x0112) Short=Horizontal (normal) @ 30
2025-03-14 13:52:51,445 - DEBUG -    XResolution: (0x011A) Ratio=72 @ 122
2025-03-14 13:52:51,445 - DEBUG -    YResolution: (0x011B) Ratio=72 @ 130
2025-03-14 13:52:51,445 - DEBUG -    ResolutionUnit: (0x0128) Short=Pixels/Inch @ 66
2025-03-14 13:52:51,445 - DEBUG -    Software: (0x0131) ASCII=Adobe Photoshop 7.0 @ 138
2025-03-14 13:52:51,445 - DEBUG -    DateTime: (0x0132) ASCII=2004:07:20 16:00:35 @ 158
2025-03-14 13:52:51,445 - DEBUG -    YCbCrPositioning: (0x0213) Short=Centered @ 102
2025-03-14 13:52:51,445 - DEBUG -    ExifOffset: (0x8769) Long=178 @ 114
2025-03-14 13:52:51,445 - DEBUG -   Exif SubIFD at offset 178:
2025-03-14 13:52:51,445 - DEBUG -    ExifVersion: (0x9000) Undefined=0221 @ 188
2025-03-14 13:52:51,445 - DEBUG -    ComponentsConfiguration: (0x9101) Undefined=YCbCr @ 200
2025-03-14 13:52:51,445 - DEBUG -    UserComment: (0x9286) Undefined= @ 280
2025-03-14 13:52:51,445 - DEBUG -    FlashPixVersion: (0xA000) Undefined=0100 @ 224
2025-03-14 13:52:51,445 - DEBUG -    ColorSpace: (0xA001) Short=sRGB @ 236
2025-03-14 13:52:51,445 - DEBUG -    ExifImageWidth: (0xA002) Long=2268 @ 248
2025-03-14 13:52:51,445 - DEBUG -    ExifImageLength: (0xA003) Long=1600 @ 260
2025-03-14 13:52:51,445 - DEBUG -    SceneCaptureType: (0xA406) Short=Standard @ 272
2025-03-14 13:52:51,445 - DEBUG -   Found 17 metadata tags
2025-03-14 13:52:51,445 - DEBUG -   Completed Reading metadata in 0.00s
2025-03-14 13:52:51,445 - DEBUG -   Starting Analyzing metadata fields...
2025-03-14 13:52:51,445 - DEBUG -   Completed Analyzing metadata fields in 0.00s
2025-03-14 13:52:51,445 - INFO - [19.39s]   [19.39s]   No suspicious large metadata fields found
2025-03-14 13:52:51,445 - DEBUG -   Completed large_metadata analysis in 0.00s
2025-03-14 13:52:51,445 - INFO - [19.39s]   [19.39s]   Progress: 12/12 analysis steps completed (100.0%)
2025-03-14 13:52:51,445 - INFO - [19.39s]   [19.39s]   Analysis complete - 0 total findings
2025-03-14 13:52:51,445 - INFO - [19.39s]   [19.39s]   Completed Analyzing yews_2025-03-14_China_Expands_Warships_Near_Taiwan_3-13-25-8PM-3.jpg in 19.39s
2025-03-14 13:52:51,445 - INFO - [19.39s]   [19.39s]   Completed Analyzing yews_2025-03-14_China_Expands_Warships_Near_Taiwan_3-13-25-8PM-3.jpg in 19.39s
2025-03-14 13:52:51,445 - INFO - [19.39s]   [19.39s]   
Analyzing file 2/30: /Users/adam/Git/stego_tools/yews_images/yews_news/2025-03-14/yews_2025-03-14_A_Happy_Spouse_Lowers_Stress_Levels_3-13-25-10AM-9.jpg
2025-03-14 13:52:51,445 - INFO - [19.39s]   [19.39s]   Starting Analyzing yews_2025-03-14_A_Happy_Spouse_Lowers_Stress_Levels_3-13-25-10AM-9.jpg...
2025-03-14 13:52:51,445 - INFO - [19.39s]   [19.39s]   Starting Analyzing yews_2025-03-14_A_Happy_Spouse_Lowers_Stress_Levels_3-13-25-10AM-9.jpg...
2025-03-14 13:52:51,445 - INFO - [19.39s]   [19.39s]   File size: 157,798 bytes
2025-03-14 13:52:51,445 - DEBUG -   Starting metadata analysis...
2025-03-14 13:52:51,445 - INFO - [19.39s]   [19.39s]   Checking metadata...
2025-03-14 13:52:51,446 - DEBUG -   Starting Reading EXIF data...
2025-03-14 13:52:51,447 - DEBUG -   JPEG format recognized data[0:2]=0xFFD8
2025-03-14 13:52:51,447 - DEBUG -   data[2]=0xFF data[3]=0xE1 data[6:10]=b'Exif'
2025-03-14 13:52:51,447 - DEBUG -    Segment base 0x2
2025-03-14 13:52:51,447 - DEBUG -     APP1 at base 0x2
2025-03-14 13:52:51,447 - DEBUG -     Length: 0x1 0x14
2025-03-14 13:52:51,447 - DEBUG -     Code: b'Exif'
2025-03-14 13:52:51,447 - DEBUG -     Decrement base by 2 to get to pre-segment header (for compatibility with later code)
2025-03-14 13:52:51,447 - DEBUG -   Endian format is M (Motorola)
2025-03-14 13:52:51,447 - DEBUG -   IFD 0 (Image) at offset 8:
2025-03-14 13:52:51,447 - DEBUG -    Orientation: (0x0112) Short=Horizontal (normal) @ 18
2025-03-14 13:52:51,447 - DEBUG -    XResolution: (0x011A) Ratio=3/100 @ 110
2025-03-14 13:52:51,447 - DEBUG -    YResolution: (0x011B) Ratio=3/100 @ 118
2025-03-14 13:52:51,447 - DEBUG -    ResolutionUnit: (0x0128) Short=Pixels/Inch @ 54
2025-03-14 13:52:51,447 - DEBUG -    Software: (0x0131) ASCII=Adobe Photoshop CS3 Macintosh @ 126
2025-03-14 13:52:51,447 - DEBUG -    DateTime: (0x0132) ASCII=2009:07:30 12:43:58 @ 156
2025-03-14 13:52:51,447 - DEBUG -    YCbCrPositioning: (0x0213) Short=Centered @ 90
2025-03-14 13:52:51,447 - DEBUG -    ExifOffset: (0x8769) Long=176 @ 102
2025-03-14 13:52:51,447 - DEBUG -   Exif SubIFD at offset 176:
2025-03-14 13:52:51,447 - DEBUG -    ExifVersion: (0x9000) Undefined=0221 @ 186
2025-03-14 13:52:51,448 - DEBUG -    ComponentsConfiguration: (0x9101) Undefined=YCbCr @ 198
2025-03-14 13:52:51,448 - DEBUG -    FlashPixVersion: (0xA000) Undefined=0100 @ 210
2025-03-14 13:52:51,448 - DEBUG -    ColorSpace: (0xA001) Short=Uncalibrated @ 222
2025-03-14 13:52:51,448 - DEBUG -    ExifImageWidth: (0xA002) Long=527 @ 234
2025-03-14 13:52:51,448 - DEBUG -    ExifImageLength: (0xA003) Long=600 @ 246
2025-03-14 13:52:51,448 - DEBUG -    SceneCaptureType: (0xA406) Short=Standard @ 258
2025-03-14 13:52:51,448 - DEBUG -   Found 15 EXIF tags
2025-03-14 13:52:51,448 - DEBUG -   Completed Reading EXIF data in 0.00s
2025-03-14 13:52:51,448 - DEBUG -   Starting Analyzing metadata content...
2025-03-14 13:52:51,448 - INFO - [19.39s]   [19.39s]   No suspicious patterns found in metadata
2025-03-14 13:52:51,448 - DEBUG -   Completed Analyzing metadata content in 0.00s
2025-03-14 13:52:51,448 - DEBUG -   Completed metadata analysis in 0.00s
2025-03-14 13:52:51,448 - INFO - [19.39s]   [19.39s]   Progress: 1/12 analysis steps completed (8.3%)
2025-03-14 13:52:51,448 - DEBUG -   Starting raw_bytes analysis...
2025-03-14 13:52:51,448 - INFO - [19.39s]   [19.39s]   Checking raw bytes...
2025-03-14 13:52:51,448 - DEBUG -   Starting Reading file content...
2025-03-14 13:52:51,449 - DEBUG -   Read 157,798 bytes
2025-03-14 13:52:51,449 - DEBUG -   Completed Reading file content in 0.00s
2025-03-14 13:52:51,449 - DEBUG -   Starting Analyzing ASCII content...
2025-03-14 13:52:51,450 - DEBUG -   Completed Analyzing ASCII content in 0.00s
2025-03-14 13:52:51,450 - DEBUG -   Starting Analyzing hex content...
2025-03-14 13:52:51,451 - DEBUG -   Completed Analyzing hex content in 0.00s
2025-03-14 13:52:51,451 - DEBUG -   Starting Checking base64 variants...
2025-03-14 13:52:51,451 - DEBUG -   Completed Checking base64 variants in 0.00s
2025-03-14 13:52:51,451 - DEBUG -   Starting Analyzing suspicious patterns...
2025-03-14 13:52:51,469 - WARNING - [19.42s]   [19.42s]   Suspicious substring in raw data: Steganography tool reference: f5
2025-03-14 13:52:51,469 - DEBUG -   Completed Analyzing suspicious patterns in 0.02s
2025-03-14 13:52:51,469 - INFO - [19.42s]   [19.42s]   Found 1 suspicious patterns in raw bytes
2025-03-14 13:52:51,469 - DEBUG -   Completed raw_bytes analysis in 0.02s
2025-03-14 13:52:51,469 - INFO - [19.42s]   [19.42s]   Progress: 2/12 analysis steps completed (16.7%)
2025-03-14 13:52:51,469 - DEBUG -   Starting binary_patterns analysis...
2025-03-14 13:52:51,618 - DEBUG -   Completed binary_patterns analysis in 0.15s
2025-03-14 13:52:51,619 - INFO - [19.57s]   [19.57s]   Progress: 3/12 analysis steps completed (25.0%)
2025-03-14 13:52:51,619 - DEBUG -   Starting lsb analysis...
2025-03-14 13:52:51,619 - DEBUG -   tag: Orientation (274) - type: short (3) - value: b'\x00\x01'
2025-03-14 13:52:51,619 - DEBUG -   tag: XResolution (282) - type: rational (5) Tag Location: 34 - Data Location: 110 - value: b'\x00\x00\x00\x03\x00\x00\x00d'
2025-03-14 13:52:51,619 - DEBUG -   tag: YResolution (283) - type: rational (5) Tag Location: 46 - Data Location: 118 - value: b'\x00\x00\x00\x03\x00\x00\x00d'
2025-03-14 13:52:51,619 - DEBUG -   tag: ResolutionUnit (296) - type: short (3) - value: b'\x00\x02'
2025-03-14 13:52:51,619 - DEBUG -   tag: Software (305) - type: string (2) Tag Location: 70 - Data Location: 126 - value: b'Adobe Photoshop CS3 Macintosh\x00'
2025-03-14 13:52:51,619 - DEBUG -   tag: DateTime (306) - type: string (2) Tag Location: 82 - Data Location: 156 - value: b'2009:07:30 12:43:58\x00'
2025-03-14 13:52:51,619 - DEBUG -   tag: YCbCrPositioning (531) - type: short (3) - value: b'\x00\x01'
2025-03-14 13:52:51,619 - DEBUG -   tag: ExifIFD (34665) - type: long (4) - value: b'\x00\x00\x00\xb0'
2025-03-14 13:52:52,509 - DEBUG -   Completed lsb analysis in 0.89s
2025-03-14 13:52:52,509 - INFO - [20.46s]   [20.46s]   Progress: 4/12 analysis steps completed (33.3%)
2025-03-14 13:52:52,509 - DEBUG -   Starting channels analysis...
2025-03-14 13:52:52,509 - DEBUG -   tag: Orientation (274) - type: short (3) - value: b'\x00\x01'
2025-03-14 13:52:52,509 - DEBUG -   tag: XResolution (282) - type: rational (5) Tag Location: 34 - Data Location: 110 - value: b'\x00\x00\x00\x03\x00\x00\x00d'
2025-03-14 13:52:52,509 - DEBUG -   tag: YResolution (283) - type: rational (5) Tag Location: 46 - Data Location: 118 - value: b'\x00\x00\x00\x03\x00\x00\x00d'
2025-03-14 13:52:52,509 - DEBUG -   tag: ResolutionUnit (296) - type: short (3) - value: b'\x00\x02'
2025-03-14 13:52:52,509 - DEBUG -   tag: Software (305) - type: string (2) Tag Location: 70 - Data Location: 126 - value: b'Adobe Photoshop CS3 Macintosh\x00'
2025-03-14 13:52:52,510 - DEBUG -   tag: DateTime (306) - type: string (2) Tag Location: 82 - Data Location: 156 - value: b'2009:07:30 12:43:58\x00'
2025-03-14 13:52:52,510 - DEBUG -   tag: YCbCrPositioning (531) - type: short (3) - value: b'\x00\x01'
2025-03-14 13:52:52,510 - DEBUG -   tag: ExifIFD (34665) - type: long (4) - value: b'\x00\x00\x00\xb0'
2025-03-14 13:52:52,662 - DEBUG -   Completed channels analysis in 0.15s
2025-03-14 13:52:52,662 - INFO - [20.61s]   [20.61s]   Progress: 5/12 analysis steps completed (41.7%)
2025-03-14 13:52:52,663 - DEBUG -   Starting binwalk analysis...
2025-03-14 13:52:52,702 - DEBUG -   Completed binwalk analysis in 0.04s
2025-03-14 13:52:52,703 - INFO - [20.65s]   [20.65s]   Progress: 6/12 analysis steps completed (50.0%)
2025-03-14 13:52:52,703 - DEBUG -   Starting icc_profile analysis...
2025-03-14 13:52:52,703 - DEBUG -   tag: Orientation (274) - type: short (3) - value: b'\x00\x01'
2025-03-14 13:52:52,703 - DEBUG -   tag: XResolution (282) - type: rational (5) Tag Location: 34 - Data Location: 110 - value: b'\x00\x00\x00\x03\x00\x00\x00d'
2025-03-14 13:52:52,703 - DEBUG -   tag: YResolution (283) - type: rational (5) Tag Location: 46 - Data Location: 118 - value: b'\x00\x00\x00\x03\x00\x00\x00d'
2025-03-14 13:52:52,703 - DEBUG -   tag: ResolutionUnit (296) - type: short (3) - value: b'\x00\x02'
2025-03-14 13:52:52,703 - DEBUG -   tag: Software (305) - type: string (2) Tag Location: 70 - Data Location: 126 - value: b'Adobe Photoshop CS3 Macintosh\x00'
2025-03-14 13:52:52,703 - DEBUG -   tag: DateTime (306) - type: string (2) Tag Location: 82 - Data Location: 156 - value: b'2009:07:30 12:43:58\x00'
2025-03-14 13:52:52,703 - DEBUG -   tag: YCbCrPositioning (531) - type: short (3) - value: b'\x00\x01'
2025-03-14 13:52:52,703 - DEBUG -   tag: ExifIFD (34665) - type: long (4) - value: b'\x00\x00\x00\xb0'
2025-03-14 13:52:52,703 - DEBUG -   Completed icc_profile analysis in 0.00s
2025-03-14 13:52:52,704 - INFO - [20.65s]   [20.65s]   Progress: 7/12 analysis steps completed (58.3%)
2025-03-14 13:52:52,704 - DEBUG -   Starting zip_signatures analysis...
2025-03-14 13:52:52,717 - DEBUG -   Completed zip_signatures analysis in 0.01s
2025-03-14 13:52:52,717 - INFO - [20.66s]   [20.66s]   Progress: 8/12 analysis steps completed (66.7%)
2025-03-14 13:52:52,717 - DEBUG -   Starting appended_data analysis...
2025-03-14 13:52:52,717 - INFO - [20.66s]   [20.66s]   Checking for appended data...
2025-03-14 13:52:52,717 - DEBUG -   Starting Reading file...
2025-03-14 13:52:52,717 - DEBUG -   Read 157,798 bytes
2025-03-14 13:52:52,718 - DEBUG -   Completed Reading file in 0.00s
2025-03-14 13:52:52,718 - DEBUG -   Starting Analyzing file format...
2025-03-14 13:52:52,727 - DEBUG -   Found 1 EOI markers
2025-03-14 13:52:52,728 - DEBUG -   Completed Analyzing file format in 0.01s
2025-03-14 13:52:52,728 - INFO - [20.67s]   [20.67s]   No appended data found
2025-03-14 13:52:52,728 - DEBUG -   Completed appended_data analysis in 0.01s
2025-03-14 13:52:52,728 - INFO - [20.67s]   [20.67s]   Progress: 9/12 analysis steps completed (75.0%)
2025-03-14 13:52:52,728 - DEBUG -   Starting histogram analysis...
2025-03-14 13:52:52,728 - DEBUG -   tag: Orientation (274) - type: short (3) - value: b'\x00\x01'
2025-03-14 13:52:52,728 - DEBUG -   tag: XResolution (282) - type: rational (5) Tag Location: 34 - Data Location: 110 - value: b'\x00\x00\x00\x03\x00\x00\x00d'
2025-03-14 13:52:52,728 - DEBUG -   tag: YResolution (283) - type: rational (5) Tag Location: 46 - Data Location: 118 - value: b'\x00\x00\x00\x03\x00\x00\x00d'
2025-03-14 13:52:52,728 - DEBUG -   tag: ResolutionUnit (296) - type: short (3) - value: b'\x00\x02'
2025-03-14 13:52:52,728 - DEBUG -   tag: Software (305) - type: string (2) Tag Location: 70 - Data Location: 126 - value: b'Adobe Photoshop CS3 Macintosh\x00'
2025-03-14 13:52:52,728 - DEBUG -   tag: DateTime (306) - type: string (2) Tag Location: 82 - Data Location: 156 - value: b'2009:07:30 12:43:58\x00'
2025-03-14 13:52:52,728 - DEBUG -   tag: YCbCrPositioning (531) - type: short (3) - value: b'\x00\x01'
2025-03-14 13:52:52,728 - DEBUG -   tag: ExifIFD (34665) - type: long (4) - value: b'\x00\x00\x00\xb0'
2025-03-14 13:52:52,791 - DEBUG -   Completed histogram analysis in 0.06s
2025-03-14 13:52:52,791 - INFO - [20.74s]   [20.74s]   Progress: 10/12 analysis steps completed (83.3%)
2025-03-14 13:52:52,791 - DEBUG -   Starting jpeg_comments analysis...
2025-03-14 13:52:52,791 - INFO - [20.74s]   [20.74s]   Checking JPEG comment segments...
2025-03-14 13:52:52,791 - DEBUG -   Starting Reading JPEG file...
2025-03-14 13:52:52,791 - DEBUG -   Completed Reading JPEG file in 0.00s
2025-03-14 13:52:52,791 - DEBUG -   Starting Analyzing comment segments...
2025-03-14 13:52:52,801 - DEBUG -   Completed Analyzing comment segments in 0.01s
2025-03-14 13:52:52,802 - INFO - [20.75s]   [20.75s]   No suspicious patterns found in JPEG comments
2025-03-14 13:52:52,802 - DEBUG -   Completed jpeg_comments analysis in 0.01s
2025-03-14 13:52:52,802 - INFO - [20.75s]   [20.75s]   Progress: 11/12 analysis steps completed (91.7%)
2025-03-14 13:52:52,802 - DEBUG -   Starting large_metadata analysis...
2025-03-14 13:52:52,802 - INFO - [20.75s]   [20.75s]   Checking for large metadata fields...
2025-03-14 13:52:52,802 - DEBUG -   Starting Reading metadata...
2025-03-14 13:52:52,802 - DEBUG -   JPEG format recognized data[0:2]=0xFFD8
2025-03-14 13:52:52,802 - DEBUG -   data[2]=0xFF data[3]=0xE1 data[6:10]=b'Exif'
2025-03-14 13:52:52,802 - DEBUG -    Segment base 0x2
2025-03-14 13:52:52,802 - DEBUG -     APP1 at base 0x2
2025-03-14 13:52:52,802 - DEBUG -     Length: 0x1 0x14
2025-03-14 13:52:52,802 - DEBUG -     Code: b'Exif'
2025-03-14 13:52:52,802 - DEBUG -     Decrement base by 2 to get to pre-segment header (for compatibility with later code)
2025-03-14 13:52:52,802 - DEBUG -   Endian format is M (Motorola)
2025-03-14 13:52:52,802 - DEBUG -   IFD 0 (Image) at offset 8:
2025-03-14 13:52:52,802 - DEBUG -    Orientation: (0x0112) Short=Horizontal (normal) @ 18
2025-03-14 13:52:52,802 - DEBUG -    XResolution: (0x011A) Ratio=3/100 @ 110
2025-03-14 13:52:52,802 - DEBUG -    YResolution: (0x011B) Ratio=3/100 @ 118
2025-03-14 13:52:52,802 - DEBUG -    ResolutionUnit: (0x0128) Short=Pixels/Inch @ 54
2025-03-14 13:52:52,802 - DEBUG -    Software: (0x0131) ASCII=Adobe Photoshop CS3 Macintosh @ 126
2025-03-14 13:52:52,802 - DEBUG -    DateTime: (0x0132) ASCII=2009:07:30 12:43:58 @ 156
2025-03-14 13:52:52,802 - DEBUG -    YCbCrPositioning: (0x0213) Short=Centered @ 90
2025-03-14 13:52:52,802 - DEBUG -    ExifOffset: (0x8769) Long=176 @ 102
2025-03-14 13:52:52,802 - DEBUG -   Exif SubIFD at offset 176:
2025-03-14 13:52:52,802 - DEBUG -    ExifVersion: (0x9000) Undefined=0221 @ 186
2025-03-14 13:52:52,802 - DEBUG -    ComponentsConfiguration: (0x9101) Undefined=YCbCr @ 198
2025-03-14 13:52:52,802 - DEBUG -    FlashPixVersion: (0xA000) Undefined=0100 @ 210
2025-03-14 13:52:52,802 - DEBUG -    ColorSpace: (0xA001) Short=Uncalibrated @ 222
2025-03-14 13:52:52,802 - DEBUG -    ExifImageWidth: (0xA002) Long=527 @ 234
2025-03-14 13:52:52,802 - DEBUG -    ExifImageLength: (0xA003) Long=600 @ 246
2025-03-14 13:52:52,802 - DEBUG -    SceneCaptureType: (0xA406) Short=Standard @ 258
2025-03-14 13:52:52,802 - DEBUG -   Found 15 metadata tags
2025-03-14 13:52:52,802 - DEBUG -   Completed Reading metadata in 0.00s
2025-03-14 13:52:52,802 - DEBUG -   Starting Analyzing metadata fields...
2025-03-14 13:52:52,802 - DEBUG -   Completed Analyzing metadata fields in 0.00s
2025-03-14 13:52:52,802 - INFO - [20.75s]   [20.75s]   No suspicious large metadata fields found
2025-03-14 13:52:52,802 - DEBUG -   Completed large_metadata analysis in 0.00s
2025-03-14 13:52:52,802 - INFO - [20.75s]   [20.75s]   Progress: 12/12 analysis steps completed (100.0%)
2025-03-14 13:52:52,802 - INFO - [20.75s]   [20.75s]   Analysis complete - 0 total findings
2025-03-14 13:52:52,802 - INFO - [20.75s]   [20.75s]   Completed Analyzing yews_2025-03-14_A_Happy_Spouse_Lowers_Stress_Levels_3-13-25-10AM-9.jpg in 1.36s
2025-03-14 13:52:52,803 - INFO - [20.75s]   [20.75s]   Completed Analyzing yews_2025-03-14_A_Happy_Spouse_Lowers_Stress_Levels_3-13-25-10AM-9.jpg in 1.36s
2025-03-14 13:52:52,803 - INFO - [20.75s]   [20.75s]   
Analyzing file 3/30: /Users/adam/Git/stego_tools/yews_images/yews_news/2025-03-14/yews_2025-03-14_Facebook_Now_Pays_Creators_For_Stories_3-13-25-8PM-2.jpg
2025-03-14 13:52:52,803 - INFO - [20.75s]   [20.75s]   Starting Analyzing yews_2025-03-14_Facebook_Now_Pays_Creators_For_Stories_3-13-25-8PM-2.jpg...
2025-03-14 13:52:52,803 - INFO - [20.75s]   [20.75s]   Starting Analyzing yews_2025-03-14_Facebook_Now_Pays_Creators_For_Stories_3-13-25-8PM-2.jpg...
2025-03-14 13:52:52,803 - INFO - [20.75s]   [20.75s]   File size: 128,504 bytes
2025-03-14 13:52:52,803 - DEBUG -   Starting metadata analysis...
2025-03-14 13:52:52,803 - INFO - [20.75s]   [20.75s]   Checking metadata...
2025-03-14 13:52:52,803 - DEBUG -   Starting Reading EXIF data...
2025-03-14 13:52:52,804 - DEBUG -   JPEG format recognized data[0:2]=0xFFD8
2025-03-14 13:52:52,804 - DEBUG -   data[2]=0xFF data[3]=0xE1 data[6:10]=b'Exif'
2025-03-14 13:52:52,804 - DEBUG -    Segment base 0x2
2025-03-14 13:52:52,804 - DEBUG -     APP1 at base 0x2
2025-03-14 13:52:52,804 - DEBUG -     Length: 0x1 0x2A
2025-03-14 13:52:52,804 - DEBUG -     Code: b'Exif'
2025-03-14 13:52:52,804 - DEBUG -     Decrement base by 2 to get to pre-segment header (for compatibility with later code)
2025-03-14 13:52:52,804 - DEBUG -   Endian format is M (Motorola)
2025-03-14 13:52:52,804 - DEBUG -   IFD 0 (Image) at offset 8:
2025-03-14 13:52:52,804 - DEBUG -    Orientation: (0x0112) Short=Horizontal (normal) @ 18
2025-03-14 13:52:52,804 - DEBUG -    XResolution: (0x011A) Ratio=100 @ 110
2025-03-14 13:52:52,804 - DEBUG -    YResolution: (0x011B) Ratio=100 @ 118
2025-03-14 13:52:52,804 - DEBUG -    ResolutionUnit: (0x0128) Short=Pixels/Inch @ 54
2025-03-14 13:52:52,804 - DEBUG -    Software: (0x0131) ASCII=Adobe Photoshop 7.0 @ 126
2025-03-14 13:52:52,804 - DEBUG -    DateTime: (0x0132) ASCII=2005:05:09 13:25:53 @ 146
2025-03-14 13:52:52,804 - DEBUG -    YCbCrPositioning: (0x0213) Short=Centered @ 90
2025-03-14 13:52:52,804 - DEBUG -    ExifOffset: (0x8769) Long=166 @ 102
2025-03-14 13:52:52,804 - DEBUG -   Exif SubIFD at offset 166:
2025-03-14 13:52:52,804 - DEBUG -    ExifVersion: (0x9000) Undefined=0221 @ 176
2025-03-14 13:52:52,804 - DEBUG -    DateTimeDigitized: (0x9004) ASCII=2003:03:24 13:04:08 @ 268
2025-03-14 13:52:52,804 - DEBUG -    ComponentsConfiguration: (0x9101) Undefined=YCbCr @ 200
2025-03-14 13:52:52,804 - DEBUG -    FlashPixVersion: (0xA000) Undefined=0100 @ 212
2025-03-14 13:52:52,804 - DEBUG -    ColorSpace: (0xA001) Short=sRGB @ 224
2025-03-14 13:52:52,804 - DEBUG -    ExifImageWidth: (0xA002) Long=600 @ 236
2025-03-14 13:52:52,804 - DEBUG -    ExifImageLength: (0xA003) Long=457 @ 248
2025-03-14 13:52:52,804 - DEBUG -    SceneCaptureType: (0xA406) Short=Standard @ 260
2025-03-14 13:52:52,805 - DEBUG -   Found 16 EXIF tags
2025-03-14 13:52:52,805 - DEBUG -   Completed Reading EXIF data in 0.00s
2025-03-14 13:52:52,805 - DEBUG -   Starting Analyzing metadata content...
2025-03-14 13:52:52,805 - INFO - [20.75s]   [20.75s]   No suspicious patterns found in metadata
2025-03-14 13:52:52,805 - DEBUG -   Completed Analyzing metadata content in 0.00s
2025-03-14 13:52:52,805 - DEBUG -   Completed metadata analysis in 0.00s
2025-03-14 13:52:52,805 - INFO - [20.75s]   [20.75s]   Progress: 1/12 analysis steps completed (8.3%)
2025-03-14 13:52:52,805 - DEBUG -   Starting raw_bytes analysis...
2025-03-14 13:52:52,805 - INFO - [20.75s]   [20.75s]   Checking raw bytes...
2025-03-14 13:52:52,805 - DEBUG -   Starting Reading file content...
2025-03-14 13:52:52,805 - DEBUG -   Read 128,504 bytes
2025-03-14 13:52:52,805 - DEBUG -   Completed Reading file content in 0.00s
2025-03-14 13:52:52,805 - DEBUG -   Starting Analyzing ASCII content...
2025-03-14 13:52:52,806 - DEBUG -   Completed Analyzing ASCII content in 0.00s
2025-03-14 13:52:52,806 - DEBUG -   Starting Analyzing hex content...
2025-03-14 13:52:52,807 - DEBUG -   Completed Analyzing hex content in 0.00s
2025-03-14 13:52:52,807 - DEBUG -   Starting Checking base64 variants...
2025-03-14 13:52:52,807 - DEBUG -   Completed Checking base64 variants in 0.00s
2025-03-14 13:52:52,807 - DEBUG -   Starting Analyzing suspicious patterns...
2025-03-14 13:52:52,822 - DEBUG -   Completed Analyzing suspicious patterns in 0.02s
2025-03-14 13:52:52,822 - INFO - [20.77s]   [20.77s]   No suspicious patterns found in raw bytes
2025-03-14 13:52:52,823 - DEBUG -   Completed raw_bytes analysis in 0.02s
2025-03-14 13:52:52,823 - INFO - [20.77s]   [20.77s]   Progress: 2/12 analysis steps completed (16.7%)
2025-03-14 13:52:52,823 - DEBUG -   Starting binary_patterns analysis...
2025-03-14 13:52:52,942 - DEBUG -   Completed binary_patterns analysis in 0.12s
2025-03-14 13:52:52,942 - INFO - [20.89s]   [20.89s]   Progress: 3/12 analysis steps completed (25.0%)
2025-03-14 13:52:52,942 - DEBUG -   Starting lsb analysis...
2025-03-14 13:52:52,943 - DEBUG -   tag: Orientation (274) - type: short (3) - value: b'\x00\x01'
2025-03-14 13:52:52,943 - DEBUG -   tag: XResolution (282) - type: rational (5) Tag Location: 34 - Data Location: 110 - value: b'\x00\x00\x00d\x00\x00\x00\x01'
2025-03-14 13:52:52,943 - DEBUG -   tag: YResolution (283) - type: rational (5) Tag Location: 46 - Data Location: 118 - value: b'\x00\x00\x00d\x00\x00\x00\x01'
2025-03-14 13:52:52,943 - DEBUG -   tag: ResolutionUnit (296) - type: short (3) - value: b'\x00\x02'
2025-03-14 13:52:52,943 - DEBUG -   tag: Software (305) - type: string (2) Tag Location: 70 - Data Location: 126 - value: b'Adobe Photoshop 7.0\x00'
2025-03-14 13:52:52,943 - DEBUG -   tag: DateTime (306) - type: string (2) Tag Location: 82 - Data Location: 146 - value: b'2005:05:09 13:25:53\x00'
2025-03-14 13:52:52,943 - DEBUG -   tag: YCbCrPositioning (531) - type: short (3) - value: b'\x00\x01'
2025-03-14 13:52:52,943 - DEBUG -   tag: ExifIFD (34665) - type: long (4) - value: b'\x00\x00\x00\xa6'
2025-03-14 13:52:53,728 - DEBUG -   Completed lsb analysis in 0.79s
2025-03-14 13:52:53,728 - INFO - [21.68s]   [21.68s]   Progress: 4/12 analysis steps completed (33.3%)
2025-03-14 13:52:53,729 - DEBUG -   Starting channels analysis...
2025-03-14 13:52:53,729 - DEBUG -   tag: Orientation (274) - type: short (3) - value: b'\x00\x01'
2025-03-14 13:52:53,729 - DEBUG -   tag: XResolution (282) - type: rational (5) Tag Location: 34 - Data Location: 110 - value: b'\x00\x00\x00d\x00\x00\x00\x01'
2025-03-14 13:52:53,729 - DEBUG -   tag: YResolution (283) - type: rational (5) Tag Location: 46 - Data Location: 118 - value: b'\x00\x00\x00d\x00\x00\x00\x01'
2025-03-14 13:52:53,729 - DEBUG -   tag: ResolutionUnit (296) - type: short (3) - value: b'\x00\x02'
2025-03-14 13:52:53,729 - DEBUG -   tag: Software (305) - type: string (2) Tag Location: 70 - Data Location: 126 - value: b'Adobe Photoshop 7.0\x00'
2025-03-14 13:52:53,729 - DEBUG -   tag: DateTime (306) - type: string (2) Tag Location: 82 - Data Location: 146 - value: b'2005:05:09 13:25:53\x00'
2025-03-14 13:52:53,729 - DEBUG -   tag: YCbCrPositioning (531) - type: short (3) - value: b'\x00\x01'
2025-03-14 13:52:53,729 - DEBUG -   tag: ExifIFD (34665) - type: long (4) - value: b'\x00\x00\x00\xa6'
2025-03-14 13:52:53,867 - DEBUG -   Completed channels analysis in 0.14s
2025-03-14 13:52:53,867 - INFO - [21.81s]   [21.81s]   Progress: 5/12 analysis steps completed (41.7%)
2025-03-14 13:52:53,867 - DEBUG -   Starting binwalk analysis...
2025-03-14 13:52:53,892 - DEBUG -   Completed binwalk analysis in 0.02s
2025-03-14 13:52:53,892 - INFO - [21.84s]   [21.84s]   Progress: 6/12 analysis steps completed (50.0%)
2025-03-14 13:52:53,892 - DEBUG -   Starting icc_profile analysis...
2025-03-14 13:52:53,893 - DEBUG -   tag: Orientation (274) - type: short (3) - value: b'\x00\x01'
2025-03-14 13:52:53,893 - DEBUG -   tag: XResolution (282) - type: rational (5) Tag Location: 34 - Data Location: 110 - value: b'\x00\x00\x00d\x00\x00\x00\x01'
2025-03-14 13:52:53,893 - DEBUG -   tag: YResolution (283) - type: rational (5) Tag Location: 46 - Data Location: 118 - value: b'\x00\x00\x00d\x00\x00\x00\x01'
2025-03-14 13:52:53,893 - DEBUG -   tag: ResolutionUnit (296) - type: short (3) - value: b'\x00\x02'
2025-03-14 13:52:53,893 - DEBUG -   tag: Software (305) - type: string (2) Tag Location: 70 - Data Location: 126 - value: b'Adobe Photoshop 7.0\x00'
2025-03-14 13:52:53,893 - DEBUG -   tag: DateTime (306) - type: string (2) Tag Location: 82 - Data Location: 146 - value: b'2005:05:09 13:25:53\x00'
2025-03-14 13:52:53,893 - DEBUG -   tag: YCbCrPositioning (531) - type: short (3) - value: b'\x00\x01'
2025-03-14 13:52:53,893 - DEBUG -   tag: ExifIFD (34665) - type: long (4) - value: b'\x00\x00\x00\xa6'
2025-03-14 13:52:53,893 - DEBUG -   Completed icc_profile analysis in 0.00s
2025-03-14 13:52:53,893 - INFO - [21.84s]   [21.84s]   Progress: 7/12 analysis steps completed (58.3%)
2025-03-14 13:52:53,893 - DEBUG -   Starting zip_signatures analysis...
2025-03-14 13:52:53,904 - DEBUG -   Completed zip_signatures analysis in 0.01s
2025-03-14 13:52:53,904 - INFO - [21.85s]   [21.85s]   Progress: 8/12 analysis steps completed (66.7%)
2025-03-14 13:52:53,905 - DEBUG -   Starting appended_data analysis...
2025-03-14 13:52:53,905 - INFO - [21.85s]   [21.85s]   Checking for appended data...
2025-03-14 13:52:53,905 - DEBUG -   Starting Reading file...
2025-03-14 13:52:53,905 - DEBUG -   Read 128,504 bytes
2025-03-14 13:52:53,905 - DEBUG -   Completed Reading file in 0.00s
2025-03-14 13:52:53,905 - DEBUG -   Starting Analyzing file format...
2025-03-14 13:52:53,913 - DEBUG -   Found 1 EOI markers
2025-03-14 13:52:53,914 - DEBUG -   Completed Analyzing file format in 0.01s
2025-03-14 13:52:53,914 - INFO - [21.86s]   [21.86s]   No appended data found
2025-03-14 13:52:53,914 - DEBUG -   Completed appended_data analysis in 0.01s
2025-03-14 13:52:53,914 - INFO - [21.86s]   [21.86s]   Progress: 9/12 analysis steps completed (75.0%)
2025-03-14 13:52:53,914 - DEBUG -   Starting histogram analysis...
2025-03-14 13:52:53,914 - DEBUG -   tag: Orientation (274) - type: short (3) - value: b'\x00\x01'
2025-03-14 13:52:53,914 - DEBUG -   tag: XResolution (282) - type: rational (5) Tag Location: 34 - Data Location: 110 - value: b'\x00\x00\x00d\x00\x00\x00\x01'
2025-03-14 13:52:53,914 - DEBUG -   tag: YResolution (283) - type: rational (5) Tag Location: 46 - Data Location: 118 - value: b'\x00\x00\x00d\x00\x00\x00\x01'
2025-03-14 13:52:53,914 - DEBUG -   tag: ResolutionUnit (296) - type: short (3) - value: b'\x00\x02'
2025-03-14 13:52:53,914 - DEBUG -   tag: Software (305) - type: string (2) Tag Location: 70 - Data Location: 126 - value: b'Adobe Photoshop 7.0\x00'
2025-03-14 13:52:53,914 - DEBUG -   tag: DateTime (306) - type: string (2) Tag Location: 82 - Data Location: 146 - value: b'2005:05:09 13:25:53\x00'
2025-03-14 13:52:53,914 - DEBUG -   tag: YCbCrPositioning (531) - type: short (3) - value: b'\x00\x01'
2025-03-14 13:52:53,914 - DEBUG -   tag: ExifIFD (34665) - type: long (4) - value: b'\x00\x00\x00\xa6'
2025-03-14 13:52:53,968 - DEBUG -   Completed histogram analysis in 0.05s
2025-03-14 13:52:53,968 - INFO - [21.92s]   [21.92s]   Progress: 10/12 analysis steps completed (83.3%)
2025-03-14 13:52:53,968 - DEBUG -   Starting jpeg_comments analysis...
2025-03-14 13:52:53,969 - INFO - [21.92s]   [21.92s]   Checking JPEG comment segments...
2025-03-14 13:52:53,969 - DEBUG -   Starting Reading JPEG file...
2025-03-14 13:52:53,969 - DEBUG -   Completed Reading JPEG file in 0.00s
2025-03-14 13:52:53,969 - DEBUG -   Starting Analyzing comment segments...
2025-03-14 13:52:53,977 - DEBUG -   Completed Analyzing comment segments in 0.01s
2025-03-14 13:52:53,977 - INFO - [21.92s]   [21.92s]   No suspicious patterns found in JPEG comments
2025-03-14 13:52:53,977 - DEBUG -   Completed jpeg_comments analysis in 0.01s
2025-03-14 13:52:53,977 - INFO - [21.92s]   [21.92s]   Progress: 11/12 analysis steps completed (91.7%)
2025-03-14 13:52:53,977 - DEBUG -   Starting large_metadata analysis...
2025-03-14 13:52:53,977 - INFO - [21.92s]   [21.92s]   Checking for large metadata fields...
2025-03-14 13:52:53,977 - DEBUG -   Starting Reading metadata...
2025-03-14 13:52:53,977 - DEBUG -   JPEG format recognized data[0:2]=0xFFD8
2025-03-14 13:52:53,977 - DEBUG -   data[2]=0xFF data[3]=0xE1 data[6:10]=b'Exif'
2025-03-14 13:52:53,977 - DEBUG -    Segment base 0x2
2025-03-14 13:52:53,977 - DEBUG -     APP1 at base 0x2
2025-03-14 13:52:53,977 - DEBUG -     Length: 0x1 0x2A
2025-03-14 13:52:53,977 - DEBUG -     Code: b'Exif'
2025-03-14 13:52:53,977 - DEBUG -     Decrement base by 2 to get to pre-segment header (for compatibility with later code)
2025-03-14 13:52:53,977 - DEBUG -   Endian format is M (Motorola)
2025-03-14 13:52:53,977 - DEBUG -   IFD 0 (Image) at offset 8:
2025-03-14 13:52:53,977 - DEBUG -    Orientation: (0x0112) Short=Horizontal (normal) @ 18
2025-03-14 13:52:53,977 - DEBUG -    XResolution: (0x011A) Ratio=100 @ 110
2025-03-14 13:52:53,977 - DEBUG -    YResolution: (0x011B) Ratio=100 @ 118
2025-03-14 13:52:53,977 - DEBUG -    ResolutionUnit: (0x0128) Short=Pixels/Inch @ 54
2025-03-14 13:52:53,977 - DEBUG -    Software: (0x0131) ASCII=Adobe Photoshop 7.0 @ 126
2025-03-14 13:52:53,977 - DEBUG -    DateTime: (0x0132) ASCII=2005:05:09 13:25:53 @ 146
2025-03-14 13:52:53,978 - DEBUG -    YCbCrPositioning: (0x0213) Short=Centered @ 90
2025-03-14 13:52:53,978 - DEBUG -    ExifOffset: (0x8769) Long=166 @ 102
2025-03-14 13:52:53,978 - DEBUG -   Exif SubIFD at offset 166:
2025-03-14 13:52:53,978 - DEBUG -    ExifVersion: (0x9000) Undefined=0221 @ 176
2025-03-14 13:52:53,978 - DEBUG -    DateTimeDigitized: (0x9004) ASCII=2003:03:24 13:04:08 @ 268
2025-03-14 13:52:53,978 - DEBUG -    ComponentsConfiguration: (0x9101) Undefined=YCbCr @ 200
2025-03-14 13:52:53,978 - DEBUG -    FlashPixVersion: (0xA000) Undefined=0100 @ 212
2025-03-14 13:52:53,978 - DEBUG -    ColorSpace: (0xA001) Short=sRGB @ 224
2025-03-14 13:52:53,978 - DEBUG -    ExifImageWidth: (0xA002) Long=600 @ 236
2025-03-14 13:52:53,978 - DEBUG -    ExifImageLength: (0xA003) Long=457 @ 248
2025-03-14 13:52:53,978 - DEBUG -    SceneCaptureType: (0xA406) Short=Standard @ 260
2025-03-14 13:52:53,978 - DEBUG -   Found 16 metadata tags
2025-03-14 13:52:53,978 - DEBUG -   Completed Reading metadata in 0.00s
2025-03-14 13:52:53,978 - DEBUG -   Starting Analyzing metadata fields...
2025-03-14 13:52:53,978 - DEBUG -   Completed Analyzing metadata fields in 0.00s
2025-03-14 13:52:53,978 - INFO - [21.93s]   [21.93s]   No suspicious large metadata fields found
2025-03-14 13:52:53,978 - DEBUG -   Completed large_metadata analysis in 0.00s
2025-03-14 13:52:53,978 - INFO - [21.93s]   [21.93s]   Progress: 12/12 analysis steps completed (100.0%)
2025-03-14 13:52:53,978 - INFO - [21.93s]   [21.93s]   Analysis complete - 0 total findings
2025-03-14 13:52:53,978 - INFO - [21.93s]   [21.93s]   Completed Analyzing yews_2025-03-14_Facebook_Now_Pays_Creators_For_Stories_3-13-25-8PM-2.jpg in 1.18s
2025-03-14 13:52:53,978 - INFO - [21.93s]   [21.93s]   Completed Analyzing yews_2025-03-14_Facebook_Now_Pays_Creators_For_Stories_3-13-25-8PM-2.jpg in 1.18s
2025-03-14 13:52:53,978 - INFO - [21.93s]   [21.93s]   
Analyzing file 4/30: /Users/adam/Git/stego_tools/yews_images/yews_news/2025-03-14/yews_2025-03-14_Squid_Pigments_Could_Boost_Solar_Tech_3-13-25-3PM-0.jpg
2025-03-14 13:52:53,978 - INFO - [21.93s]   [21.93s]   Starting Analyzing yews_2025-03-14_Squid_Pigments_Could_Boost_Solar_Tech_3-13-25-3PM-0.jpg...
2025-03-14 13:52:53,978 - INFO - [21.93s]   [21.93s]   Starting Analyzing yews_2025-03-14_Squid_Pigments_Could_Boost_Solar_Tech_3-13-25-3PM-0.jpg...
2025-03-14 13:52:53,978 - INFO - [21.93s]   [21.93s]   File size: 362,984 bytes
2025-03-14 13:52:53,978 - DEBUG -   Starting metadata analysis...
2025-03-14 13:52:53,979 - INFO - [21.93s]   [21.93s]   Checking metadata...
2025-03-14 13:52:53,979 - DEBUG -   Starting Reading EXIF data...
2025-03-14 13:52:53,979 - DEBUG -   JPEG format recognized data[0:2]=0xFFD8
2025-03-14 13:52:53,979 - DEBUG -   data[2]=0xFF data[3]=0xE1 data[6:10]=b'Exif'
2025-03-14 13:52:53,979 - DEBUG -    Segment base 0x2
2025-03-14 13:52:53,979 - DEBUG -     APP1 at base 0x2
2025-03-14 13:52:53,979 - DEBUG -     Length: 0x1 0x46
2025-03-14 13:52:53,979 - DEBUG -     Code: b'Exif'
2025-03-14 13:52:53,979 - DEBUG -     Decrement base by 2 to get to pre-segment header (for compatibility with later code)
2025-03-14 13:52:53,979 - DEBUG -   Endian format is M (Motorola)
2025-03-14 13:52:53,979 - DEBUG -   IFD 0 (Image) at offset 8:
2025-03-14 13:52:53,979 - DEBUG -    PhotometricInterpretation: (0x0106) Short=2 @ 18
2025-03-14 13:52:53,979 - DEBUG -    Orientation: (0x0112) Short=Horizontal (normal) @ 30
2025-03-14 13:52:53,979 - DEBUG -    XResolution: (0x011A) Ratio=300 @ 122
2025-03-14 13:52:53,979 - DEBUG -    YResolution: (0x011B) Ratio=300 @ 130
2025-03-14 13:52:53,979 - DEBUG -    ResolutionUnit: (0x0128) Short=Pixels/Inch @ 66
2025-03-14 13:52:53,979 - DEBUG -    Software: (0x0131) ASCII=Adobe Photoshop CC 2017 (Macintosh) @ 138
2025-03-14 13:52:53,979 - DEBUG -    DateTime: (0x0132) ASCII=2017:11:21 10:06:42 @ 174
2025-03-14 13:52:53,979 - DEBUG -    YCbCrPositioning: (0x0213) Short=Centered @ 102
2025-03-14 13:52:53,979 - DEBUG -    ExifOffset: (0x8769) Long=194 @ 114
2025-03-14 13:52:53,979 - DEBUG -   Exif SubIFD at offset 194:
2025-03-14 13:52:53,980 - DEBUG -    ExifVersion: (0x9000) Undefined=0221 @ 204
2025-03-14 13:52:53,980 - DEBUG -    DateTimeDigitized: (0x9004) ASCII=2013:01:31 15:17:14 @ 296
2025-03-14 13:52:53,980 - DEBUG -    ComponentsConfiguration: (0x9101) Undefined=YCbCr @ 228
2025-03-14 13:52:53,980 - DEBUG -    FlashPixVersion: (0xA000) Undefined=0100 @ 240
2025-03-14 13:52:53,980 - DEBUG -    ColorSpace: (0xA001) Short=Uncalibrated @ 252
2025-03-14 13:52:53,980 - DEBUG -    ExifImageWidth: (0xA002) Long=867 @ 264
2025-03-14 13:52:53,980 - DEBUG -    ExifImageLength: (0xA003) Long=1110 @ 276
2025-03-14 13:52:53,980 - DEBUG -    SceneCaptureType: (0xA406) Short=Standard @ 288
2025-03-14 13:52:53,980 - DEBUG -   Found 17 EXIF tags
2025-03-14 13:52:53,980 - DEBUG -   Completed Reading EXIF data in 0.00s
2025-03-14 13:52:53,980 - DEBUG -   Starting Analyzing metadata content...
2025-03-14 13:52:53,980 - INFO - [21.93s]   [21.93s]   No suspicious patterns found in metadata
2025-03-14 13:52:53,980 - DEBUG -   Completed Analyzing metadata content in 0.00s
2025-03-14 13:52:53,980 - DEBUG -   Completed metadata analysis in 0.00s
2025-03-14 13:52:53,980 - INFO - [21.93s]   [21.93s]   Progress: 1/12 analysis steps completed (8.3%)
2025-03-14 13:52:53,980 - DEBUG -   Starting raw_bytes analysis...
2025-03-14 13:52:53,980 - INFO - [21.93s]   [21.93s]   Checking raw bytes...
2025-03-14 13:52:53,980 - DEBUG -   Starting Reading file content...
2025-03-14 13:52:53,980 - DEBUG -   Read 362,984 bytes
2025-03-14 13:52:53,980 - DEBUG -   Completed Reading file content in 0.00s
2025-03-14 13:52:53,980 - DEBUG -   Starting Analyzing ASCII content...
2025-03-14 13:52:53,983 - DEBUG -   Completed Analyzing ASCII content in 0.00s
2025-03-14 13:52:53,983 - DEBUG -   Starting Analyzing hex content...
2025-03-14 13:52:53,985 - DEBUG -   Completed Analyzing hex content in 0.00s
2025-03-14 13:52:53,985 - DEBUG -   Starting Checking base64 variants...
2025-03-14 13:52:53,986 - DEBUG -   Completed Checking base64 variants in 0.00s
2025-03-14 13:52:53,986 - DEBUG -   Starting Analyzing suspicious patterns...
2025-03-14 13:52:54,024 - WARNING - [21.97s]   [21.97s]   Suspicious substring in raw data: Steganography tool reference: f5
2025-03-14 13:52:54,024 - DEBUG -   Completed Analyzing suspicious patterns in 0.04s
2025-03-14 13:52:54,024 - INFO - [21.97s]   [21.97s]   Found 1 suspicious patterns in raw bytes
2025-03-14 13:52:54,024 - DEBUG -   Completed raw_bytes analysis in 0.04s
2025-03-14 13:52:54,024 - INFO - [21.97s]   [21.97s]   Progress: 2/12 analysis steps completed (16.7%)
2025-03-14 13:52:54,024 - DEBUG -   Starting binary_patterns analysis...
2025-03-14 13:52:54,369 - DEBUG -   Completed binary_patterns analysis in 0.34s
2025-03-14 13:52:54,369 - INFO - [22.32s]   [22.32s]   Progress: 3/12 analysis steps completed (25.0%)
2025-03-14 13:52:54,369 - DEBUG -   Starting lsb analysis...
2025-03-14 13:52:54,369 - DEBUG -   tag: PhotometricInterpretation (262) - type: short (3) - value: b'\x00\x02'
2025-03-14 13:52:54,369 - DEBUG -   tag: Orientation (274) - type: short (3) - value: b'\x00\x01'
2025-03-14 13:52:54,369 - DEBUG -   tag: XResolution (282) - type: rational (5) Tag Location: 46 - Data Location: 122 - value: b'\x00\x00\x01,\x00\x00\x00\x01'
2025-03-14 13:52:54,369 - DEBUG -   tag: YResolution (283) - type: rational (5) Tag Location: 58 - Data Location: 130 - value: b'\x00\x00\x01,\x00\x00\x00\x01'
2025-03-14 13:52:54,369 - DEBUG -   tag: ResolutionUnit (296) - type: short (3) - value: b'\x00\x02'
2025-03-14 13:52:54,369 - DEBUG -   tag: Software (305) - type: string (2) Tag Location: 82 - Data Location: 138 - value: <table: 36 bytes>
2025-03-14 13:52:54,369 - DEBUG -   tag: DateTime (306) - type: string (2) Tag Location: 94 - Data Location: 174 - value: b'2017:11:21 10:06:42\x00'
2025-03-14 13:52:54,369 - DEBUG -   tag: YCbCrPositioning (531) - type: short (3) - value: b'\x00\x01'
2025-03-14 13:52:54,369 - DEBUG -   tag: ExifIFD (34665) - type: long (4) - value: b'\x00\x00\x00\xc2'
2025-03-14 13:52:57,196 - DEBUG -   Completed lsb analysis in 2.83s
2025-03-14 13:52:57,196 - INFO - [25.14s]   [25.14s]   Progress: 4/12 analysis steps completed (33.3%)
2025-03-14 13:52:57,196 - DEBUG -   Starting channels analysis...
2025-03-14 13:52:57,196 - DEBUG -   tag: PhotometricInterpretation (262) - type: short (3) - value: b'\x00\x02'
2025-03-14 13:52:57,196 - DEBUG -   tag: Orientation (274) - type: short (3) - value: b'\x00\x01'
2025-03-14 13:52:57,196 - DEBUG -   tag: XResolution (282) - type: rational (5) Tag Location: 46 - Data Location: 122 - value: b'\x00\x00\x01,\x00\x00\x00\x01'
2025-03-14 13:52:57,196 - DEBUG -   tag: YResolution (283) - type: rational (5) Tag Location: 58 - Data Location: 130 - value: b'\x00\x00\x01,\x00\x00\x00\x01'
2025-03-14 13:52:57,196 - DEBUG -   tag: ResolutionUnit (296) - type: short (3) - value: b'\x00\x02'
2025-03-14 13:52:57,196 - DEBUG -   tag: Software (305) - type: string (2) Tag Location: 82 - Data Location: 138 - value: <table: 36 bytes>
2025-03-14 13:52:57,196 - DEBUG -   tag: DateTime (306) - type: string (2) Tag Location: 94 - Data Location: 174 - value: b'2017:11:21 10:06:42\x00'
2025-03-14 13:52:57,196 - DEBUG -   tag: YCbCrPositioning (531) - type: short (3) - value: b'\x00\x01'
2025-03-14 13:52:57,196 - DEBUG -   tag: ExifIFD (34665) - type: long (4) - value: b'\x00\x00\x00\xc2'
2025-03-14 13:52:57,620 - DEBUG -   Completed channels analysis in 0.42s
2025-03-14 13:52:57,620 - INFO - [25.57s]   [25.57s]   Progress: 5/12 analysis steps completed (41.7%)
2025-03-14 13:52:57,620 - DEBUG -   Starting binwalk analysis...
2025-03-14 13:52:57,660 - DEBUG -   Completed binwalk analysis in 0.04s
2025-03-14 13:52:57,660 - INFO - [25.61s]   [25.61s]   Progress: 6/12 analysis steps completed (50.0%)
2025-03-14 13:52:57,660 - DEBUG -   Starting icc_profile analysis...
2025-03-14 13:52:57,660 - DEBUG -   tag: PhotometricInterpretation (262) - type: short (3) - value: b'\x00\x02'
2025-03-14 13:52:57,660 - DEBUG -   tag: Orientation (274) - type: short (3) - value: b'\x00\x01'
2025-03-14 13:52:57,660 - DEBUG -   tag: XResolution (282) - type: rational (5) Tag Location: 46 - Data Location: 122 - value: b'\x00\x00\x01,\x00\x00\x00\x01'
2025-03-14 13:52:57,660 - DEBUG -   tag: YResolution (283) - type: rational (5) Tag Location: 58 - Data Location: 130 - value: b'\x00\x00\x01,\x00\x00\x00\x01'
2025-03-14 13:52:57,660 - DEBUG -   tag: ResolutionUnit (296) - type: short (3) - value: b'\x00\x02'
2025-03-14 13:52:57,660 - DEBUG -   tag: Software (305) - type: string (2) Tag Location: 82 - Data Location: 138 - value: <table: 36 bytes>
2025-03-14 13:52:57,660 - DEBUG -   tag: DateTime (306) - type: string (2) Tag Location: 94 - Data Location: 174 - value: b'2017:11:21 10:06:42\x00'
2025-03-14 13:52:57,661 - DEBUG -   tag: YCbCrPositioning (531) - type: short (3) - value: b'\x00\x01'
2025-03-14 13:52:57,661 - DEBUG -   tag: ExifIFD (34665) - type: long (4) - value: b'\x00\x00\x00\xc2'
2025-03-14 13:52:57,661 - DEBUG -   Completed icc_profile analysis in 0.00s
2025-03-14 13:52:57,661 - INFO - [25.61s]   [25.61s]   Progress: 7/12 analysis steps completed (58.3%)
2025-03-14 13:52:57,661 - DEBUG -   Starting zip_signatures analysis...
2025-03-14 13:52:57,690 - DEBUG -   Completed zip_signatures analysis in 0.03s
2025-03-14 13:52:57,690 - INFO - [25.64s]   [25.64s]   Progress: 8/12 analysis steps completed (66.7%)
2025-03-14 13:52:57,690 - DEBUG -   Starting appended_data analysis...
2025-03-14 13:52:57,690 - INFO - [25.64s]   [25.64s]   Checking for appended data...
2025-03-14 13:52:57,691 - DEBUG -   Starting Reading file...
2025-03-14 13:52:57,691 - DEBUG -   Read 362,984 bytes
2025-03-14 13:52:57,691 - DEBUG -   Completed Reading file in 0.00s
2025-03-14 13:52:57,691 - DEBUG -   Starting Analyzing file format...
2025-03-14 13:52:57,713 - DEBUG -   Found 1 EOI markers
2025-03-14 13:52:57,714 - DEBUG -   Completed Analyzing file format in 0.02s
2025-03-14 13:52:57,714 - INFO - [25.66s]   [25.66s]   No appended data found
2025-03-14 13:52:57,714 - DEBUG -   Completed appended_data analysis in 0.02s
2025-03-14 13:52:57,714 - INFO - [25.66s]   [25.66s]   Progress: 9/12 analysis steps completed (75.0%)
2025-03-14 13:52:57,714 - DEBUG -   Starting histogram analysis...
2025-03-14 13:52:57,714 - DEBUG -   tag: PhotometricInterpretation (262) - type: short (3) - value: b'\x00\x02'
2025-03-14 13:52:57,714 - DEBUG -   tag: Orientation (274) - type: short (3) - value: b'\x00\x01'
2025-03-14 13:52:57,714 - DEBUG -   tag: XResolution (282) - type: rational (5) Tag Location: 46 - Data Location: 122 - value: b'\x00\x00\x01,\x00\x00\x00\x01'
2025-03-14 13:52:57,714 - DEBUG -   tag: YResolution (283) - type: rational (5) Tag Location: 58 - Data Location: 130 - value: b'\x00\x00\x01,\x00\x00\x00\x01'
2025-03-14 13:52:57,714 - DEBUG -   tag: ResolutionUnit (296) - type: short (3) - value: b'\x00\x02'
2025-03-14 13:52:57,714 - DEBUG -   tag: Software (305) - type: string (2) Tag Location: 82 - Data Location: 138 - value: <table: 36 bytes>
2025-03-14 13:52:57,714 - DEBUG -   tag: DateTime (306) - type: string (2) Tag Location: 94 - Data Location: 174 - value: b'2017:11:21 10:06:42\x00'
2025-03-14 13:52:57,714 - DEBUG -   tag: YCbCrPositioning (531) - type: short (3) - value: b'\x00\x01'
2025-03-14 13:52:57,714 - DEBUG -   tag: ExifIFD (34665) - type: long (4) - value: b'\x00\x00\x00\xc2'
2025-03-14 13:52:57,928 - DEBUG -   Completed histogram analysis in 0.21s
2025-03-14 13:52:57,929 - INFO - [25.88s]   [25.88s]   Progress: 10/12 analysis steps completed (83.3%)
2025-03-14 13:52:57,929 - DEBUG -   Starting jpeg_comments analysis...
2025-03-14 13:52:57,929 - INFO - [25.88s]   [25.88s]   Checking JPEG comment segments...
2025-03-14 13:52:57,929 - DEBUG -   Starting Reading JPEG file...
2025-03-14 13:52:57,929 - DEBUG -   Completed Reading JPEG file in 0.00s
2025-03-14 13:52:57,929 - DEBUG -   Starting Analyzing comment segments...
2025-03-14 13:52:57,953 - DEBUG -   Completed Analyzing comment segments in 0.02s
2025-03-14 13:52:57,953 - INFO - [25.90s]   [25.90s]   No suspicious patterns found in JPEG comments
2025-03-14 13:52:57,953 - DEBUG -   Completed jpeg_comments analysis in 0.02s
2025-03-14 13:52:57,953 - INFO - [25.90s]   [25.90s]   Progress: 11/12 analysis steps completed (91.7%)
2025-03-14 13:52:57,953 - DEBUG -   Starting large_metadata analysis...
2025-03-14 13:52:57,953 - INFO - [25.90s]   [25.90s]   Checking for large metadata fields...
2025-03-14 13:52:57,953 - DEBUG -   Starting Reading metadata...
2025-03-14 13:52:57,953 - DEBUG -   JPEG format recognized data[0:2]=0xFFD8
2025-03-14 13:52:57,953 - DEBUG -   data[2]=0xFF data[3]=0xE1 data[6:10]=b'Exif'
2025-03-14 13:52:57,953 - DEBUG -    Segment base 0x2
2025-03-14 13:52:57,953 - DEBUG -     APP1 at base 0x2
2025-03-14 13:52:57,953 - DEBUG -     Length: 0x1 0x46
2025-03-14 13:52:57,953 - DEBUG -     Code: b'Exif'
2025-03-14 13:52:57,953 - DEBUG -     Decrement base by 2 to get to pre-segment header (for compatibility with later code)
2025-03-14 13:52:57,953 - DEBUG -   Endian format is M (Motorola)
2025-03-14 13:52:57,953 - DEBUG -   IFD 0 (Image) at offset 8:
2025-03-14 13:52:57,953 - DEBUG -    PhotometricInterpretation: (0x0106) Short=2 @ 18
2025-03-14 13:52:57,953 - DEBUG -    Orientation: (0x0112) Short=Horizontal (normal) @ 30
2025-03-14 13:52:57,953 - DEBUG -    XResolution: (0x011A) Ratio=300 @ 122
2025-03-14 13:52:57,953 - DEBUG -    YResolution: (0x011B) Ratio=300 @ 130
2025-03-14 13:52:57,953 - DEBUG -    ResolutionUnit: (0x0128) Short=Pixels/Inch @ 66
2025-03-14 13:52:57,953 - DEBUG -    Software: (0x0131) ASCII=Adobe Photoshop CC 2017 (Macintosh) @ 138
2025-03-14 13:52:57,953 - DEBUG -    DateTime: (0x0132) ASCII=2017:11:21 10:06:42 @ 174
2025-03-14 13:52:57,954 - DEBUG -    YCbCrPositioning: (0x0213) Short=Centered @ 102
2025-03-14 13:52:57,954 - DEBUG -    ExifOffset: (0x8769) Long=194 @ 114
2025-03-14 13:52:57,954 - DEBUG -   Exif SubIFD at offset 194:
2025-03-14 13:52:57,954 - DEBUG -    ExifVersion: (0x9000) Undefined=0221 @ 204
2025-03-14 13:52:57,954 - DEBUG -    DateTimeDigitized: (0x9004) ASCII=2013:01:31 15:17:14 @ 296
2025-03-14 13:52:57,954 - DEBUG -    ComponentsConfiguration: (0x9101) Undefined=YCbCr @ 228
2025-03-14 13:52:57,954 - DEBUG -    FlashPixVersion: (0xA000) Undefined=0100 @ 240
2025-03-14 13:52:57,954 - DEBUG -    ColorSpace: (0xA001) Short=Uncalibrated @ 252
2025-03-14 13:52:57,954 - DEBUG -    ExifImageWidth: (0xA002) Long=867 @ 264
2025-03-14 13:52:57,954 - DEBUG -    ExifImageLength: (0xA003) Long=1110 @ 276
2025-03-14 13:52:57,954 - DEBUG -    SceneCaptureType: (0xA406) Short=Standard @ 288
2025-03-14 13:52:57,954 - DEBUG -   Found 17 metadata tags
2025-03-14 13:52:57,954 - DEBUG -   Completed Reading metadata in 0.00s
2025-03-14 13:52:57,954 - DEBUG -   Starting Analyzing metadata fields...
2025-03-14 13:52:57,954 - DEBUG -   Completed Analyzing metadata fields in 0.00s
2025-03-14 13:52:57,954 - INFO - [25.90s]   [25.90s]   No suspicious large metadata fields found
2025-03-14 13:52:57,954 - DEBUG -   Completed large_metadata analysis in 0.00s
2025-03-14 13:52:57,954 - INFO - [25.90s]   [25.90s]   Progress: 12/12 analysis steps completed (100.0%)
2025-03-14 13:52:57,954 - INFO - [25.90s]   [25.90s]   Analysis complete - 0 total findings
2025-03-14 13:52:57,954 - INFO - [25.90s]   [25.90s]   Completed Analyzing yews_2025-03-14_Squid_Pigments_Could_Boost_Solar_Tech_3-13-25-3PM-0.jpg in 3.98s
2025-03-14 13:52:57,954 - INFO - [25.90s]   [25.90s]   Completed Analyzing yews_2025-03-14_Squid_Pigments_Could_Boost_Solar_Tech_3-13-25-3PM-0.jpg in 3.98s
2025-03-14 13:52:57,954 - INFO - [25.90s]   [25.90s]   
Analyzing file 5/30: /Users/adam/Git/stego_tools/yews_images/yews_news/2025-03-14/yews_2025-03-14_Putin_Rejects_Ceasefire_Deal_3-13-25-10AM-6.jpg
2025-03-14 13:52:57,954 - INFO - [25.90s]   [25.90s]   Starting Analyzing yews_2025-03-14_Putin_Rejects_Ceasefire_Deal_3-13-25-10AM-6.jpg...
2025-03-14 13:52:57,954 - INFO - [25.90s]   [25.90s]   Starting Analyzing yews_2025-03-14_Putin_Rejects_Ceasefire_Deal_3-13-25-10AM-6.jpg...
2025-03-14 13:52:57,954 - INFO - [25.90s]   [25.90s]   File size: 502,847 bytes
2025-03-14 13:52:57,954 - DEBUG -   Starting metadata analysis...
2025-03-14 13:52:57,954 - INFO - [25.90s]   [25.90s]   Checking metadata...
2025-03-14 13:52:57,954 - DEBUG -   Starting Reading EXIF data...
2025-03-14 13:52:57,955 - DEBUG -   JPEG format recognized data[0:2]=0xFFD8
2025-03-14 13:52:57,955 - DEBUG -   data[2]=0xFF data[3]=0xE1 data[6:10]=b'Exif'
2025-03-14 13:52:57,955 - DEBUG -    Segment base 0x2
2025-03-14 13:52:57,955 - DEBUG -     APP1 at base 0x2
2025-03-14 13:52:57,955 - DEBUG -     Length: 0xF 0xFE
2025-03-14 13:52:57,955 - DEBUG -     Code: b'Exif'
2025-03-14 13:52:57,955 - DEBUG -     Decrement base by 2 to get to pre-segment header (for compatibility with later code)
2025-03-14 13:52:57,955 - DEBUG -   Endian format is M (Motorola)
2025-03-14 13:52:57,955 - DEBUG -   IFD 0 (Image) at offset 8:
2025-03-14 13:52:57,955 - DEBUG -    PhotometricInterpretation: (0x0106) Short=2 @ 18
2025-03-14 13:52:57,955 - DEBUG -    Orientation: (0x0112) Short=Horizontal (normal) @ 30
2025-03-14 13:52:57,955 - DEBUG -    XResolution: (0x011A) Ratio=72 @ 98
2025-03-14 13:52:57,955 - DEBUG -    YResolution: (0x011B) Ratio=72 @ 106
2025-03-14 13:52:57,955 - DEBUG -    ResolutionUnit: (0x0128) Short=Pixels/Inch @ 66
2025-03-14 13:52:57,955 - DEBUG -    YCbCrPositioning: (0x0213) Short=Centered @ 78
2025-03-14 13:52:57,955 - DEBUG -    ExifOffset: (0x8769) Long=114 @ 90
2025-03-14 13:52:57,955 - DEBUG -   Exif SubIFD at offset 114:
2025-03-14 13:52:57,955 - DEBUG -    ExifVersion: (0x9000) Undefined=0210 @ 124
2025-03-14 13:52:57,955 - DEBUG -    ComponentsConfiguration: (0x9101) Undefined=YCbCr @ 136
2025-03-14 13:52:57,955 - DEBUG -    FlashPixVersion: (0xA000) Undefined=0100 @ 148
2025-03-14 13:52:57,955 - DEBUG -    ColorSpace: (0xA001) Short=Uncalibrated @ 160
2025-03-14 13:52:57,955 - DEBUG -    ExifImageWidth: (0xA002) Long=900 @ 172
2025-03-14 13:52:57,955 - DEBUG -    ExifImageLength: (0xA003) Long=564 @ 184
2025-03-14 13:52:57,955 - DEBUG -    SceneCaptureType: (0xA406) Short=Standard @ 196
2025-03-14 13:52:57,955 - DEBUG -   Found 14 EXIF tags
2025-03-14 13:52:57,955 - DEBUG -   Completed Reading EXIF data in 0.00s
2025-03-14 13:52:57,955 - DEBUG -   Starting Analyzing metadata content...
2025-03-14 13:52:57,955 - INFO - [25.90s]   [25.90s]   No suspicious patterns found in metadata
2025-03-14 13:52:57,955 - DEBUG -   Completed Analyzing metadata content in 0.00s
2025-03-14 13:52:57,955 - DEBUG -   Completed metadata analysis in 0.00s
2025-03-14 13:52:57,955 - INFO - [25.90s]   [25.90s]   Progress: 1/12 analysis steps completed (8.3%)
2025-03-14 13:52:57,955 - DEBUG -   Starting raw_bytes analysis...
2025-03-14 13:52:57,955 - INFO - [25.90s]   [25.90s]   Checking raw bytes...
2025-03-14 13:52:57,955 - DEBUG -   Starting Reading file content...
2025-03-14 13:52:57,956 - DEBUG -   Read 502,847 bytes
2025-03-14 13:52:57,956 - DEBUG -   Completed Reading file content in 0.00s
2025-03-14 13:52:57,956 - DEBUG -   Starting Analyzing ASCII content...
2025-03-14 13:52:57,960 - DEBUG -   Completed Analyzing ASCII content in 0.00s
2025-03-14 13:52:57,960 - DEBUG -   Starting Analyzing hex content...
2025-03-14 13:52:57,961 - DEBUG -   Completed Analyzing hex content in 0.00s
2025-03-14 13:52:57,961 - DEBUG -   Starting Checking base64 variants...
2025-03-14 13:52:57,963 - DEBUG -   Completed Checking base64 variants in 0.00s
2025-03-14 13:52:57,963 - DEBUG -   Starting Analyzing suspicious patterns...
2025-03-14 13:52:58,021 - WARNING - [25.97s]   [25.97s]   Suspicious substring in raw data: Steganography tool reference: f5
2025-03-14 13:52:58,021 - DEBUG -   Completed Analyzing suspicious patterns in 0.06s
2025-03-14 13:52:58,021 - INFO - [25.97s]   [25.97s]   Found 1 suspicious patterns in raw bytes
2025-03-14 13:52:58,022 - DEBUG -   Completed raw_bytes analysis in 0.07s
2025-03-14 13:52:58,023 - INFO - [25.97s]   [25.97s]   Progress: 2/12 analysis steps completed (16.7%)
2025-03-14 13:52:58,023 - DEBUG -   Starting binary_patterns analysis...
2025-03-14 13:52:58,491 - DEBUG -   Completed binary_patterns analysis in 0.47s
2025-03-14 13:52:58,491 - INFO - [26.44s]   [26.44s]   Progress: 3/12 analysis steps completed (25.0%)
2025-03-14 13:52:58,491 - DEBUG -   Starting lsb analysis...
2025-03-14 13:52:58,491 - DEBUG -   tag: PhotometricInterpretation (262) - type: short (3) - value: b'\x00\x02'
2025-03-14 13:52:58,491 - DEBUG -   tag: Orientation (274) - type: short (3) - value: b'\x00\x01'
2025-03-14 13:52:58,491 - DEBUG -   tag: XResolution (282) - type: rational (5) Tag Location: 46 - Data Location: 98 - value: b'\x00\x00\x00H\x00\x00\x00\x01'
2025-03-14 13:52:58,491 - DEBUG -   tag: YResolution (283) - type: rational (5) Tag Location: 58 - Data Location: 106 - value: b'\x00\x00\x00H\x00\x00\x00\x01'
2025-03-14 13:52:58,492 - DEBUG -   tag: ResolutionUnit (296) - type: short (3) - value: b'\x00\x02'
2025-03-14 13:52:58,492 - DEBUG -   tag: YCbCrPositioning (531) - type: short (3) - value: b'\x00\x01'
2025-03-14 13:52:58,492 - DEBUG -   tag: ExifIFD (34665) - type: long (4) - value: b'\x00\x00\x00r'
2025-03-14 13:53:00,405 - DEBUG -   Completed lsb analysis in 1.91s
2025-03-14 13:53:00,405 - INFO - [28.35s]   [28.35s]   Progress: 4/12 analysis steps completed (33.3%)
2025-03-14 13:53:00,405 - DEBUG -   Starting channels analysis...
2025-03-14 13:53:00,406 - DEBUG -   tag: PhotometricInterpretation (262) - type: short (3) - value: b'\x00\x02'
2025-03-14 13:53:00,406 - DEBUG -   tag: Orientation (274) - type: short (3) - value: b'\x00\x01'
2025-03-14 13:53:00,406 - DEBUG -   tag: XResolution (282) - type: rational (5) Tag Location: 46 - Data Location: 98 - value: b'\x00\x00\x00H\x00\x00\x00\x01'
2025-03-14 13:53:00,406 - DEBUG -   tag: YResolution (283) - type: rational (5) Tag Location: 58 - Data Location: 106 - value: b'\x00\x00\x00H\x00\x00\x00\x01'
2025-03-14 13:53:00,406 - DEBUG -   tag: ResolutionUnit (296) - type: short (3) - value: b'\x00\x02'
2025-03-14 13:53:00,406 - DEBUG -   tag: YCbCrPositioning (531) - type: short (3) - value: b'\x00\x01'
2025-03-14 13:53:00,406 - DEBUG -   tag: ExifIFD (34665) - type: long (4) - value: b'\x00\x00\x00r'
2025-03-14 13:53:00,642 - DEBUG -   Completed channels analysis in 0.24s
2025-03-14 13:53:00,642 - INFO - [28.59s]   [28.59s]   Progress: 5/12 analysis steps completed (41.7%)
2025-03-14 13:53:00,642 - DEBUG -   Starting binwalk analysis...
2025-03-14 13:53:00,666 - DEBUG -   Completed binwalk analysis in 0.02s
2025-03-14 13:53:00,667 - INFO - [28.61s]   [28.61s]   Progress: 6/12 analysis steps completed (50.0%)
2025-03-14 13:53:00,667 - DEBUG -   Starting icc_profile analysis...
2025-03-14 13:53:00,667 - DEBUG -   tag: PhotometricInterpretation (262) - type: short (3) - value: b'\x00\x02'
2025-03-14 13:53:00,667 - DEBUG -   tag: Orientation (274) - type: short (3) - value: b'\x00\x01'
2025-03-14 13:53:00,667 - DEBUG -   tag: XResolution (282) - type: rational (5) Tag Location: 46 - Data Location: 98 - value: b'\x00\x00\x00H\x00\x00\x00\x01'
2025-03-14 13:53:00,667 - DEBUG -   tag: YResolution (283) - type: rational (5) Tag Location: 58 - Data Location: 106 - value: b'\x00\x00\x00H\x00\x00\x00\x01'
2025-03-14 13:53:00,667 - DEBUG -   tag: ResolutionUnit (296) - type: short (3) - value: b'\x00\x02'
2025-03-14 13:53:00,667 - DEBUG -   tag: YCbCrPositioning (531) - type: short (3) - value: b'\x00\x01'
2025-03-14 13:53:00,667 - DEBUG -   tag: ExifIFD (34665) - type: long (4) - value: b'\x00\x00\x00r'
2025-03-14 13:53:00,667 - DEBUG -   Completed icc_profile analysis in 0.00s
2025-03-14 13:53:00,667 - INFO - [28.61s]   [28.61s]   Progress: 7/12 analysis steps completed (58.3%)
2025-03-14 13:53:00,667 - DEBUG -   Starting zip_signatures analysis...
2025-03-14 13:53:00,711 - DEBUG -   Completed zip_signatures analysis in 0.04s
2025-03-14 13:53:00,711 - INFO - [28.66s]   [28.66s]   Progress: 8/12 analysis steps completed (66.7%)
2025-03-14 13:53:00,711 - DEBUG -   Starting appended_data analysis...
2025-03-14 13:53:00,711 - INFO - [28.66s]   [28.66s]   Checking for appended data...
2025-03-14 13:53:00,711 - DEBUG -   Starting Reading file...
2025-03-14 13:53:00,711 - DEBUG -   Read 502,847 bytes
2025-03-14 13:53:00,711 - DEBUG -   Completed Reading file in 0.00s
2025-03-14 13:53:00,711 - DEBUG -   Starting Analyzing file format...
2025-03-14 13:53:00,743 - DEBUG -   Found 1 EOI markers
2025-03-14 13:53:00,743 - DEBUG -   Completed Analyzing file format in 0.03s
2025-03-14 13:53:00,743 - INFO - [28.69s]   [28.69s]   No appended data found
2025-03-14 13:53:00,743 - DEBUG -   Completed appended_data analysis in 0.03s
2025-03-14 13:53:00,743 - INFO - [28.69s]   [28.69s]   Progress: 9/12 analysis steps completed (75.0%)
2025-03-14 13:53:00,744 - DEBUG -   Starting histogram analysis...
2025-03-14 13:53:00,744 - DEBUG -   tag: PhotometricInterpretation (262) - type: short (3) - value: b'\x00\x02'
2025-03-14 13:53:00,744 - DEBUG -   tag: Orientation (274) - type: short (3) - value: b'\x00\x01'
2025-03-14 13:53:00,744 - DEBUG -   tag: XResolution (282) - type: rational (5) Tag Location: 46 - Data Location: 98 - value: b'\x00\x00\x00H\x00\x00\x00\x01'
2025-03-14 13:53:00,744 - DEBUG -   tag: YResolution (283) - type: rational (5) Tag Location: 58 - Data Location: 106 - value: b'\x00\x00\x00H\x00\x00\x00\x01'
2025-03-14 13:53:00,744 - DEBUG -   tag: ResolutionUnit (296) - type: short (3) - value: b'\x00\x02'
2025-03-14 13:53:00,744 - DEBUG -   tag: YCbCrPositioning (531) - type: short (3) - value: b'\x00\x01'
2025-03-14 13:53:00,744 - DEBUG -   tag: ExifIFD (34665) - type: long (4) - value: b'\x00\x00\x00r'
2025-03-14 13:53:00,861 - DEBUG -   Completed histogram analysis in 0.12s
2025-03-14 13:53:00,861 - INFO - [28.81s]   [28.81s]   Progress: 10/12 analysis steps completed (83.3%)
2025-03-14 13:53:00,861 - DEBUG -   Starting jpeg_comments analysis...
2025-03-14 13:53:00,861 - INFO - [28.81s]   [28.81s]   Checking JPEG comment segments...
2025-03-14 13:53:00,861 - DEBUG -   Starting Reading JPEG file...
2025-03-14 13:53:00,861 - DEBUG -   Completed Reading JPEG file in 0.00s
2025-03-14 13:53:00,861 - DEBUG -   Starting Analyzing comment segments...
2025-03-14 13:53:00,892 - DEBUG -   Completed Analyzing comment segments in 0.03s
2025-03-14 13:53:00,892 - INFO - [28.84s]   [28.84s]   No suspicious patterns found in JPEG comments
2025-03-14 13:53:00,892 - DEBUG -   Completed jpeg_comments analysis in 0.03s
2025-03-14 13:53:00,892 - INFO - [28.84s]   [28.84s]   Progress: 11/12 analysis steps completed (91.7%)
2025-03-14 13:53:00,892 - DEBUG -   Starting large_metadata analysis...
2025-03-14 13:53:00,892 - INFO - [28.84s]   [28.84s]   Checking for large metadata fields...
2025-03-14 13:53:00,892 - DEBUG -   Starting Reading metadata...
2025-03-14 13:53:00,892 - DEBUG -   JPEG format recognized data[0:2]=0xFFD8
2025-03-14 13:53:00,892 - DEBUG -   data[2]=0xFF data[3]=0xE1 data[6:10]=b'Exif'
2025-03-14 13:53:00,892 - DEBUG -    Segment base 0x2
2025-03-14 13:53:00,892 - DEBUG -     APP1 at base 0x2
2025-03-14 13:53:00,892 - DEBUG -     Length: 0xF 0xFE
2025-03-14 13:53:00,892 - DEBUG -     Code: b'Exif'
2025-03-14 13:53:00,892 - DEBUG -     Decrement base by 2 to get to pre-segment header (for compatibility with later code)
2025-03-14 13:53:00,892 - DEBUG -   Endian format is M (Motorola)
2025-03-14 13:53:00,892 - DEBUG -   IFD 0 (Image) at offset 8:
2025-03-14 13:53:00,892 - DEBUG -    PhotometricInterpretation: (0x0106) Short=2 @ 18
2025-03-14 13:53:00,892 - DEBUG -    Orientation: (0x0112) Short=Horizontal (normal) @ 30
2025-03-14 13:53:00,892 - DEBUG -    XResolution: (0x011A) Ratio=72 @ 98
2025-03-14 13:53:00,892 - DEBUG -    YResolution: (0x011B) Ratio=72 @ 106
2025-03-14 13:53:00,892 - DEBUG -    ResolutionUnit: (0x0128) Short=Pixels/Inch @ 66
2025-03-14 13:53:00,892 - DEBUG -    YCbCrPositioning: (0x0213) Short=Centered @ 78
2025-03-14 13:53:00,892 - DEBUG -    ExifOffset: (0x8769) Long=114 @ 90
2025-03-14 13:53:00,892 - DEBUG -   Exif SubIFD at offset 114:
2025-03-14 13:53:00,892 - DEBUG -    ExifVersion: (0x9000) Undefined=0210 @ 124
2025-03-14 13:53:00,892 - DEBUG -    ComponentsConfiguration: (0x9101) Undefined=YCbCr @ 136
2025-03-14 13:53:00,892 - DEBUG -    FlashPixVersion: (0xA000) Undefined=0100 @ 148
2025-03-14 13:53:00,892 - DEBUG -    ColorSpace: (0xA001) Short=Uncalibrated @ 160
2025-03-14 13:53:00,892 - DEBUG -    ExifImageWidth: (0xA002) Long=900 @ 172
2025-03-14 13:53:00,892 - DEBUG -    ExifImageLength: (0xA003) Long=564 @ 184
2025-03-14 13:53:00,892 - DEBUG -    SceneCaptureType: (0xA406) Short=Standard @ 196
2025-03-14 13:53:00,892 - DEBUG -   Found 14 metadata tags
2025-03-14 13:53:00,892 - DEBUG -   Completed Reading metadata in 0.00s
2025-03-14 13:53:00,892 - DEBUG -   Starting Analyzing metadata fields...
2025-03-14 13:53:00,892 - DEBUG -   Completed Analyzing metadata fields in 0.00s
2025-03-14 13:53:00,892 - INFO - [28.84s]   [28.84s]   No suspicious large metadata fields found
2025-03-14 13:53:00,892 - DEBUG -   Completed large_metadata analysis in 0.00s
2025-03-14 13:53:00,892 - INFO - [28.84s]   [28.84s]   Progress: 12/12 analysis steps completed (100.0%)
2025-03-14 13:53:00,893 - INFO - [28.84s]   [28.84s]   Analysis complete - 0 total findings
2025-03-14 13:53:00,893 - INFO - [28.84s]   [28.84s]   Completed Analyzing yews_2025-03-14_Putin_Rejects_Ceasefire_Deal_3-13-25-10AM-6.jpg in 2.94s
2025-03-14 13:53:00,893 - INFO - [28.84s]   [28.84s]   Completed Analyzing yews_2025-03-14_Putin_Rejects_Ceasefire_Deal_3-13-25-10AM-6.jpg in 2.94s
2025-03-14 13:53:00,893 - INFO - [28.84s]   [28.84s]   
Analyzing file 6/30: /Users/adam/Git/stego_tools/yews_images/yews_news/2025-03-14/yews_2025-03-14_Argentine_Protesters_Clash_With_Police_3-13-25-3PM-3.jpg
2025-03-14 13:53:00,893 - INFO - [28.84s]   [28.84s]   Starting Analyzing yews_2025-03-14_Argentine_Protesters_Clash_With_Police_3-13-25-3PM-3.jpg...
2025-03-14 13:53:00,893 - INFO - [28.84s]   [28.84s]   Starting Analyzing yews_2025-03-14_Argentine_Protesters_Clash_With_Police_3-13-25-3PM-3.jpg...
2025-03-14 13:53:00,893 - INFO - [28.84s]   [28.84s]   File size: 659,992 bytes
2025-03-14 13:53:00,893 - DEBUG -   Starting metadata analysis...
2025-03-14 13:53:00,893 - INFO - [28.84s]   [28.84s]   Checking metadata...
2025-03-14 13:53:00,893 - DEBUG -   Starting Reading EXIF data...
2025-03-14 13:53:00,893 - DEBUG -   JPEG format recognized data[0:2]=0xFFD8
2025-03-14 13:53:00,893 - DEBUG -   data[2]=0xFF data[3]=0xE1 data[6:10]=b'Exif'
2025-03-14 13:53:00,893 - DEBUG -    Segment base 0x2
2025-03-14 13:53:00,893 - DEBUG -     APP1 at base 0x2
2025-03-14 13:53:00,893 - DEBUG -     Length: 0xF 0xFE
2025-03-14 13:53:00,893 - DEBUG -     Code: b'Exif'
2025-03-14 13:53:00,893 - DEBUG -     Decrement base by 2 to get to pre-segment header (for compatibility with later code)
2025-03-14 13:53:00,893 - DEBUG -   Endian format is M (Motorola)
2025-03-14 13:53:00,893 - DEBUG -   IFD 0 (Image) at offset 8:
2025-03-14 13:53:00,893 - DEBUG -    Orientation: (0x0112) Short=Horizontal (normal) @ 18
2025-03-14 13:53:00,893 - DEBUG -    XResolution: (0x011A) Ratio=300 @ 86
2025-03-14 13:53:00,893 - DEBUG -    YResolution: (0x011B) Ratio=300 @ 94
2025-03-14 13:53:00,893 - DEBUG -    ResolutionUnit: (0x0128) Short=Pixels/Inch @ 54
2025-03-14 13:53:00,893 - DEBUG -    YCbCrPositioning: (0x0213) Short=Centered @ 66
2025-03-14 13:53:00,893 - DEBUG -    ExifOffset: (0x8769) Long=102 @ 78
2025-03-14 13:53:00,894 - DEBUG -   Exif SubIFD at offset 102:
2025-03-14 13:53:00,894 - DEBUG -    ExifVersion: (0x9000) Undefined=0221 @ 112
2025-03-14 13:53:00,894 - DEBUG -    ComponentsConfiguration: (0x9101) Undefined=YCbCr @ 124
2025-03-14 13:53:00,894 - DEBUG -    FlashPixVersion: (0xA000) Undefined=0100 @ 136
2025-03-14 13:53:00,894 - DEBUG -    ColorSpace: (0xA001) Short=sRGB @ 148
2025-03-14 13:53:00,894 - DEBUG -    ExifImageWidth: (0xA002) Long=846 @ 160
2025-03-14 13:53:00,894 - DEBUG -    ExifImageLength: (0xA003) Long=1166 @ 172
2025-03-14 13:53:00,894 - DEBUG -    SceneCaptureType: (0xA406) Short=Standard @ 184
2025-03-14 13:53:00,894 - DEBUG -   Found 13 EXIF tags
2025-03-14 13:53:00,894 - DEBUG -   Completed Reading EXIF data in 0.00s
2025-03-14 13:53:00,894 - DEBUG -   Starting Analyzing metadata content...
2025-03-14 13:53:00,894 - INFO - [28.84s]   [28.84s]   No suspicious patterns found in metadata
2025-03-14 13:53:00,894 - DEBUG -   Completed Analyzing metadata content in 0.00s
2025-03-14 13:53:00,894 - DEBUG -   Completed metadata analysis in 0.00s
2025-03-14 13:53:00,894 - INFO - [28.84s]   [28.84s]   Progress: 1/12 analysis steps completed (8.3%)
2025-03-14 13:53:00,894 - DEBUG -   Starting raw_bytes analysis...
2025-03-14 13:53:00,894 - INFO - [28.84s]   [28.84s]   Checking raw bytes...
2025-03-14 13:53:00,894 - DEBUG -   Starting Reading file content...
2025-03-14 13:53:00,895 - DEBUG -   Read 659,992 bytes
2025-03-14 13:53:00,895 - DEBUG -   Completed Reading file content in 0.00s
2025-03-14 13:53:00,895 - DEBUG -   Starting Analyzing ASCII content...
2025-03-14 13:53:00,899 - DEBUG -   Completed Analyzing ASCII content in 0.00s
2025-03-14 13:53:00,899 - DEBUG -   Starting Analyzing hex content...
2025-03-14 13:53:00,901 - DEBUG -   Completed Analyzing hex content in 0.00s
2025-03-14 13:53:00,901 - DEBUG -   Starting Checking base64 variants...
2025-03-14 13:53:00,903 - DEBUG -   Completed Checking base64 variants in 0.00s
2025-03-14 13:53:00,903 - DEBUG -   Starting Analyzing suspicious patterns...
2025-03-14 13:53:00,972 - WARNING - [28.92s]   [28.92s]   Suspicious substring in raw data: Steganography tool reference: f5
2025-03-14 13:53:00,972 - DEBUG -   Completed Analyzing suspicious patterns in 0.07s
2025-03-14 13:53:00,972 - INFO - [28.92s]   [28.92s]   Found 1 suspicious patterns in raw bytes
2025-03-14 13:53:00,972 - DEBUG -   Completed raw_bytes analysis in 0.08s
2025-03-14 13:53:00,972 - INFO - [28.92s]   [28.92s]   Progress: 2/12 analysis steps completed (16.7%)
2025-03-14 13:53:00,972 - DEBUG -   Starting binary_patterns analysis...
2025-03-14 13:53:01,587 - DEBUG -   Completed binary_patterns analysis in 0.61s
2025-03-14 13:53:01,587 - INFO - [29.53s]   [29.53s]   Progress: 3/12 analysis steps completed (25.0%)
2025-03-14 13:53:01,587 - DEBUG -   Starting lsb analysis...
2025-03-14 13:53:01,588 - DEBUG -   tag: Orientation (274) - type: short (3) - value: b'\x00\x01'
2025-03-14 13:53:01,588 - DEBUG -   tag: XResolution (282) - type: rational (5) Tag Location: 34 - Data Location: 86 - value: b'\x00\x00\x01,\x00\x00\x00\x01'
2025-03-14 13:53:01,588 - DEBUG -   tag: YResolution (283) - type: rational (5) Tag Location: 46 - Data Location: 94 - value: b'\x00\x00\x01,\x00\x00\x00\x01'
2025-03-14 13:53:01,588 - DEBUG -   tag: ResolutionUnit (296) - type: short (3) - value: b'\x00\x02'
2025-03-14 13:53:01,588 - DEBUG -   tag: YCbCrPositioning (531) - type: short (3) - value: b'\x00\x01'
2025-03-14 13:53:01,588 - DEBUG -   tag: ExifIFD (34665) - type: long (4) - value: b'\x00\x00\x00f'
2025-03-14 13:53:04,634 - DEBUG -   Completed lsb analysis in 3.05s
2025-03-14 13:53:04,635 - INFO - [32.58s]   [32.58s]   Progress: 4/12 analysis steps completed (33.3%)
2025-03-14 13:53:04,635 - DEBUG -   Starting channels analysis...
2025-03-14 13:53:04,635 - DEBUG -   tag: Orientation (274) - type: short (3) - value: b'\x00\x01'
2025-03-14 13:53:04,635 - DEBUG -   tag: XResolution (282) - type: rational (5) Tag Location: 34 - Data Location: 86 - value: b'\x00\x00\x01,\x00\x00\x00\x01'
2025-03-14 13:53:04,635 - DEBUG -   tag: YResolution (283) - type: rational (5) Tag Location: 46 - Data Location: 94 - value: b'\x00\x00\x01,\x00\x00\x00\x01'
2025-03-14 13:53:04,635 - DEBUG -   tag: ResolutionUnit (296) - type: short (3) - value: b'\x00\x02'
2025-03-14 13:53:04,635 - DEBUG -   tag: YCbCrPositioning (531) - type: short (3) - value: b'\x00\x01'
2025-03-14 13:53:04,635 - DEBUG -   tag: ExifIFD (34665) - type: long (4) - value: b'\x00\x00\x00f'
2025-03-14 13:53:05,170 - DEBUG -   Completed channels analysis in 0.54s
2025-03-14 13:53:05,170 - INFO - [33.12s]   [33.12s]   Progress: 5/12 analysis steps completed (41.7%)
2025-03-14 13:53:05,170 - DEBUG -   Starting binwalk analysis...
2025-03-14 13:53:05,193 - DEBUG -   Completed binwalk analysis in 0.02s
2025-03-14 13:53:05,193 - INFO - [33.14s]   [33.14s]   Progress: 6/12 analysis steps completed (50.0%)
2025-03-14 13:53:05,193 - DEBUG -   Starting icc_profile analysis...
2025-03-14 13:53:05,194 - DEBUG -   tag: Orientation (274) - type: short (3) - value: b'\x00\x01'
2025-03-14 13:53:05,194 - DEBUG -   tag: XResolution (282) - type: rational (5) Tag Location: 34 - Data Location: 86 - value: b'\x00\x00\x01,\x00\x00\x00\x01'
2025-03-14 13:53:05,194 - DEBUG -   tag: YResolution (283) - type: rational (5) Tag Location: 46 - Data Location: 94 - value: b'\x00\x00\x01,\x00\x00\x00\x01'
2025-03-14 13:53:05,194 - DEBUG -   tag: ResolutionUnit (296) - type: short (3) - value: b'\x00\x02'
2025-03-14 13:53:05,194 - DEBUG -   tag: YCbCrPositioning (531) - type: short (3) - value: b'\x00\x01'
2025-03-14 13:53:05,194 - DEBUG -   tag: ExifIFD (34665) - type: long (4) - value: b'\x00\x00\x00f'
2025-03-14 13:53:05,194 - DEBUG -   Completed icc_profile analysis in 0.00s
2025-03-14 13:53:05,194 - INFO - [33.14s]   [33.14s]   Progress: 7/12 analysis steps completed (58.3%)
2025-03-14 13:53:05,194 - DEBUG -   Starting zip_signatures analysis...
2025-03-14 13:53:05,249 - DEBUG -   Completed zip_signatures analysis in 0.06s
2025-03-14 13:53:05,249 - INFO - [33.20s]   [33.20s]   Progress: 8/12 analysis steps completed (66.7%)
2025-03-14 13:53:05,249 - DEBUG -   Starting appended_data analysis...
2025-03-14 13:53:05,249 - INFO - [33.20s]   [33.20s]   Checking for appended data...
2025-03-14 13:53:05,249 - DEBUG -   Starting Reading file...
2025-03-14 13:53:05,250 - DEBUG -   Read 659,992 bytes
2025-03-14 13:53:05,250 - DEBUG -   Completed Reading file in 0.00s
2025-03-14 13:53:05,250 - DEBUG -   Starting Analyzing file format...
2025-03-14 13:53:05,290 - DEBUG -   Found 1 EOI markers
2025-03-14 13:53:05,290 - DEBUG -   Completed Analyzing file format in 0.04s
2025-03-14 13:53:05,290 - INFO - [33.24s]   [33.24s]   No appended data found
2025-03-14 13:53:05,290 - DEBUG -   Completed appended_data analysis in 0.04s
2025-03-14 13:53:05,290 - INFO - [33.24s]   [33.24s]   Progress: 9/12 analysis steps completed (75.0%)
2025-03-14 13:53:05,290 - DEBUG -   Starting histogram analysis...
2025-03-14 13:53:05,291 - DEBUG -   tag: Orientation (274) - type: short (3) - value: b'\x00\x01'
2025-03-14 13:53:05,291 - DEBUG -   tag: XResolution (282) - type: rational (5) Tag Location: 34 - Data Location: 86 - value: b'\x00\x00\x01,\x00\x00\x00\x01'
2025-03-14 13:53:05,291 - DEBUG -   tag: YResolution (283) - type: rational (5) Tag Location: 46 - Data Location: 94 - value: b'\x00\x00\x01,\x00\x00\x00\x01'
2025-03-14 13:53:05,291 - DEBUG -   tag: ResolutionUnit (296) - type: short (3) - value: b'\x00\x02'
2025-03-14 13:53:05,291 - DEBUG -   tag: YCbCrPositioning (531) - type: short (3) - value: b'\x00\x01'
2025-03-14 13:53:05,291 - DEBUG -   tag: ExifIFD (34665) - type: long (4) - value: b'\x00\x00\x00f'
2025-03-14 13:53:05,517 - DEBUG -   Completed histogram analysis in 0.23s
2025-03-14 13:53:05,517 - INFO - [33.46s]   [33.46s]   Progress: 10/12 analysis steps completed (83.3%)
2025-03-14 13:53:05,517 - DEBUG -   Starting jpeg_comments analysis...
2025-03-14 13:53:05,517 - INFO - [33.46s]   [33.46s]   Checking JPEG comment segments...
2025-03-14 13:53:05,517 - DEBUG -   Starting Reading JPEG file...
2025-03-14 13:53:05,518 - DEBUG -   Completed Reading JPEG file in 0.00s
2025-03-14 13:53:05,518 - DEBUG -   Starting Analyzing comment segments...
2025-03-14 13:53:05,558 - DEBUG -   Completed Analyzing comment segments in 0.04s
2025-03-14 13:53:05,558 - INFO - [33.50s]   [33.50s]   No suspicious patterns found in JPEG comments
2025-03-14 13:53:05,558 - DEBUG -   Completed jpeg_comments analysis in 0.04s
2025-03-14 13:53:05,558 - INFO - [33.51s]   [33.51s]   Progress: 11/12 analysis steps completed (91.7%)
2025-03-14 13:53:05,558 - DEBUG -   Starting large_metadata analysis...
2025-03-14 13:53:05,558 - INFO - [33.51s]   [33.51s]   Checking for large metadata fields...
2025-03-14 13:53:05,558 - DEBUG -   Starting Reading metadata...
2025-03-14 13:53:05,558 - DEBUG -   JPEG format recognized data[0:2]=0xFFD8
2025-03-14 13:53:05,558 - DEBUG -   data[2]=0xFF data[3]=0xE1 data[6:10]=b'Exif'
2025-03-14 13:53:05,558 - DEBUG -    Segment base 0x2
2025-03-14 13:53:05,559 - DEBUG -     APP1 at base 0x2
2025-03-14 13:53:05,559 - DEBUG -     Length: 0xF 0xFE
2025-03-14 13:53:05,559 - DEBUG -     Code: b'Exif'
2025-03-14 13:53:05,559 - DEBUG -     Decrement base by 2 to get to pre-segment header (for compatibility with later code)
2025-03-14 13:53:05,559 - DEBUG -   Endian format is M (Motorola)
2025-03-14 13:53:05,559 - DEBUG -   IFD 0 (Image) at offset 8:
2025-03-14 13:53:05,559 - DEBUG -    Orientation: (0x0112) Short=Horizontal (normal) @ 18
2025-03-14 13:53:05,559 - DEBUG -    XResolution: (0x011A) Ratio=300 @ 86
2025-03-14 13:53:05,559 - DEBUG -    YResolution: (0x011B) Ratio=300 @ 94
2025-03-14 13:53:05,559 - DEBUG -    ResolutionUnit: (0x0128) Short=Pixels/Inch @ 54
2025-03-14 13:53:05,559 - DEBUG -    YCbCrPositioning: (0x0213) Short=Centered @ 66
2025-03-14 13:53:05,559 - DEBUG -    ExifOffset: (0x8769) Long=102 @ 78
2025-03-14 13:53:05,559 - DEBUG -   Exif SubIFD at offset 102:
2025-03-14 13:53:05,559 - DEBUG -    ExifVersion: (0x9000) Undefined=0221 @ 112
2025-03-14 13:53:05,559 - DEBUG -    ComponentsConfiguration: (0x9101) Undefined=YCbCr @ 124
2025-03-14 13:53:05,559 - DEBUG -    FlashPixVersion: (0xA000) Undefined=0100 @ 136
2025-03-14 13:53:05,559 - DEBUG -    ColorSpace: (0xA001) Short=sRGB @ 148
2025-03-14 13:53:05,559 - DEBUG -    ExifImageWidth: (0xA002) Long=846 @ 160
2025-03-14 13:53:05,559 - DEBUG -    ExifImageLength: (0xA003) Long=1166 @ 172
2025-03-14 13:53:05,559 - DEBUG -    SceneCaptureType: (0xA406) Short=Standard @ 184
2025-03-14 13:53:05,559 - DEBUG -   Found 13 metadata tags
2025-03-14 13:53:05,559 - DEBUG -   Completed Reading metadata in 0.00s
2025-03-14 13:53:05,559 - DEBUG -   Starting Analyzing metadata fields...
2025-03-14 13:53:05,559 - DEBUG -   Completed Analyzing metadata fields in 0.00s
2025-03-14 13:53:05,559 - INFO - [33.51s]   [33.51s]   No suspicious large metadata fields found
2025-03-14 13:53:05,559 - DEBUG -   Completed large_metadata analysis in 0.00s
2025-03-14 13:53:05,559 - INFO - [33.51s]   [33.51s]   Progress: 12/12 analysis steps completed (100.0%)
2025-03-14 13:53:05,559 - INFO - [33.51s]   [33.51s]   Analysis complete - 0 total findings
2025-03-14 13:53:05,559 - INFO - [33.51s]   [33.51s]   Completed Analyzing yews_2025-03-14_Argentine_Protesters_Clash_With_Police_3-13-25-3PM-3.jpg in 4.67s
2025-03-14 13:53:05,559 - INFO - [33.51s]   [33.51s]   Completed Analyzing yews_2025-03-14_Argentine_Protesters_Clash_With_Police_3-13-25-3PM-3.jpg in 4.67s
2025-03-14 13:53:05,559 - INFO - [33.51s]   [33.51s]   
Analyzing file 7/30: /Users/adam/Git/stego_tools/yews_images/yews_news/2025-03-14/yews_2025-03-14_98_Arrested_In_Trump_Tower_Protest_3-13-25-3PM-5.jpg
2025-03-14 13:53:05,559 - INFO - [33.51s]   [33.51s]   Starting Analyzing yews_2025-03-14_98_Arrested_In_Trump_Tower_Protest_3-13-25-3PM-5.jpg...
2025-03-14 13:53:05,559 - INFO - [33.51s]   [33.51s]   Starting Analyzing yews_2025-03-14_98_Arrested_In_Trump_Tower_Protest_3-13-25-3PM-5.jpg...
2025-03-14 13:53:05,559 - INFO - [33.51s]   [33.51s]   File size: 156,216 bytes
2025-03-14 13:53:05,560 - DEBUG -   Starting metadata analysis...
2025-03-14 13:53:05,560 - INFO - [33.51s]   [33.51s]   Checking metadata...
2025-03-14 13:53:05,560 - DEBUG -   Starting Reading EXIF data...
2025-03-14 13:53:05,560 - DEBUG -   JPEG format recognized data[0:2]=0xFFD8
2025-03-14 13:53:05,560 - DEBUG -   data[2]=0xFF data[3]=0xE1 data[6:10]=b'Exif'
2025-03-14 13:53:05,560 - DEBUG -    Segment base 0x2
2025-03-14 13:53:05,560 - DEBUG -     APP1 at base 0x2
2025-03-14 13:53:05,560 - DEBUG -     Length: 0xF 0xFE
2025-03-14 13:53:05,560 - DEBUG -     Code: b'Exif'
2025-03-14 13:53:05,560 - DEBUG -     Decrement base by 2 to get to pre-segment header (for compatibility with later code)
2025-03-14 13:53:05,560 - DEBUG -   Endian format is M (Motorola)
2025-03-14 13:53:05,560 - DEBUG -   IFD 0 (Image) at offset 8:
2025-03-14 13:53:05,560 - DEBUG -    Orientation: (0x0112) Short=Horizontal (normal) @ 18
2025-03-14 13:53:05,560 - DEBUG -    XResolution: (0x011A) Ratio=300 @ 86
2025-03-14 13:53:05,560 - DEBUG -    YResolution: (0x011B) Ratio=300 @ 94
2025-03-14 13:53:05,560 - DEBUG -    ResolutionUnit: (0x0128) Short=Pixels/Inch @ 54
2025-03-14 13:53:05,560 - DEBUG -    YCbCrPositioning: (0x0213) Short=Centered @ 66
2025-03-14 13:53:05,560 - DEBUG -    ExifOffset: (0x8769) Long=102 @ 78
2025-03-14 13:53:05,560 - DEBUG -   Exif SubIFD at offset 102:
2025-03-14 13:53:05,560 - DEBUG -    ExifVersion: (0x9000) Undefined=0221 @ 112
2025-03-14 13:53:05,560 - DEBUG -    ComponentsConfiguration: (0x9101) Undefined=YCbCr @ 124
2025-03-14 13:53:05,560 - DEBUG -    FlashPixVersion: (0xA000) Undefined=0100 @ 136
2025-03-14 13:53:05,561 - DEBUG -    ColorSpace: (0xA001) Short=sRGB @ 148
2025-03-14 13:53:05,561 - DEBUG -    ExifImageWidth: (0xA002) Long=441 @ 160
2025-03-14 13:53:05,561 - DEBUG -    ExifImageLength: (0xA003) Long=539 @ 172
2025-03-14 13:53:05,561 - DEBUG -    SceneCaptureType: (0xA406) Short=Standard @ 184
2025-03-14 13:53:05,561 - DEBUG -   Found 13 EXIF tags
2025-03-14 13:53:05,561 - DEBUG -   Completed Reading EXIF data in 0.00s
2025-03-14 13:53:05,561 - DEBUG -   Starting Analyzing metadata content...
2025-03-14 13:53:05,561 - INFO - [33.51s]   [33.51s]   No suspicious patterns found in metadata
2025-03-14 13:53:05,561 - DEBUG -   Completed Analyzing metadata content in 0.00s
2025-03-14 13:53:05,561 - DEBUG -   Completed metadata analysis in 0.00s
2025-03-14 13:53:05,561 - INFO - [33.51s]   [33.51s]   Progress: 1/12 analysis steps completed (8.3%)
2025-03-14 13:53:05,561 - DEBUG -   Starting raw_bytes analysis...
2025-03-14 13:53:05,561 - INFO - [33.51s]   [33.51s]   Checking raw bytes...
2025-03-14 13:53:05,561 - DEBUG -   Starting Reading file content...
2025-03-14 13:53:05,562 - DEBUG -   Read 156,216 bytes
2025-03-14 13:53:05,562 - DEBUG -   Completed Reading file content in 0.00s
2025-03-14 13:53:05,562 - DEBUG -   Starting Analyzing ASCII content...
2025-03-14 13:53:05,563 - DEBUG -   Completed Analyzing ASCII content in 0.00s
2025-03-14 13:53:05,563 - DEBUG -   Starting Analyzing hex content...
2025-03-14 13:53:05,564 - DEBUG -   Completed Analyzing hex content in 0.00s
2025-03-14 13:53:05,564 - DEBUG -   Starting Checking base64 variants...
2025-03-14 13:53:05,564 - DEBUG -   Completed Checking base64 variants in 0.00s
2025-03-14 13:53:05,564 - DEBUG -   Starting Analyzing suspicious patterns...
2025-03-14 13:53:05,580 - DEBUG -   Completed Analyzing suspicious patterns in 0.02s
2025-03-14 13:53:05,581 - INFO - [33.53s]   [33.53s]   No suspicious patterns found in raw bytes
2025-03-14 13:53:05,581 - DEBUG -   Completed raw_bytes analysis in 0.02s
2025-03-14 13:53:05,581 - INFO - [33.53s]   [33.53s]   Progress: 2/12 analysis steps completed (16.7%)
2025-03-14 13:53:05,581 - DEBUG -   Starting binary_patterns analysis...
2025-03-14 13:53:05,726 - DEBUG -   Completed binary_patterns analysis in 0.15s
2025-03-14 13:53:05,726 - INFO - [33.67s]   [33.67s]   Progress: 3/12 analysis steps completed (25.0%)
2025-03-14 13:53:05,726 - DEBUG -   Starting lsb analysis...
2025-03-14 13:53:05,727 - DEBUG -   tag: Orientation (274) - type: short (3) - value: b'\x00\x01'
2025-03-14 13:53:05,727 - DEBUG -   tag: XResolution (282) - type: rational (5) Tag Location: 34 - Data Location: 86 - value: b'\x00\x00\x01,\x00\x00\x00\x01'
2025-03-14 13:53:05,727 - DEBUG -   tag: YResolution (283) - type: rational (5) Tag Location: 46 - Data Location: 94 - value: b'\x00\x00\x01,\x00\x00\x00\x01'
2025-03-14 13:53:05,727 - DEBUG -   tag: ResolutionUnit (296) - type: short (3) - value: b'\x00\x02'
2025-03-14 13:53:05,727 - DEBUG -   tag: YCbCrPositioning (531) - type: short (3) - value: b'\x00\x01'
2025-03-14 13:53:05,727 - DEBUG -   tag: ExifIFD (34665) - type: long (4) - value: b'\x00\x00\x00f'
2025-03-14 13:53:06,706 - DEBUG -   Completed lsb analysis in 0.98s
2025-03-14 13:53:06,706 - INFO - [34.65s]   [34.65s]   Progress: 4/12 analysis steps completed (33.3%)
2025-03-14 13:53:06,707 - DEBUG -   Starting channels analysis...
2025-03-14 13:53:06,707 - DEBUG -   tag: Orientation (274) - type: short (3) - value: b'\x00\x01'
2025-03-14 13:53:06,707 - DEBUG -   tag: XResolution (282) - type: rational (5) Tag Location: 34 - Data Location: 86 - value: b'\x00\x00\x01,\x00\x00\x00\x01'
2025-03-14 13:53:06,707 - DEBUG -   tag: YResolution (283) - type: rational (5) Tag Location: 46 - Data Location: 94 - value: b'\x00\x00\x01,\x00\x00\x00\x01'
2025-03-14 13:53:06,707 - DEBUG -   tag: ResolutionUnit (296) - type: short (3) - value: b'\x00\x02'
2025-03-14 13:53:06,707 - DEBUG -   tag: YCbCrPositioning (531) - type: short (3) - value: b'\x00\x01'
2025-03-14 13:53:06,707 - DEBUG -   tag: ExifIFD (34665) - type: long (4) - value: b'\x00\x00\x00f'
2025-03-14 13:53:07,071 - DEBUG -   Completed channels analysis in 0.36s
2025-03-14 13:53:07,071 - INFO - [35.02s]   [35.02s]   Progress: 5/12 analysis steps completed (41.7%)
2025-03-14 13:53:07,072 - DEBUG -   Starting binwalk analysis...
2025-03-14 13:53:07,088 - DEBUG -   Completed binwalk analysis in 0.02s
2025-03-14 13:53:07,089 - INFO - [35.04s]   [35.04s]   Progress: 6/12 analysis steps completed (50.0%)
2025-03-14 13:53:07,089 - DEBUG -   Starting icc_profile analysis...
2025-03-14 13:53:07,089 - DEBUG -   tag: Orientation (274) - type: short (3) - value: b'\x00\x01'
2025-03-14 13:53:07,089 - DEBUG -   tag: XResolution (282) - type: rational (5) Tag Location: 34 - Data Location: 86 - value: b'\x00\x00\x01,\x00\x00\x00\x01'
2025-03-14 13:53:07,089 - DEBUG -   tag: YResolution (283) - type: rational (5) Tag Location: 46 - Data Location: 94 - value: b'\x00\x00\x01,\x00\x00\x00\x01'
2025-03-14 13:53:07,089 - DEBUG -   tag: ResolutionUnit (296) - type: short (3) - value: b'\x00\x02'
2025-03-14 13:53:07,089 - DEBUG -   tag: YCbCrPositioning (531) - type: short (3) - value: b'\x00\x01'
2025-03-14 13:53:07,089 - DEBUG -   tag: ExifIFD (34665) - type: long (4) - value: b'\x00\x00\x00f'
2025-03-14 13:53:07,089 - DEBUG -   Completed icc_profile analysis in 0.00s
2025-03-14 13:53:07,089 - INFO - [35.04s]   [35.04s]   Progress: 7/12 analysis steps completed (58.3%)
2025-03-14 13:53:07,089 - DEBUG -   Starting zip_signatures analysis...
2025-03-14 13:53:07,102 - DEBUG -   Completed zip_signatures analysis in 0.01s
2025-03-14 13:53:07,102 - INFO - [35.05s]   [35.05s]   Progress: 8/12 analysis steps completed (66.7%)
2025-03-14 13:53:07,102 - DEBUG -   Starting appended_data analysis...
2025-03-14 13:53:07,103 - INFO - [35.05s]   [35.05s]   Checking for appended data...
2025-03-14 13:53:07,103 - DEBUG -   Starting Reading file...
2025-03-14 13:53:07,103 - DEBUG -   Read 156,216 bytes
2025-03-14 13:53:07,103 - DEBUG -   Completed Reading file in 0.00s
2025-03-14 13:53:07,103 - DEBUG -   Starting Analyzing file format...
2025-03-14 13:53:07,112 - DEBUG -   Found 1 EOI markers
2025-03-14 13:53:07,112 - DEBUG -   Completed Analyzing file format in 0.01s
2025-03-14 13:53:07,112 - INFO - [35.06s]   [35.06s]   No appended data found
2025-03-14 13:53:07,112 - DEBUG -   Completed appended_data analysis in 0.01s
2025-03-14 13:53:07,112 - INFO - [35.06s]   [35.06s]   Progress: 9/12 analysis steps completed (75.0%)
2025-03-14 13:53:07,112 - DEBUG -   Starting histogram analysis...
2025-03-14 13:53:07,112 - DEBUG -   tag: Orientation (274) - type: short (3) - value: b'\x00\x01'
2025-03-14 13:53:07,112 - DEBUG -   tag: XResolution (282) - type: rational (5) Tag Location: 34 - Data Location: 86 - value: b'\x00\x00\x01,\x00\x00\x00\x01'
2025-03-14 13:53:07,113 - DEBUG -   tag: YResolution (283) - type: rational (5) Tag Location: 46 - Data Location: 94 - value: b'\x00\x00\x01,\x00\x00\x00\x01'
2025-03-14 13:53:07,113 - DEBUG -   tag: ResolutionUnit (296) - type: short (3) - value: b'\x00\x02'
2025-03-14 13:53:07,113 - DEBUG -   tag: YCbCrPositioning (531) - type: short (3) - value: b'\x00\x01'
2025-03-14 13:53:07,113 - DEBUG -   tag: ExifIFD (34665) - type: long (4) - value: b'\x00\x00\x00f'
2025-03-14 13:53:07,164 - DEBUG -   Completed histogram analysis in 0.05s
2025-03-14 13:53:07,164 - INFO - [35.11s]   [35.11s]   Progress: 10/12 analysis steps completed (83.3%)
2025-03-14 13:53:07,164 - DEBUG -   Starting jpeg_comments analysis...
2025-03-14 13:53:07,164 - INFO - [35.11s]   [35.11s]   Checking JPEG comment segments...
2025-03-14 13:53:07,165 - DEBUG -   Starting Reading JPEG file...
2025-03-14 13:53:07,165 - DEBUG -   Completed Reading JPEG file in 0.00s
2025-03-14 13:53:07,165 - DEBUG -   Starting Analyzing comment segments...
2025-03-14 13:53:07,174 - DEBUG -   Completed Analyzing comment segments in 0.01s
2025-03-14 13:53:07,174 - INFO - [35.12s]   [35.12s]   No suspicious patterns found in JPEG comments
2025-03-14 13:53:07,174 - DEBUG -   Completed jpeg_comments analysis in 0.01s
2025-03-14 13:53:07,174 - INFO - [35.12s]   [35.12s]   Progress: 11/12 analysis steps completed (91.7%)
2025-03-14 13:53:07,174 - DEBUG -   Starting large_metadata analysis...
2025-03-14 13:53:07,174 - INFO - [35.12s]   [35.12s]   Checking for large metadata fields...
2025-03-14 13:53:07,174 - DEBUG -   Starting Reading metadata...
2025-03-14 13:53:07,174 - DEBUG -   JPEG format recognized data[0:2]=0xFFD8
2025-03-14 13:53:07,174 - DEBUG -   data[2]=0xFF data[3]=0xE1 data[6:10]=b'Exif'
2025-03-14 13:53:07,174 - DEBUG -    Segment base 0x2
2025-03-14 13:53:07,174 - DEBUG -     APP1 at base 0x2
2025-03-14 13:53:07,174 - DEBUG -     Length: 0xF 0xFE
2025-03-14 13:53:07,174 - DEBUG -     Code: b'Exif'
2025-03-14 13:53:07,175 - DEBUG -     Decrement base by 2 to get to pre-segment header (for compatibility with later code)
2025-03-14 13:53:07,175 - DEBUG -   Endian format is M (Motorola)
2025-03-14 13:53:07,175 - DEBUG -   IFD 0 (Image) at offset 8:
2025-03-14 13:53:07,175 - DEBUG -    Orientation: (0x0112) Short=Horizontal (normal) @ 18
2025-03-14 13:53:07,175 - DEBUG -    XResolution: (0x011A) Ratio=300 @ 86
2025-03-14 13:53:07,175 - DEBUG -    YResolution: (0x011B) Ratio=300 @ 94
2025-03-14 13:53:07,175 - DEBUG -    ResolutionUnit: (0x0128) Short=Pixels/Inch @ 54
2025-03-14 13:53:07,175 - DEBUG -    YCbCrPositioning: (0x0213) Short=Centered @ 66
2025-03-14 13:53:07,175 - DEBUG -    ExifOffset: (0x8769) Long=102 @ 78
2025-03-14 13:53:07,175 - DEBUG -   Exif SubIFD at offset 102:
2025-03-14 13:53:07,175 - DEBUG -    ExifVersion: (0x9000) Undefined=0221 @ 112
2025-03-14 13:53:07,175 - DEBUG -    ComponentsConfiguration: (0x9101) Undefined=YCbCr @ 124
2025-03-14 13:53:07,175 - DEBUG -    FlashPixVersion: (0xA000) Undefined=0100 @ 136
2025-03-14 13:53:07,175 - DEBUG -    ColorSpace: (0xA001) Short=sRGB @ 148
2025-03-14 13:53:07,175 - DEBUG -    ExifImageWidth: (0xA002) Long=441 @ 160
2025-03-14 13:53:07,175 - DEBUG -    ExifImageLength: (0xA003) Long=539 @ 172
2025-03-14 13:53:07,175 - DEBUG -    SceneCaptureType: (0xA406) Short=Standard @ 184
2025-03-14 13:53:07,175 - DEBUG -   Found 13 metadata tags
2025-03-14 13:53:07,175 - DEBUG -   Completed Reading metadata in 0.00s
2025-03-14 13:53:07,175 - DEBUG -   Starting Analyzing metadata fields...
2025-03-14 13:53:07,175 - DEBUG -   Completed Analyzing metadata fields in 0.00s
2025-03-14 13:53:07,175 - INFO - [35.12s]   [35.12s]   No suspicious large metadata fields found
2025-03-14 13:53:07,175 - DEBUG -   Completed large_metadata analysis in 0.00s
2025-03-14 13:53:07,175 - INFO - [35.12s]   [35.12s]   Progress: 12/12 analysis steps completed (100.0%)
2025-03-14 13:53:07,175 - INFO - [35.12s]   [35.12s]   Analysis complete - 0 total findings
2025-03-14 13:53:07,175 - INFO - [35.12s]   [35.12s]   Completed Analyzing yews_2025-03-14_98_Arrested_In_Trump_Tower_Protest_3-13-25-3PM-5.jpg in 1.62s
2025-03-14 13:53:07,175 - INFO - [35.12s]   [35.12s]   Completed Analyzing yews_2025-03-14_98_Arrested_In_Trump_Tower_Protest_3-13-25-3PM-5.jpg in 1.62s
2025-03-14 13:53:07,175 - INFO - [35.12s]   [35.12s]   
Analyzing file 8/30: /Users/adam/Git/stego_tools/yews_images/yews_news/2025-03-14/yews_2025-03-14_U.S._Cuts_Back_On_Snacks_And_Cigarettes_3-13-25-8PM-6.jpg
2025-03-14 13:53:07,175 - INFO - [35.12s]   [35.12s]   Starting Analyzing yews_2025-03-14_U.S._Cuts_Back_On_Snacks_And_Cigarettes_3-13-25-8PM-6.jpg...
2025-03-14 13:53:07,175 - INFO - [35.12s]   [35.12s]   Starting Analyzing yews_2025-03-14_U.S._Cuts_Back_On_Snacks_And_Cigarettes_3-13-25-8PM-6.jpg...
2025-03-14 13:53:07,175 - INFO - [35.12s]   [35.12s]   File size: 456,470 bytes
2025-03-14 13:53:07,175 - DEBUG -   Starting metadata analysis...
2025-03-14 13:53:07,176 - INFO - [35.12s]   [35.12s]   Checking metadata...
2025-03-14 13:53:07,176 - DEBUG -   Starting Reading EXIF data...
2025-03-14 13:53:07,177 - DEBUG -   JPEG format recognized data[0:2]=0xFFD8
2025-03-14 13:53:07,177 - DEBUG -   data[2]=0xFF data[3]=0xE1 data[6:10]=b'Exif'
2025-03-14 13:53:07,177 - DEBUG -    Segment base 0x2
2025-03-14 13:53:07,177 - DEBUG -     APP1 at base 0x2
2025-03-14 13:53:07,177 - DEBUG -     Length: 0x2 0x3C
2025-03-14 13:53:07,177 - DEBUG -     Code: b'Exif'
2025-03-14 13:53:07,177 - DEBUG -     Decrement base by 2 to get to pre-segment header (for compatibility with later code)
2025-03-14 13:53:07,177 - DEBUG -   Endian format is M (Motorola)
2025-03-14 13:53:07,177 - DEBUG -   IFD 0 (Image) at offset 8:
2025-03-14 13:53:07,177 - DEBUG -    ImageDescription: (0x010E) ASCII=Christ refusing the banquet. Paradise Regained. Blake, William (British, 1757-1827). Pen, Indian ink, grey wash and watercolour on paper, height 171 mm, width 135 mm, circa 1816- 1818. Production Note: One of a series of 12 designs. Watermark: 'M & J Lay 1816'. @ 122
2025-03-14 13:53:07,177 - DEBUG -    Orientation: (0x0112) Short=Horizontal (normal) @ 30
2025-03-14 13:53:07,177 - DEBUG -    XResolution: (0x011A) Ratio=72 @ 384
2025-03-14 13:53:07,177 - DEBUG -    YResolution: (0x011B) Ratio=72 @ 392
2025-03-14 13:53:07,177 - DEBUG -    ResolutionUnit: (0x0128) Short=Pixels/Inch @ 66
2025-03-14 13:53:07,177 - DEBUG -    Artist: (0x013B) ASCII=Katie Young @ 400
2025-03-14 13:53:07,177 - DEBUG -    YCbCrPositioning: (0x0213) Short=Centered @ 90
2025-03-14 13:53:07,177 - DEBUG -    Copyright: (0x8298) ASCII=Photograph copyright © The Fitzwilliam Museum, Cambridge. @ 412
2025-03-14 13:53:07,177 - DEBUG -    ExifOffset: (0x8769) Long=472 @ 114
2025-03-14 13:53:07,177 - DEBUG -   Exif SubIFD at offset 472:
2025-03-14 13:53:07,178 - DEBUG -    ExifVersion: (0x9000) Undefined=0221 @ 482
2025-03-14 13:53:07,178 - DEBUG -    ComponentsConfiguration: (0x9101) Undefined=YCbCr @ 494
2025-03-14 13:53:07,178 - DEBUG -    FlashPixVersion: (0xA000) Undefined=0100 @ 506
2025-03-14 13:53:07,178 - DEBUG -    ColorSpace: (0xA001) Short=sRGB @ 518
2025-03-14 13:53:07,178 - DEBUG -    ExifImageWidth: (0xA002) Long=815 @ 530
2025-03-14 13:53:07,178 - DEBUG -    ExifImageLength: (0xA003) Long=1046 @ 542
2025-03-14 13:53:07,178 - DEBUG -    SceneCaptureType: (0xA406) Short=Standard @ 554
2025-03-14 13:53:07,178 - DEBUG -   Found 16 EXIF tags
2025-03-14 13:53:07,178 - DEBUG -   Completed Reading EXIF data in 0.00s
2025-03-14 13:53:07,178 - DEBUG -   Starting Analyzing metadata content...
2025-03-14 13:53:07,178 - INFO - [35.12s]   [35.12s]   No suspicious patterns found in metadata
2025-03-14 13:53:07,178 - DEBUG -   Completed Analyzing metadata content in 0.00s
2025-03-14 13:53:07,178 - DEBUG -   Completed metadata analysis in 0.00s
2025-03-14 13:53:07,178 - INFO - [35.12s]   [35.12s]   Progress: 1/12 analysis steps completed (8.3%)
2025-03-14 13:53:07,178 - DEBUG -   Starting raw_bytes analysis...
2025-03-14 13:53:07,178 - INFO - [35.12s]   [35.12s]   Checking raw bytes...
2025-03-14 13:53:07,178 - DEBUG -   Starting Reading file content...
2025-03-14 13:53:07,179 - DEBUG -   Read 456,470 bytes
2025-03-14 13:53:07,179 - DEBUG -   Completed Reading file content in 0.00s
2025-03-14 13:53:07,179 - DEBUG -   Starting Analyzing ASCII content...
2025-03-14 13:53:07,182 - DEBUG -   Completed Analyzing ASCII content in 0.00s
2025-03-14 13:53:07,182 - DEBUG -   Starting Analyzing hex content...
2025-03-14 13:53:07,183 - DEBUG -   Completed Analyzing hex content in 0.00s
2025-03-14 13:53:07,183 - DEBUG -   Starting Checking base64 variants...
2025-03-14 13:53:07,185 - DEBUG -   Completed Checking base64 variants in 0.00s
2025-03-14 13:53:07,185 - DEBUG -   Starting Analyzing suspicious patterns...
2025-03-14 13:53:07,231 - WARNING - [35.18s]   [35.18s]   Suspicious substring in raw data: Steganography tool reference: f5
2025-03-14 13:53:07,231 - DEBUG -   Completed Analyzing suspicious patterns in 0.05s
2025-03-14 13:53:07,231 - INFO - [35.18s]   [35.18s]   Found 1 suspicious patterns in raw bytes
2025-03-14 13:53:07,231 - DEBUG -   Completed raw_bytes analysis in 0.05s
2025-03-14 13:53:07,231 - INFO - [35.18s]   [35.18s]   Progress: 2/12 analysis steps completed (16.7%)
2025-03-14 13:53:07,231 - DEBUG -   Starting binary_patterns analysis...
2025-03-14 13:53:07,683 - DEBUG -   Completed binary_patterns analysis in 0.45s
2025-03-14 13:53:07,683 - INFO - [35.63s]   [35.63s]   Progress: 3/12 analysis steps completed (25.0%)
2025-03-14 13:53:07,683 - DEBUG -   Starting lsb analysis...
2025-03-14 13:53:07,683 - DEBUG -   tag: ImageDescription (270) - type: string (2) Tag Location: 22 - Data Location: 122 - value: <table: 262 bytes>
2025-03-14 13:53:07,683 - DEBUG -   tag: Orientation (274) - type: short (3) - value: b'\x00\x01'
2025-03-14 13:53:07,683 - DEBUG -   tag: XResolution (282) - type: rational (5) Tag Location: 46 - Data Location: 384 - value: b'\x00\x00\x00H\x00\x00\x00\x01'
2025-03-14 13:53:07,683 - DEBUG -   tag: YResolution (283) - type: rational (5) Tag Location: 58 - Data Location: 392 - value: b'\x00\x00\x00H\x00\x00\x00\x01'
2025-03-14 13:53:07,683 - DEBUG -   tag: ResolutionUnit (296) - type: short (3) - value: b'\x00\x02'
2025-03-14 13:53:07,683 - DEBUG -   tag: Artist (315) - type: string (2) Tag Location: 82 - Data Location: 400 - value: b'Katie Young\x00'
2025-03-14 13:53:07,683 - DEBUG -   tag: YCbCrPositioning (531) - type: short (3) - value: b'\x00\x01'
2025-03-14 13:53:07,683 - DEBUG -   tag: Copyright (33432) - type: string (2) Tag Location: 106 - Data Location: 412 - value: <table: 59 bytes>
2025-03-14 13:53:07,683 - DEBUG -   tag: ExifIFD (34665) - type: long (4) - value: b'\x00\x00\x01\xd8'
2025-03-14 13:53:10,271 - DEBUG -   Completed lsb analysis in 2.59s
2025-03-14 13:53:10,272 - INFO - [38.22s]   [38.22s]   Progress: 4/12 analysis steps completed (33.3%)
2025-03-14 13:53:10,272 - DEBUG -   Starting channels analysis...
2025-03-14 13:53:10,272 - DEBUG -   tag: ImageDescription (270) - type: string (2) Tag Location: 22 - Data Location: 122 - value: <table: 262 bytes>
2025-03-14 13:53:10,272 - DEBUG -   tag: Orientation (274) - type: short (3) - value: b'\x00\x01'
2025-03-14 13:53:10,272 - DEBUG -   tag: XResolution (282) - type: rational (5) Tag Location: 46 - Data Location: 384 - value: b'\x00\x00\x00H\x00\x00\x00\x01'
2025-03-14 13:53:10,272 - DEBUG -   tag: YResolution (283) - type: rational (5) Tag Location: 58 - Data Location: 392 - value: b'\x00\x00\x00H\x00\x00\x00\x01'
2025-03-14 13:53:10,272 - DEBUG -   tag: ResolutionUnit (296) - type: short (3) - value: b'\x00\x02'
2025-03-14 13:53:10,272 - DEBUG -   tag: Artist (315) - type: string (2) Tag Location: 82 - Data Location: 400 - value: b'Katie Young\x00'
2025-03-14 13:53:10,272 - DEBUG -   tag: YCbCrPositioning (531) - type: short (3) - value: b'\x00\x01'
2025-03-14 13:53:10,272 - DEBUG -   tag: Copyright (33432) - type: string (2) Tag Location: 106 - Data Location: 412 - value: <table: 59 bytes>
2025-03-14 13:53:10,272 - DEBUG -   tag: ExifIFD (34665) - type: long (4) - value: b'\x00\x00\x01\xd8'
2025-03-14 13:53:10,638 - DEBUG -   Completed channels analysis in 0.37s
2025-03-14 13:53:10,638 - INFO - [38.59s]   [38.59s]   Progress: 5/12 analysis steps completed (41.7%)
2025-03-14 13:53:10,638 - DEBUG -   Starting binwalk analysis...
2025-03-14 13:53:10,676 - DEBUG -   Completed binwalk analysis in 0.04s
2025-03-14 13:53:10,676 - INFO - [38.62s]   [38.62s]   Progress: 6/12 analysis steps completed (50.0%)
2025-03-14 13:53:10,676 - DEBUG -   Starting icc_profile analysis...
2025-03-14 13:53:10,677 - DEBUG -   tag: ImageDescription (270) - type: string (2) Tag Location: 22 - Data Location: 122 - value: <table: 262 bytes>
2025-03-14 13:53:10,677 - DEBUG -   tag: Orientation (274) - type: short (3) - value: b'\x00\x01'
2025-03-14 13:53:10,677 - DEBUG -   tag: XResolution (282) - type: rational (5) Tag Location: 46 - Data Location: 384 - value: b'\x00\x00\x00H\x00\x00\x00\x01'
2025-03-14 13:53:10,677 - DEBUG -   tag: YResolution (283) - type: rational (5) Tag Location: 58 - Data Location: 392 - value: b'\x00\x00\x00H\x00\x00\x00\x01'
2025-03-14 13:53:10,677 - DEBUG -   tag: ResolutionUnit (296) - type: short (3) - value: b'\x00\x02'
2025-03-14 13:53:10,677 - DEBUG -   tag: Artist (315) - type: string (2) Tag Location: 82 - Data Location: 400 - value: b'Katie Young\x00'
2025-03-14 13:53:10,677 - DEBUG -   tag: YCbCrPositioning (531) - type: short (3) - value: b'\x00\x01'
2025-03-14 13:53:10,677 - DEBUG -   tag: Copyright (33432) - type: string (2) Tag Location: 106 - Data Location: 412 - value: <table: 59 bytes>
2025-03-14 13:53:10,677 - DEBUG -   tag: ExifIFD (34665) - type: long (4) - value: b'\x00\x00\x01\xd8'
2025-03-14 13:53:10,677 - DEBUG -   Completed icc_profile analysis in 0.00s
2025-03-14 13:53:10,677 - INFO - [38.62s]   [38.62s]   Progress: 7/12 analysis steps completed (58.3%)
2025-03-14 13:53:10,677 - DEBUG -   Starting zip_signatures analysis...
2025-03-14 13:53:10,714 - DEBUG -   Completed zip_signatures analysis in 0.04s
2025-03-14 13:53:10,715 - INFO - [38.66s]   [38.66s]   Progress: 8/12 analysis steps completed (66.7%)
2025-03-14 13:53:10,715 - DEBUG -   Starting appended_data analysis...
2025-03-14 13:53:10,715 - INFO - [38.66s]   [38.66s]   Checking for appended data...
2025-03-14 13:53:10,715 - DEBUG -   Starting Reading file...
2025-03-14 13:53:10,715 - DEBUG -   Read 456,470 bytes
2025-03-14 13:53:10,715 - DEBUG -   Completed Reading file in 0.00s
2025-03-14 13:53:10,715 - DEBUG -   Starting Analyzing file format...
2025-03-14 13:53:10,743 - DEBUG -   Found 1 EOI markers
2025-03-14 13:53:10,743 - DEBUG -   Completed Analyzing file format in 0.03s
2025-03-14 13:53:10,743 - INFO - [38.69s]   [38.69s]   No appended data found
2025-03-14 13:53:10,743 - DEBUG -   Completed appended_data analysis in 0.03s
2025-03-14 13:53:10,743 - INFO - [38.69s]   [38.69s]   Progress: 9/12 analysis steps completed (75.0%)
2025-03-14 13:53:10,743 - DEBUG -   Starting histogram analysis...
2025-03-14 13:53:10,743 - DEBUG -   tag: ImageDescription (270) - type: string (2) Tag Location: 22 - Data Location: 122 - value: <table: 262 bytes>
2025-03-14 13:53:10,743 - DEBUG -   tag: Orientation (274) - type: short (3) - value: b'\x00\x01'
2025-03-14 13:53:10,744 - DEBUG -   tag: XResolution (282) - type: rational (5) Tag Location: 46 - Data Location: 384 - value: b'\x00\x00\x00H\x00\x00\x00\x01'
2025-03-14 13:53:10,744 - DEBUG -   tag: YResolution (283) - type: rational (5) Tag Location: 58 - Data Location: 392 - value: b'\x00\x00\x00H\x00\x00\x00\x01'
2025-03-14 13:53:10,744 - DEBUG -   tag: ResolutionUnit (296) - type: short (3) - value: b'\x00\x02'
2025-03-14 13:53:10,744 - DEBUG -   tag: Artist (315) - type: string (2) Tag Location: 82 - Data Location: 400 - value: b'Katie Young\x00'
2025-03-14 13:53:10,744 - DEBUG -   tag: YCbCrPositioning (531) - type: short (3) - value: b'\x00\x01'
2025-03-14 13:53:10,744 - DEBUG -   tag: Copyright (33432) - type: string (2) Tag Location: 106 - Data Location: 412 - value: <table: 59 bytes>
2025-03-14 13:53:10,744 - DEBUG -   tag: ExifIFD (34665) - type: long (4) - value: b'\x00\x00\x01\xd8'
2025-03-14 13:53:10,926 - DEBUG -   Completed histogram analysis in 0.18s
2025-03-14 13:53:10,926 - INFO - [38.87s]   [38.87s]   Progress: 10/12 analysis steps completed (83.3%)
2025-03-14 13:53:10,926 - DEBUG -   Starting jpeg_comments analysis...
2025-03-14 13:53:10,926 - INFO - [38.87s]   [38.87s]   Checking JPEG comment segments...
2025-03-14 13:53:10,926 - DEBUG -   Starting Reading JPEG file...
2025-03-14 13:53:10,926 - DEBUG -   Completed Reading JPEG file in 0.00s
2025-03-14 13:53:10,926 - DEBUG -   Starting Analyzing comment segments...
2025-03-14 13:53:10,953 - DEBUG -   Completed Analyzing comment segments in 0.03s
2025-03-14 13:53:10,954 - INFO - [38.90s]   [38.90s]   No suspicious patterns found in JPEG comments
2025-03-14 13:53:10,954 - DEBUG -   Completed jpeg_comments analysis in 0.03s
2025-03-14 13:53:10,954 - INFO - [38.90s]   [38.90s]   Progress: 11/12 analysis steps completed (91.7%)
2025-03-14 13:53:10,954 - DEBUG -   Starting large_metadata analysis...
2025-03-14 13:53:10,954 - INFO - [38.90s]   [38.90s]   Checking for large metadata fields...
2025-03-14 13:53:10,954 - DEBUG -   Starting Reading metadata...
2025-03-14 13:53:10,954 - DEBUG -   JPEG format recognized data[0:2]=0xFFD8
2025-03-14 13:53:10,954 - DEBUG -   data[2]=0xFF data[3]=0xE1 data[6:10]=b'Exif'
2025-03-14 13:53:10,954 - DEBUG -    Segment base 0x2
2025-03-14 13:53:10,954 - DEBUG -     APP1 at base 0x2
2025-03-14 13:53:10,954 - DEBUG -     Length: 0x2 0x3C
2025-03-14 13:53:10,954 - DEBUG -     Code: b'Exif'
2025-03-14 13:53:10,954 - DEBUG -     Decrement base by 2 to get to pre-segment header (for compatibility with later code)
2025-03-14 13:53:10,954 - DEBUG -   Endian format is M (Motorola)
2025-03-14 13:53:10,954 - DEBUG -   IFD 0 (Image) at offset 8:
2025-03-14 13:53:10,954 - DEBUG -    ImageDescription: (0x010E) ASCII=Christ refusing the banquet. Paradise Regained. Blake, William (British, 1757-1827). Pen, Indian ink, grey wash and watercolour on paper, height 171 mm, width 135 mm, circa 1816- 1818. Production Note: One of a series of 12 designs. Watermark: 'M & J Lay 1816'. @ 122
2025-03-14 13:53:10,954 - DEBUG -    Orientation: (0x0112) Short=Horizontal (normal) @ 30
2025-03-14 13:53:10,954 - DEBUG -    XResolution: (0x011A) Ratio=72 @ 384
2025-03-14 13:53:10,954 - DEBUG -    YResolution: (0x011B) Ratio=72 @ 392
2025-03-14 13:53:10,954 - DEBUG -    ResolutionUnit: (0x0128) Short=Pixels/Inch @ 66
2025-03-14 13:53:10,954 - DEBUG -    Artist: (0x013B) ASCII=Katie Young @ 400
2025-03-14 13:53:10,954 - DEBUG -    YCbCrPositioning: (0x0213) Short=Centered @ 90
2025-03-14 13:53:10,954 - DEBUG -    Copyright: (0x8298) ASCII=Photograph copyright © The Fitzwilliam Museum, Cambridge. @ 412
2025-03-14 13:53:10,954 - DEBUG -    ExifOffset: (0x8769) Long=472 @ 114
2025-03-14 13:53:10,954 - DEBUG -   Exif SubIFD at offset 472:
2025-03-14 13:53:10,954 - DEBUG -    ExifVersion: (0x9000) Undefined=0221 @ 482
2025-03-14 13:53:10,954 - DEBUG -    ComponentsConfiguration: (0x9101) Undefined=YCbCr @ 494
2025-03-14 13:53:10,954 - DEBUG -    FlashPixVersion: (0xA000) Undefined=0100 @ 506
2025-03-14 13:53:10,954 - DEBUG -    ColorSpace: (0xA001) Short=sRGB @ 518
2025-03-14 13:53:10,955 - DEBUG -    ExifImageWidth: (0xA002) Long=815 @ 530
2025-03-14 13:53:10,955 - DEBUG -    ExifImageLength: (0xA003) Long=1046 @ 542
2025-03-14 13:53:10,955 - DEBUG -    SceneCaptureType: (0xA406) Short=Standard @ 554
2025-03-14 13:53:10,955 - DEBUG -   Found 16 metadata tags
2025-03-14 13:53:10,955 - DEBUG -   Completed Reading metadata in 0.00s
2025-03-14 13:53:10,955 - DEBUG -   Starting Analyzing metadata fields...
2025-03-14 13:53:10,955 - DEBUG -   Completed Analyzing metadata fields in 0.00s
2025-03-14 13:53:10,955 - INFO - [38.90s]   [38.90s]   No suspicious large metadata fields found
2025-03-14 13:53:10,955 - DEBUG -   Completed large_metadata analysis in 0.00s
2025-03-14 13:53:10,955 - INFO - [38.90s]   [38.90s]   Progress: 12/12 analysis steps completed (100.0%)
2025-03-14 13:53:10,955 - INFO - [38.90s]   [38.90s]   Analysis complete - 0 total findings
2025-03-14 13:53:10,955 - INFO - [38.90s]   [38.90s]   Completed Analyzing yews_2025-03-14_U.S._Cuts_Back_On_Snacks_And_Cigarettes_3-13-25-8PM-6.jpg in 3.78s
2025-03-14 13:53:10,955 - INFO - [38.90s]   [38.90s]   Completed Analyzing yews_2025-03-14_U.S._Cuts_Back_On_Snacks_And_Cigarettes_3-13-25-8PM-6.jpg in 3.78s
2025-03-14 13:53:10,955 - INFO - [38.90s]   [38.90s]   
Analyzing file 9/30: /Users/adam/Git/stego_tools/yews_images/yews_news/2025-03-14/yews_2025-03-14_Vanity_Tops_Health_As_Gym_Motivation_3-13-25-3PM-7.jpg
2025-03-14 13:53:10,955 - INFO - [38.90s]   [38.90s]   Starting Analyzing yews_2025-03-14_Vanity_Tops_Health_As_Gym_Motivation_3-13-25-3PM-7.jpg...
2025-03-14 13:53:10,955 - INFO - [38.90s]   [38.90s]   Starting Analyzing yews_2025-03-14_Vanity_Tops_Health_As_Gym_Motivation_3-13-25-3PM-7.jpg...
2025-03-14 13:53:10,955 - INFO - [38.90s]   [38.90s]   File size: 348,739 bytes
2025-03-14 13:53:10,955 - DEBUG -   Starting metadata analysis...
2025-03-14 13:53:10,955 - INFO - [38.90s]   [38.90s]   Checking metadata...
2025-03-14 13:53:10,955 - DEBUG -   Starting Reading EXIF data...
2025-03-14 13:53:10,955 - DEBUG -   JPEG format recognized data[0:2]=0xFFD8
2025-03-14 13:53:10,955 - DEBUG -   data[2]=0xFF data[3]=0xE1 data[6:10]=b'Exif'
2025-03-14 13:53:10,955 - DEBUG -    Segment base 0x2
2025-03-14 13:53:10,955 - DEBUG -     APP1 at base 0x2
2025-03-14 13:53:10,955 - DEBUG -     Length: 0x1 0x46
2025-03-14 13:53:10,955 - DEBUG -     Code: b'Exif'
2025-03-14 13:53:10,955 - DEBUG -     Decrement base by 2 to get to pre-segment header (for compatibility with later code)
2025-03-14 13:53:10,955 - DEBUG -   Endian format is M (Motorola)
2025-03-14 13:53:10,955 - DEBUG -   IFD 0 (Image) at offset 8:
2025-03-14 13:53:10,955 - DEBUG -    PhotometricInterpretation: (0x0106) Short=2 @ 18
2025-03-14 13:53:10,956 - DEBUG -    Orientation: (0x0112) Short=Horizontal (normal) @ 30
2025-03-14 13:53:10,956 - DEBUG -    XResolution: (0x011A) Ratio=300 @ 122
2025-03-14 13:53:10,956 - DEBUG -    YResolution: (0x011B) Ratio=300 @ 130
2025-03-14 13:53:10,956 - DEBUG -    ResolutionUnit: (0x0128) Short=Pixels/Inch @ 66
2025-03-14 13:53:10,956 - DEBUG -    Software: (0x0131) ASCII=Adobe Photoshop CC 2017 (Macintosh) @ 138
2025-03-14 13:53:10,956 - DEBUG -    DateTime: (0x0132) ASCII=2017:11:21 09:58:07 @ 174
2025-03-14 13:53:10,956 - DEBUG -    YCbCrPositioning: (0x0213) Short=Centered @ 102
2025-03-14 13:53:10,956 - DEBUG -    ExifOffset: (0x8769) Long=194 @ 114
2025-03-14 13:53:10,956 - DEBUG -   Exif SubIFD at offset 194:
2025-03-14 13:53:10,956 - DEBUG -    ExifVersion: (0x9000) Undefined=0221 @ 204
2025-03-14 13:53:10,956 - DEBUG -    DateTimeDigitized: (0x9004) ASCII=2013:01:31 15:19:38 @ 296
2025-03-14 13:53:10,956 - DEBUG -    ComponentsConfiguration: (0x9101) Undefined=YCbCr @ 228
2025-03-14 13:53:10,956 - DEBUG -    FlashPixVersion: (0xA000) Undefined=0100 @ 240
2025-03-14 13:53:10,956 - DEBUG -    ColorSpace: (0xA001) Short=Uncalibrated @ 252
2025-03-14 13:53:10,956 - DEBUG -    ExifImageWidth: (0xA002) Long=874 @ 264
2025-03-14 13:53:10,956 - DEBUG -    ExifImageLength: (0xA003) Long=1110 @ 276
2025-03-14 13:53:10,956 - DEBUG -    SceneCaptureType: (0xA406) Short=Standard @ 288
2025-03-14 13:53:10,956 - DEBUG -   Found 17 EXIF tags
2025-03-14 13:53:10,956 - DEBUG -   Completed Reading EXIF data in 0.00s
2025-03-14 13:53:10,956 - DEBUG -   Starting Analyzing metadata content...
2025-03-14 13:53:10,956 - INFO - [38.90s]   [38.90s]   No suspicious patterns found in metadata
2025-03-14 13:53:10,956 - DEBUG -   Completed Analyzing metadata content in 0.00s
2025-03-14 13:53:10,956 - DEBUG -   Completed metadata analysis in 0.00s
2025-03-14 13:53:10,956 - INFO - [38.90s]   [38.90s]   Progress: 1/12 analysis steps completed (8.3%)
2025-03-14 13:53:10,956 - DEBUG -   Starting raw_bytes analysis...
2025-03-14 13:53:10,956 - INFO - [38.90s]   [38.90s]   Checking raw bytes...
2025-03-14 13:53:10,956 - DEBUG -   Starting Reading file content...
2025-03-14 13:53:10,957 - DEBUG -   Read 348,739 bytes
2025-03-14 13:53:10,957 - DEBUG -   Completed Reading file content in 0.00s
2025-03-14 13:53:10,957 - DEBUG -   Starting Analyzing ASCII content...
2025-03-14 13:53:10,959 - DEBUG -   Completed Analyzing ASCII content in 0.00s
2025-03-14 13:53:10,959 - DEBUG -   Starting Analyzing hex content...
2025-03-14 13:53:10,960 - DEBUG -   Completed Analyzing hex content in 0.00s
2025-03-14 13:53:10,960 - DEBUG -   Starting Checking base64 variants...
2025-03-14 13:53:10,961 - DEBUG -   Completed Checking base64 variants in 0.00s
2025-03-14 13:53:10,961 - DEBUG -   Starting Analyzing suspicious patterns...
2025-03-14 13:53:10,997 - WARNING - [38.94s]   [38.94s]   Suspicious substring in raw data: Steganography tool reference: f5
2025-03-14 13:53:10,997 - DEBUG -   Completed Analyzing suspicious patterns in 0.04s
2025-03-14 13:53:10,997 - INFO - [38.94s]   [38.94s]   Found 1 suspicious patterns in raw bytes
2025-03-14 13:53:10,998 - DEBUG -   Completed raw_bytes analysis in 0.04s
2025-03-14 13:53:10,998 - INFO - [38.94s]   [38.94s]   Progress: 2/12 analysis steps completed (16.7%)
2025-03-14 13:53:10,998 - DEBUG -   Starting binary_patterns analysis...
2025-03-14 13:53:11,316 - DEBUG -   Completed binary_patterns analysis in 0.32s
2025-03-14 13:53:11,316 - INFO - [39.26s]   [39.26s]   Progress: 3/12 analysis steps completed (25.0%)
2025-03-14 13:53:11,316 - DEBUG -   Starting lsb analysis...
2025-03-14 13:53:11,316 - DEBUG -   tag: PhotometricInterpretation (262) - type: short (3) - value: b'\x00\x02'
2025-03-14 13:53:11,316 - DEBUG -   tag: Orientation (274) - type: short (3) - value: b'\x00\x01'
2025-03-14 13:53:11,316 - DEBUG -   tag: XResolution (282) - type: rational (5) Tag Location: 46 - Data Location: 122 - value: b'\x00\x00\x01,\x00\x00\x00\x01'
2025-03-14 13:53:11,316 - DEBUG -   tag: YResolution (283) - type: rational (5) Tag Location: 58 - Data Location: 130 - value: b'\x00\x00\x01,\x00\x00\x00\x01'
2025-03-14 13:53:11,317 - DEBUG -   tag: ResolutionUnit (296) - type: short (3) - value: b'\x00\x02'
2025-03-14 13:53:11,317 - DEBUG -   tag: Software (305) - type: string (2) Tag Location: 82 - Data Location: 138 - value: <table: 36 bytes>
2025-03-14 13:53:11,317 - DEBUG -   tag: DateTime (306) - type: string (2) Tag Location: 94 - Data Location: 174 - value: b'2017:11:21 09:58:07\x00'
2025-03-14 13:53:11,317 - DEBUG -   tag: YCbCrPositioning (531) - type: short (3) - value: b'\x00\x01'
2025-03-14 13:53:11,317 - DEBUG -   tag: ExifIFD (34665) - type: long (4) - value: b'\x00\x00\x00\xc2'
2025-03-14 13:53:14,053 - DEBUG -   Completed lsb analysis in 2.74s
2025-03-14 13:53:14,053 - INFO - [42.00s]   [42.00s]   Progress: 4/12 analysis steps completed (33.3%)
2025-03-14 13:53:14,053 - DEBUG -   Starting channels analysis...
2025-03-14 13:53:14,053 - DEBUG -   tag: PhotometricInterpretation (262) - type: short (3) - value: b'\x00\x02'
2025-03-14 13:53:14,053 - DEBUG -   tag: Orientation (274) - type: short (3) - value: b'\x00\x01'
2025-03-14 13:53:14,053 - DEBUG -   tag: XResolution (282) - type: rational (5) Tag Location: 46 - Data Location: 122 - value: b'\x00\x00\x01,\x00\x00\x00\x01'
2025-03-14 13:53:14,053 - DEBUG -   tag: YResolution (283) - type: rational (5) Tag Location: 58 - Data Location: 130 - value: b'\x00\x00\x01,\x00\x00\x00\x01'
2025-03-14 13:53:14,053 - DEBUG -   tag: ResolutionUnit (296) - type: short (3) - value: b'\x00\x02'
2025-03-14 13:53:14,053 - DEBUG -   tag: Software (305) - type: string (2) Tag Location: 82 - Data Location: 138 - value: <table: 36 bytes>
2025-03-14 13:53:14,053 - DEBUG -   tag: DateTime (306) - type: string (2) Tag Location: 94 - Data Location: 174 - value: b'2017:11:21 09:58:07\x00'
2025-03-14 13:53:14,053 - DEBUG -   tag: YCbCrPositioning (531) - type: short (3) - value: b'\x00\x01'
2025-03-14 13:53:14,053 - DEBUG -   tag: ExifIFD (34665) - type: long (4) - value: b'\x00\x00\x00\xc2'
2025-03-14 13:53:14,443 - DEBUG -   Completed channels analysis in 0.39s
2025-03-14 13:53:14,443 - INFO - [42.39s]   [42.39s]   Progress: 5/12 analysis steps completed (41.7%)
2025-03-14 13:53:14,443 - DEBUG -   Starting binwalk analysis...
2025-03-14 13:53:14,481 - DEBUG -   Completed binwalk analysis in 0.04s
2025-03-14 13:53:14,481 - INFO - [42.43s]   [42.43s]   Progress: 6/12 analysis steps completed (50.0%)
2025-03-14 13:53:14,481 - DEBUG -   Starting icc_profile analysis...
2025-03-14 13:53:14,481 - DEBUG -   tag: PhotometricInterpretation (262) - type: short (3) - value: b'\x00\x02'
2025-03-14 13:53:14,481 - DEBUG -   tag: Orientation (274) - type: short (3) - value: b'\x00\x01'
2025-03-14 13:53:14,481 - DEBUG -   tag: XResolution (282) - type: rational (5) Tag Location: 46 - Data Location: 122 - value: b'\x00\x00\x01,\x00\x00\x00\x01'
2025-03-14 13:53:14,481 - DEBUG -   tag: YResolution (283) - type: rational (5) Tag Location: 58 - Data Location: 130 - value: b'\x00\x00\x01,\x00\x00\x00\x01'
2025-03-14 13:53:14,481 - DEBUG -   tag: ResolutionUnit (296) - type: short (3) - value: b'\x00\x02'
2025-03-14 13:53:14,481 - DEBUG -   tag: Software (305) - type: string (2) Tag Location: 82 - Data Location: 138 - value: <table: 36 bytes>
2025-03-14 13:53:14,481 - DEBUG -   tag: DateTime (306) - type: string (2) Tag Location: 94 - Data Location: 174 - value: b'2017:11:21 09:58:07\x00'
2025-03-14 13:53:14,481 - DEBUG -   tag: YCbCrPositioning (531) - type: short (3) - value: b'\x00\x01'
2025-03-14 13:53:14,481 - DEBUG -   tag: ExifIFD (34665) - type: long (4) - value: b'\x00\x00\x00\xc2'
2025-03-14 13:53:14,482 - DEBUG -   Completed icc_profile analysis in 0.00s
2025-03-14 13:53:14,482 - INFO - [42.43s]   [42.43s]   Progress: 7/12 analysis steps completed (58.3%)
2025-03-14 13:53:14,482 - DEBUG -   Starting zip_signatures analysis...
2025-03-14 13:53:14,510 - DEBUG -   Completed zip_signatures analysis in 0.03s
2025-03-14 13:53:14,510 - INFO - [42.46s]   [42.46s]   Progress: 8/12 analysis steps completed (66.7%)
2025-03-14 13:53:14,510 - DEBUG -   Starting appended_data analysis...
2025-03-14 13:53:14,510 - INFO - [42.46s]   [42.46s]   Checking for appended data...
2025-03-14 13:53:14,510 - DEBUG -   Starting Reading file...
2025-03-14 13:53:14,511 - DEBUG -   Read 348,739 bytes
2025-03-14 13:53:14,511 - DEBUG -   Completed Reading file in 0.00s
2025-03-14 13:53:14,511 - DEBUG -   Starting Analyzing file format...
2025-03-14 13:53:14,531 - DEBUG -   Found 1 EOI markers
2025-03-14 13:53:14,531 - DEBUG -   Completed Analyzing file format in 0.02s
2025-03-14 13:53:14,531 - INFO - [42.48s]   [42.48s]   No appended data found
2025-03-14 13:53:14,531 - DEBUG -   Completed appended_data analysis in 0.02s
2025-03-14 13:53:14,531 - INFO - [42.48s]   [42.48s]   Progress: 9/12 analysis steps completed (75.0%)
2025-03-14 13:53:14,531 - DEBUG -   Starting histogram analysis...
2025-03-14 13:53:14,532 - DEBUG -   tag: PhotometricInterpretation (262) - type: short (3) - value: b'\x00\x02'
2025-03-14 13:53:14,532 - DEBUG -   tag: Orientation (274) - type: short (3) - value: b'\x00\x01'
2025-03-14 13:53:14,532 - DEBUG -   tag: XResolution (282) - type: rational (5) Tag Location: 46 - Data Location: 122 - value: b'\x00\x00\x01,\x00\x00\x00\x01'
2025-03-14 13:53:14,532 - DEBUG -   tag: YResolution (283) - type: rational (5) Tag Location: 58 - Data Location: 130 - value: b'\x00\x00\x01,\x00\x00\x00\x01'
2025-03-14 13:53:14,532 - DEBUG -   tag: ResolutionUnit (296) - type: short (3) - value: b'\x00\x02'
2025-03-14 13:53:14,532 - DEBUG -   tag: Software (305) - type: string (2) Tag Location: 82 - Data Location: 138 - value: <table: 36 bytes>
2025-03-14 13:53:14,532 - DEBUG -   tag: DateTime (306) - type: string (2) Tag Location: 94 - Data Location: 174 - value: b'2017:11:21 09:58:07\x00'
2025-03-14 13:53:14,532 - DEBUG -   tag: YCbCrPositioning (531) - type: short (3) - value: b'\x00\x01'
2025-03-14 13:53:14,532 - DEBUG -   tag: ExifIFD (34665) - type: long (4) - value: b'\x00\x00\x00\xc2'
2025-03-14 13:53:14,731 - DEBUG -   Completed histogram analysis in 0.20s
2025-03-14 13:53:14,731 - INFO - [42.68s]   [42.68s]   Progress: 10/12 analysis steps completed (83.3%)
2025-03-14 13:53:14,731 - DEBUG -   Starting jpeg_comments analysis...
2025-03-14 13:53:14,731 - INFO - [42.68s]   [42.68s]   Checking JPEG comment segments...
2025-03-14 13:53:14,731 - DEBUG -   Starting Reading JPEG file...
2025-03-14 13:53:14,731 - DEBUG -   Completed Reading JPEG file in 0.00s
2025-03-14 13:53:14,731 - DEBUG -   Starting Analyzing comment segments...
2025-03-14 13:53:14,753 - DEBUG -   Completed Analyzing comment segments in 0.02s
2025-03-14 13:53:14,753 - INFO - [42.70s]   [42.70s]   No suspicious patterns found in JPEG comments
2025-03-14 13:53:14,753 - DEBUG -   Completed jpeg_comments analysis in 0.02s
2025-03-14 13:53:14,753 - INFO - [42.70s]   [42.70s]   Progress: 11/12 analysis steps completed (91.7%)
2025-03-14 13:53:14,753 - DEBUG -   Starting large_metadata analysis...
2025-03-14 13:53:14,753 - INFO - [42.70s]   [42.70s]   Checking for large metadata fields...
2025-03-14 13:53:14,753 - DEBUG -   Starting Reading metadata...
2025-03-14 13:53:14,753 - DEBUG -   JPEG format recognized data[0:2]=0xFFD8
2025-03-14 13:53:14,753 - DEBUG -   data[2]=0xFF data[3]=0xE1 data[6:10]=b'Exif'
2025-03-14 13:53:14,753 - DEBUG -    Segment base 0x2
2025-03-14 13:53:14,753 - DEBUG -     APP1 at base 0x2
2025-03-14 13:53:14,753 - DEBUG -     Length: 0x1 0x46
2025-03-14 13:53:14,753 - DEBUG -     Code: b'Exif'
2025-03-14 13:53:14,753 - DEBUG -     Decrement base by 2 to get to pre-segment header (for compatibility with later code)
2025-03-14 13:53:14,753 - DEBUG -   Endian format is M (Motorola)
2025-03-14 13:53:14,753 - DEBUG -   IFD 0 (Image) at offset 8:
2025-03-14 13:53:14,753 - DEBUG -    PhotometricInterpretation: (0x0106) Short=2 @ 18
2025-03-14 13:53:14,753 - DEBUG -    Orientation: (0x0112) Short=Horizontal (normal) @ 30
2025-03-14 13:53:14,753 - DEBUG -    XResolution: (0x011A) Ratio=300 @ 122
2025-03-14 13:53:14,754 - DEBUG -    YResolution: (0x011B) Ratio=300 @ 130
2025-03-14 13:53:14,754 - DEBUG -    ResolutionUnit: (0x0128) Short=Pixels/Inch @ 66
2025-03-14 13:53:14,754 - DEBUG -    Software: (0x0131) ASCII=Adobe Photoshop CC 2017 (Macintosh) @ 138
2025-03-14 13:53:14,754 - DEBUG -    DateTime: (0x0132) ASCII=2017:11:21 09:58:07 @ 174
2025-03-14 13:53:14,754 - DEBUG -    YCbCrPositioning: (0x0213) Short=Centered @ 102
2025-03-14 13:53:14,754 - DEBUG -    ExifOffset: (0x8769) Long=194 @ 114
2025-03-14 13:53:14,754 - DEBUG -   Exif SubIFD at offset 194:
2025-03-14 13:53:14,754 - DEBUG -    ExifVersion: (0x9000) Undefined=0221 @ 204
2025-03-14 13:53:14,754 - DEBUG -    DateTimeDigitized: (0x9004) ASCII=2013:01:31 15:19:38 @ 296
2025-03-14 13:53:14,754 - DEBUG -    ComponentsConfiguration: (0x9101) Undefined=YCbCr @ 228
2025-03-14 13:53:14,754 - DEBUG -    FlashPixVersion: (0xA000) Undefined=0100 @ 240
2025-03-14 13:53:14,754 - DEBUG -    ColorSpace: (0xA001) Short=Uncalibrated @ 252
2025-03-14 13:53:14,754 - DEBUG -    ExifImageWidth: (0xA002) Long=874 @ 264
2025-03-14 13:53:14,754 - DEBUG -    ExifImageLength: (0xA003) Long=1110 @ 276
2025-03-14 13:53:14,754 - DEBUG -    SceneCaptureType: (0xA406) Short=Standard @ 288
2025-03-14 13:53:14,754 - DEBUG -   Found 17 metadata tags
2025-03-14 13:53:14,754 - DEBUG -   Completed Reading metadata in 0.00s
2025-03-14 13:53:14,754 - DEBUG -   Starting Analyzing metadata fields...
2025-03-14 13:53:14,754 - DEBUG -   Completed Analyzing metadata fields in 0.00s
2025-03-14 13:53:14,754 - INFO - [42.70s]   [42.70s]   No suspicious large metadata fields found
2025-03-14 13:53:14,754 - DEBUG -   Completed large_metadata analysis in 0.00s
2025-03-14 13:53:14,754 - INFO - [42.70s]   [42.70s]   Progress: 12/12 analysis steps completed (100.0%)
2025-03-14 13:53:14,754 - INFO - [42.70s]   [42.70s]   Analysis complete - 0 total findings
2025-03-14 13:53:14,754 - INFO - [42.70s]   [42.70s]   Completed Analyzing yews_2025-03-14_Vanity_Tops_Health_As_Gym_Motivation_3-13-25-3PM-7.jpg in 3.80s
2025-03-14 13:53:14,754 - INFO - [42.70s]   [42.70s]   Completed Analyzing yews_2025-03-14_Vanity_Tops_Health_As_Gym_Motivation_3-13-25-3PM-7.jpg in 3.80s
2025-03-14 13:53:14,754 - INFO - [42.70s]   [42.70s]   
Analyzing file 10/30: /Users/adam/Git/stego_tools/yews_images/yews_news/2025-03-14/yews_2025-03-14_Rare_Blood_Moon_Lunar_Eclipse_Tonight_3-13-25-8PM-0.jpg
2025-03-14 13:53:14,754 - INFO - [42.70s]   [42.70s]   Starting Analyzing yews_2025-03-14_Rare_Blood_Moon_Lunar_Eclipse_Tonight_3-13-25-8PM-0.jpg...
2025-03-14 13:53:14,754 - INFO - [42.70s]   [42.70s]   Starting Analyzing yews_2025-03-14_Rare_Blood_Moon_Lunar_Eclipse_Tonight_3-13-25-8PM-0.jpg...
2025-03-14 13:53:14,754 - INFO - [42.70s]   [42.70s]   File size: 346,170 bytes
2025-03-14 13:53:14,754 - DEBUG -   Starting metadata analysis...
2025-03-14 13:53:14,754 - INFO - [42.70s]   [42.70s]   Checking metadata...
2025-03-14 13:53:14,754 - DEBUG -   Starting Reading EXIF data...
2025-03-14 13:53:14,754 - DEBUG -   JPEG format recognized data[0:2]=0xFFD8
2025-03-14 13:53:14,755 - DEBUG -   data[2]=0xFF data[3]=0xE1 data[6:10]=b'Exif'
2025-03-14 13:53:14,755 - DEBUG -    Segment base 0x2
2025-03-14 13:53:14,755 - DEBUG -     APP1 at base 0x2
2025-03-14 13:53:14,755 - DEBUG -     Length: 0x1 0x46
2025-03-14 13:53:14,755 - DEBUG -     Code: b'Exif'
2025-03-14 13:53:14,755 - DEBUG -     Decrement base by 2 to get to pre-segment header (for compatibility with later code)
2025-03-14 13:53:14,755 - DEBUG -   Endian format is M (Motorola)
2025-03-14 13:53:14,755 - DEBUG -   IFD 0 (Image) at offset 8:
2025-03-14 13:53:14,755 - DEBUG -    PhotometricInterpretation: (0x0106) Short=2 @ 18
2025-03-14 13:53:14,755 - DEBUG -    Orientation: (0x0112) Short=Horizontal (normal) @ 30
2025-03-14 13:53:14,755 - DEBUG -    XResolution: (0x011A) Ratio=300 @ 122
2025-03-14 13:53:14,755 - DEBUG -    YResolution: (0x011B) Ratio=300 @ 130
2025-03-14 13:53:14,755 - DEBUG -    ResolutionUnit: (0x0128) Short=Pixels/Inch @ 66
2025-03-14 13:53:14,755 - DEBUG -    Software: (0x0131) ASCII=Adobe Photoshop CC 2017 (Macintosh) @ 138
2025-03-14 13:53:14,755 - DEBUG -    DateTime: (0x0132) ASCII=2017:11:21 09:57:04 @ 174
2025-03-14 13:53:14,755 - DEBUG -    YCbCrPositioning: (0x0213) Short=Centered @ 102
2025-03-14 13:53:14,755 - DEBUG -    ExifOffset: (0x8769) Long=194 @ 114
2025-03-14 13:53:14,755 - DEBUG -   Exif SubIFD at offset 194:
2025-03-14 13:53:14,755 - DEBUG -    ExifVersion: (0x9000) Undefined=0221 @ 204
2025-03-14 13:53:14,755 - DEBUG -    DateTimeDigitized: (0x9004) ASCII=2013:01:31 16:35:47 @ 296
2025-03-14 13:53:14,755 - DEBUG -    ComponentsConfiguration: (0x9101) Undefined=YCbCr @ 228
2025-03-14 13:53:14,755 - DEBUG -    FlashPixVersion: (0xA000) Undefined=0100 @ 240
2025-03-14 13:53:14,755 - DEBUG -    ColorSpace: (0xA001) Short=Uncalibrated @ 252
2025-03-14 13:53:14,755 - DEBUG -    ExifImageWidth: (0xA002) Long=890 @ 264
2025-03-14 13:53:14,755 - DEBUG -    ExifImageLength: (0xA003) Long=1109 @ 276
2025-03-14 13:53:14,755 - DEBUG -    SceneCaptureType: (0xA406) Short=Standard @ 288
2025-03-14 13:53:14,755 - DEBUG -   Found 17 EXIF tags
2025-03-14 13:53:14,755 - DEBUG -   Completed Reading EXIF data in 0.00s
2025-03-14 13:53:14,755 - DEBUG -   Starting Analyzing metadata content...
2025-03-14 13:53:14,755 - INFO - [42.70s]   [42.70s]   No suspicious patterns found in metadata
2025-03-14 13:53:14,755 - DEBUG -   Completed Analyzing metadata content in 0.00s
2025-03-14 13:53:14,755 - DEBUG -   Completed metadata analysis in 0.00s
2025-03-14 13:53:14,755 - INFO - [42.70s]   [42.70s]   Progress: 1/12 analysis steps completed (8.3%)
2025-03-14 13:53:14,755 - DEBUG -   Starting raw_bytes analysis...
2025-03-14 13:53:14,755 - INFO - [42.70s]   [42.70s]   Checking raw bytes...
2025-03-14 13:53:14,756 - DEBUG -   Starting Reading file content...
2025-03-14 13:53:14,756 - DEBUG -   Read 346,170 bytes
2025-03-14 13:53:14,756 - DEBUG -   Completed Reading file content in 0.00s
2025-03-14 13:53:14,756 - DEBUG -   Starting Analyzing ASCII content...
2025-03-14 13:53:14,758 - DEBUG -   Completed Analyzing ASCII content in 0.00s
2025-03-14 13:53:14,758 - DEBUG -   Starting Analyzing hex content...
2025-03-14 13:53:14,760 - DEBUG -   Completed Analyzing hex content in 0.00s
2025-03-14 13:53:14,760 - DEBUG -   Starting Checking base64 variants...
2025-03-14 13:53:14,761 - DEBUG -   Completed Checking base64 variants in 0.00s
2025-03-14 13:53:14,761 - DEBUG -   Starting Analyzing suspicious patterns...
2025-03-14 13:53:14,798 - WARNING - [42.74s]   [42.74s]   Suspicious substring in raw data: Steganography tool reference: f5
2025-03-14 13:53:14,798 - DEBUG -   Completed Analyzing suspicious patterns in 0.04s
2025-03-14 13:53:14,798 - INFO - [42.75s]   [42.74s]   Found 1 suspicious patterns in raw bytes
2025-03-14 13:53:14,798 - DEBUG -   Completed raw_bytes analysis in 0.04s
2025-03-14 13:53:14,798 - INFO - [42.75s]   [42.75s]   Progress: 2/12 analysis steps completed (16.7%)
2025-03-14 13:53:14,798 - DEBUG -   Starting binary_patterns analysis...
2025-03-14 13:53:15,141 - DEBUG -   Completed binary_patterns analysis in 0.34s
2025-03-14 13:53:15,141 - INFO - [43.09s]   [43.09s]   Progress: 3/12 analysis steps completed (25.0%)
2025-03-14 13:53:15,141 - DEBUG -   Starting lsb analysis...
2025-03-14 13:53:15,141 - DEBUG -   tag: PhotometricInterpretation (262) - type: short (3) - value: b'\x00\x02'
2025-03-14 13:53:15,141 - DEBUG -   tag: Orientation (274) - type: short (3) - value: b'\x00\x01'
2025-03-14 13:53:15,141 - DEBUG -   tag: XResolution (282) - type: rational (5) Tag Location: 46 - Data Location: 122 - value: b'\x00\x00\x01,\x00\x00\x00\x01'
2025-03-14 13:53:15,141 - DEBUG -   tag: YResolution (283) - type: rational (5) Tag Location: 58 - Data Location: 130 - value: b'\x00\x00\x01,\x00\x00\x00\x01'
2025-03-14 13:53:15,141 - DEBUG -   tag: ResolutionUnit (296) - type: short (3) - value: b'\x00\x02'
2025-03-14 13:53:15,141 - DEBUG -   tag: Software (305) - type: string (2) Tag Location: 82 - Data Location: 138 - value: <table: 36 bytes>
2025-03-14 13:53:15,141 - DEBUG -   tag: DateTime (306) - type: string (2) Tag Location: 94 - Data Location: 174 - value: b'2017:11:21 09:57:04\x00'
2025-03-14 13:53:15,141 - DEBUG -   tag: YCbCrPositioning (531) - type: short (3) - value: b'\x00\x01'
2025-03-14 13:53:15,141 - DEBUG -   tag: ExifIFD (34665) - type: long (4) - value: b'\x00\x00\x00\xc2'
2025-03-14 13:53:18,099 - DEBUG -   Completed lsb analysis in 2.96s
2025-03-14 13:53:18,099 - INFO - [46.05s]   [46.05s]   Progress: 4/12 analysis steps completed (33.3%)
2025-03-14 13:53:18,099 - DEBUG -   Starting channels analysis...
2025-03-14 13:53:18,100 - DEBUG -   tag: PhotometricInterpretation (262) - type: short (3) - value: b'\x00\x02'
2025-03-14 13:53:18,100 - DEBUG -   tag: Orientation (274) - type: short (3) - value: b'\x00\x01'
2025-03-14 13:53:18,100 - DEBUG -   tag: XResolution (282) - type: rational (5) Tag Location: 46 - Data Location: 122 - value: b'\x00\x00\x01,\x00\x00\x00\x01'
2025-03-14 13:53:18,100 - DEBUG -   tag: YResolution (283) - type: rational (5) Tag Location: 58 - Data Location: 130 - value: b'\x00\x00\x01,\x00\x00\x00\x01'
2025-03-14 13:53:18,100 - DEBUG -   tag: ResolutionUnit (296) - type: short (3) - value: b'\x00\x02'
2025-03-14 13:53:18,100 - DEBUG -   tag: Software (305) - type: string (2) Tag Location: 82 - Data Location: 138 - value: <table: 36 bytes>
2025-03-14 13:53:18,100 - DEBUG -   tag: DateTime (306) - type: string (2) Tag Location: 94 - Data Location: 174 - value: b'2017:11:21 09:57:04\x00'
2025-03-14 13:53:18,100 - DEBUG -   tag: YCbCrPositioning (531) - type: short (3) - value: b'\x00\x01'
2025-03-14 13:53:18,100 - DEBUG -   tag: ExifIFD (34665) - type: long (4) - value: b'\x00\x00\x00\xc2'
2025-03-14 13:53:18,528 - DEBUG -   Completed channels analysis in 0.43s
2025-03-14 13:53:18,528 - INFO - [46.48s]   [46.48s]   Progress: 5/12 analysis steps completed (41.7%)
2025-03-14 13:53:18,528 - DEBUG -   Starting binwalk analysis...
2025-03-14 13:53:18,567 - DEBUG -   Completed binwalk analysis in 0.04s
2025-03-14 13:53:18,568 - INFO - [46.51s]   [46.51s]   Progress: 6/12 analysis steps completed (50.0%)
2025-03-14 13:53:18,568 - DEBUG -   Starting icc_profile analysis...
2025-03-14 13:53:18,568 - DEBUG -   tag: PhotometricInterpretation (262) - type: short (3) - value: b'\x00\x02'
2025-03-14 13:53:18,568 - DEBUG -   tag: Orientation (274) - type: short (3) - value: b'\x00\x01'
2025-03-14 13:53:18,568 - DEBUG -   tag: XResolution (282) - type: rational (5) Tag Location: 46 - Data Location: 122 - value: b'\x00\x00\x01,\x00\x00\x00\x01'
2025-03-14 13:53:18,568 - DEBUG -   tag: YResolution (283) - type: rational (5) Tag Location: 58 - Data Location: 130 - value: b'\x00\x00\x01,\x00\x00\x00\x01'
2025-03-14 13:53:18,568 - DEBUG -   tag: ResolutionUnit (296) - type: short (3) - value: b'\x00\x02'
2025-03-14 13:53:18,568 - DEBUG -   tag: Software (305) - type: string (2) Tag Location: 82 - Data Location: 138 - value: <table: 36 bytes>
2025-03-14 13:53:18,568 - DEBUG -   tag: DateTime (306) - type: string (2) Tag Location: 94 - Data Location: 174 - value: b'2017:11:21 09:57:04\x00'
2025-03-14 13:53:18,568 - DEBUG -   tag: YCbCrPositioning (531) - type: short (3) - value: b'\x00\x01'
2025-03-14 13:53:18,568 - DEBUG -   tag: ExifIFD (34665) - type: long (4) - value: b'\x00\x00\x00\xc2'
2025-03-14 13:53:18,568 - DEBUG -   Completed icc_profile analysis in 0.00s
2025-03-14 13:53:18,568 - INFO - [46.52s]   [46.52s]   Progress: 7/12 analysis steps completed (58.3%)
2025-03-14 13:53:18,569 - DEBUG -   Starting zip_signatures analysis...
2025-03-14 13:53:18,597 - DEBUG -   Completed zip_signatures analysis in 0.03s
2025-03-14 13:53:18,597 - INFO - [46.54s]   [46.54s]   Progress: 8/12 analysis steps completed (66.7%)
2025-03-14 13:53:18,597 - DEBUG -   Starting appended_data analysis...
2025-03-14 13:53:18,597 - INFO - [46.54s]   [46.54s]   Checking for appended data...
2025-03-14 13:53:18,597 - DEBUG -   Starting Reading file...
2025-03-14 13:53:18,597 - DEBUG -   Read 346,170 bytes
2025-03-14 13:53:18,597 - DEBUG -   Completed Reading file in 0.00s
2025-03-14 13:53:18,597 - DEBUG -   Starting Analyzing file format...
2025-03-14 13:53:18,618 - DEBUG -   Found 1 EOI markers
2025-03-14 13:53:18,618 - DEBUG -   Completed Analyzing file format in 0.02s
2025-03-14 13:53:18,618 - INFO - [46.56s]   [46.56s]   No appended data found
2025-03-14 13:53:18,618 - DEBUG -   Completed appended_data analysis in 0.02s
2025-03-14 13:53:18,618 - INFO - [46.56s]   [46.56s]   Progress: 9/12 analysis steps completed (75.0%)
2025-03-14 13:53:18,618 - DEBUG -   Starting histogram analysis...
2025-03-14 13:53:18,618 - DEBUG -   tag: PhotometricInterpretation (262) - type: short (3) - value: b'\x00\x02'
2025-03-14 13:53:18,618 - DEBUG -   tag: Orientation (274) - type: short (3) - value: b'\x00\x01'
2025-03-14 13:53:18,618 - DEBUG -   tag: XResolution (282) - type: rational (5) Tag Location: 46 - Data Location: 122 - value: b'\x00\x00\x01,\x00\x00\x00\x01'
2025-03-14 13:53:18,618 - DEBUG -   tag: YResolution (283) - type: rational (5) Tag Location: 58 - Data Location: 130 - value: b'\x00\x00\x01,\x00\x00\x00\x01'
2025-03-14 13:53:18,618 - DEBUG -   tag: ResolutionUnit (296) - type: short (3) - value: b'\x00\x02'
2025-03-14 13:53:18,618 - DEBUG -   tag: Software (305) - type: string (2) Tag Location: 82 - Data Location: 138 - value: <table: 36 bytes>
2025-03-14 13:53:18,618 - DEBUG -   tag: DateTime (306) - type: string (2) Tag Location: 94 - Data Location: 174 - value: b'2017:11:21 09:57:04\x00'
2025-03-14 13:53:18,618 - DEBUG -   tag: YCbCrPositioning (531) - type: short (3) - value: b'\x00\x01'
2025-03-14 13:53:18,618 - DEBUG -   tag: ExifIFD (34665) - type: long (4) - value: b'\x00\x00\x00\xc2'
2025-03-14 13:53:18,846 - DEBUG -   Completed histogram analysis in 0.23s
2025-03-14 13:53:18,846 - INFO - [46.79s]   [46.79s]   Progress: 10/12 analysis steps completed (83.3%)
2025-03-14 13:53:18,846 - DEBUG -   Starting jpeg_comments analysis...
2025-03-14 13:53:18,846 - INFO - [46.79s]   [46.79s]   Checking JPEG comment segments...
2025-03-14 13:53:18,846 - DEBUG -   Starting Reading JPEG file...
2025-03-14 13:53:18,846 - DEBUG -   Completed Reading JPEG file in 0.00s
2025-03-14 13:53:18,846 - DEBUG -   Starting Analyzing comment segments...
2025-03-14 13:53:18,868 - DEBUG -   Completed Analyzing comment segments in 0.02s
2025-03-14 13:53:18,868 - INFO - [46.81s]   [46.81s]   No suspicious patterns found in JPEG comments
2025-03-14 13:53:18,868 - DEBUG -   Completed jpeg_comments analysis in 0.02s
2025-03-14 13:53:18,868 - INFO - [46.81s]   [46.81s]   Progress: 11/12 analysis steps completed (91.7%)
2025-03-14 13:53:18,868 - DEBUG -   Starting large_metadata analysis...
2025-03-14 13:53:18,868 - INFO - [46.81s]   [46.81s]   Checking for large metadata fields...
2025-03-14 13:53:18,868 - DEBUG -   Starting Reading metadata...
2025-03-14 13:53:18,868 - DEBUG -   JPEG format recognized data[0:2]=0xFFD8
2025-03-14 13:53:18,868 - DEBUG -   data[2]=0xFF data[3]=0xE1 data[6:10]=b'Exif'
2025-03-14 13:53:18,868 - DEBUG -    Segment base 0x2
2025-03-14 13:53:18,868 - DEBUG -     APP1 at base 0x2
2025-03-14 13:53:18,868 - DEBUG -     Length: 0x1 0x46
2025-03-14 13:53:18,868 - DEBUG -     Code: b'Exif'
2025-03-14 13:53:18,868 - DEBUG -     Decrement base by 2 to get to pre-segment header (for compatibility with later code)
2025-03-14 13:53:18,868 - DEBUG -   Endian format is M (Motorola)
2025-03-14 13:53:18,868 - DEBUG -   IFD 0 (Image) at offset 8:
2025-03-14 13:53:18,868 - DEBUG -    PhotometricInterpretation: (0x0106) Short=2 @ 18
2025-03-14 13:53:18,868 - DEBUG -    Orientation: (0x0112) Short=Horizontal (normal) @ 30
2025-03-14 13:53:18,868 - DEBUG -    XResolution: (0x011A) Ratio=300 @ 122
2025-03-14 13:53:18,868 - DEBUG -    YResolution: (0x011B) Ratio=300 @ 130
2025-03-14 13:53:18,868 - DEBUG -    ResolutionUnit: (0x0128) Short=Pixels/Inch @ 66
2025-03-14 13:53:18,868 - DEBUG -    Software: (0x0131) ASCII=Adobe Photoshop CC 2017 (Macintosh) @ 138
2025-03-14 13:53:18,868 - DEBUG -    DateTime: (0x0132) ASCII=2017:11:21 09:57:04 @ 174
2025-03-14 13:53:18,868 - DEBUG -    YCbCrPositioning: (0x0213) Short=Centered @ 102
2025-03-14 13:53:18,868 - DEBUG -    ExifOffset: (0x8769) Long=194 @ 114
2025-03-14 13:53:18,868 - DEBUG -   Exif SubIFD at offset 194:
2025-03-14 13:53:18,868 - DEBUG -    ExifVersion: (0x9000) Undefined=0221 @ 204
2025-03-14 13:53:18,868 - DEBUG -    DateTimeDigitized: (0x9004) ASCII=2013:01:31 16:35:47 @ 296
2025-03-14 13:53:18,869 - DEBUG -    ComponentsConfiguration: (0x9101) Undefined=YCbCr @ 228
2025-03-14 13:53:18,869 - DEBUG -    FlashPixVersion: (0xA000) Undefined=0100 @ 240
2025-03-14 13:53:18,869 - DEBUG -    ColorSpace: (0xA001) Short=Uncalibrated @ 252
2025-03-14 13:53:18,869 - DEBUG -    ExifImageWidth: (0xA002) Long=890 @ 264
2025-03-14 13:53:18,869 - DEBUG -    ExifImageLength: (0xA003) Long=1109 @ 276
2025-03-14 13:53:18,869 - DEBUG -    SceneCaptureType: (0xA406) Short=Standard @ 288
2025-03-14 13:53:18,869 - DEBUG -   Found 17 metadata tags
2025-03-14 13:53:18,869 - DEBUG -   Completed Reading metadata in 0.00s
2025-03-14 13:53:18,869 - DEBUG -   Starting Analyzing metadata fields...
2025-03-14 13:53:18,869 - DEBUG -   Completed Analyzing metadata fields in 0.00s
2025-03-14 13:53:18,869 - INFO - [46.82s]   [46.82s]   No suspicious large metadata fields found
2025-03-14 13:53:18,869 - DEBUG -   Completed large_metadata analysis in 0.00s
2025-03-14 13:53:18,869 - INFO - [46.82s]   [46.82s]   Progress: 12/12 analysis steps completed (100.0%)
2025-03-14 13:53:18,869 - INFO - [46.82s]   [46.82s]   Analysis complete - 0 total findings
2025-03-14 13:53:18,869 - INFO - [46.82s]   [46.82s]   Completed Analyzing yews_2025-03-14_Rare_Blood_Moon_Lunar_Eclipse_Tonight_3-13-25-8PM-0.jpg in 4.11s
2025-03-14 13:53:18,869 - INFO - [46.82s]   [46.82s]   Completed Analyzing yews_2025-03-14_Rare_Blood_Moon_Lunar_Eclipse_Tonight_3-13-25-8PM-0.jpg in 4.11s
2025-03-14 13:53:18,869 - INFO - [46.82s]   [46.82s]   
Analyzing file 11/30: /Users/adam/Git/stego_tools/yews_images/yews_news/2025-03-14/yews_2025-03-14_Meta_Launches_Crowdsourced_Fact-Checks_3-13-25-3PM-6.jpg
2025-03-14 13:53:18,869 - INFO - [46.82s]   [46.82s]   Starting Analyzing yews_2025-03-14_Meta_Launches_Crowdsourced_Fact-Checks_3-13-25-3PM-6.jpg...
2025-03-14 13:53:18,869 - INFO - [46.82s]   [46.82s]   Starting Analyzing yews_2025-03-14_Meta_Launches_Crowdsourced_Fact-Checks_3-13-25-3PM-6.jpg...
2025-03-14 13:53:18,869 - INFO - [46.82s]   [46.82s]   File size: 1,311,941 bytes
2025-03-14 13:53:18,869 - DEBUG -   Starting metadata analysis...
2025-03-14 13:53:18,869 - INFO - [46.82s]   [46.82s]   Checking metadata...
2025-03-14 13:53:18,869 - DEBUG -   Starting Reading EXIF data...
2025-03-14 13:53:18,870 - DEBUG -   JPEG format recognized data[0:2]=0xFFD8
2025-03-14 13:53:18,870 - DEBUG -   data[2]=0xFF data[3]=0xE1 data[6:10]=b'Exif'
2025-03-14 13:53:18,870 - DEBUG -    Segment base 0x2
2025-03-14 13:53:18,870 - DEBUG -     APP1 at base 0x2
2025-03-14 13:53:18,870 - DEBUG -     Length: 0x1 0xC
2025-03-14 13:53:18,870 - DEBUG -     Code: b'Exif'
2025-03-14 13:53:18,870 - DEBUG -     Decrement base by 2 to get to pre-segment header (for compatibility with later code)
2025-03-14 13:53:18,870 - DEBUG -   Endian format is M (Motorola)
2025-03-14 13:53:18,870 - DEBUG -   IFD 0 (Image) at offset 8:
2025-03-14 13:53:18,870 - DEBUG -    Orientation: (0x0112) Short=Horizontal (normal) @ 18
2025-03-14 13:53:18,870 - DEBUG -    XResolution: (0x011A) Ratio=72 @ 110
2025-03-14 13:53:18,870 - DEBUG -    YResolution: (0x011B) Ratio=72 @ 118
2025-03-14 13:53:18,870 - DEBUG -    ResolutionUnit: (0x0128) Short=Pixels/Inch @ 54
2025-03-14 13:53:18,870 - DEBUG -    Artist: (0x013B) ASCII=Howard Agriesti @ 126
2025-03-14 13:53:18,871 - DEBUG -    YCbCrPositioning: (0x0213) Short=Centered @ 78
2025-03-14 13:53:18,871 - DEBUG -    Copyright: (0x8298) ASCII=©Cleveland Museum of Art @ 142
2025-03-14 13:53:18,871 - DEBUG -    ExifOffset: (0x8769) Long=168 @ 102
2025-03-14 13:53:18,871 - DEBUG -   Exif SubIFD at offset 168:
2025-03-14 13:53:18,871 - DEBUG -    ExifVersion: (0x9000) Undefined=0221 @ 178
2025-03-14 13:53:18,871 - DEBUG -    ComponentsConfiguration: (0x9101) Undefined=YCbCr @ 190
2025-03-14 13:53:18,871 - DEBUG -    FlashPixVersion: (0xA000) Undefined=0100 @ 202
2025-03-14 13:53:18,871 - DEBUG -    ColorSpace: (0xA001) Short=sRGB @ 214
2025-03-14 13:53:18,871 - DEBUG -    ExifImageWidth: (0xA002) Long=1280 @ 226
2025-03-14 13:53:18,871 - DEBUG -    ExifImageLength: (0xA003) Long=1849 @ 238
2025-03-14 13:53:18,871 - DEBUG -    SceneCaptureType: (0xA406) Short=Standard @ 250
2025-03-14 13:53:18,871 - DEBUG -   Found 15 EXIF tags
2025-03-14 13:53:18,871 - DEBUG -   Completed Reading EXIF data in 0.00s
2025-03-14 13:53:18,871 - DEBUG -   Starting Analyzing metadata content...
2025-03-14 13:53:18,871 - INFO - [46.82s]   [46.82s]   No suspicious patterns found in metadata
2025-03-14 13:53:18,871 - DEBUG -   Completed Analyzing metadata content in 0.00s
2025-03-14 13:53:18,871 - DEBUG -   Completed metadata analysis in 0.00s
2025-03-14 13:53:18,871 - INFO - [46.82s]   [46.82s]   Progress: 1/12 analysis steps completed (8.3%)
2025-03-14 13:53:18,871 - DEBUG -   Starting raw_bytes analysis...
2025-03-14 13:53:18,871 - INFO - [46.82s]   [46.82s]   Checking raw bytes...
2025-03-14 13:53:18,871 - DEBUG -   Starting Reading file content...
2025-03-14 13:53:18,872 - DEBUG -   Read 1,311,941 bytes
2025-03-14 13:53:18,872 - DEBUG -   Completed Reading file content in 0.00s
2025-03-14 13:53:18,872 - DEBUG -   Starting Analyzing ASCII content...
2025-03-14 13:53:18,881 - DEBUG -   Completed Analyzing ASCII content in 0.01s
2025-03-14 13:53:18,881 - DEBUG -   Starting Analyzing hex content...
2025-03-14 13:53:18,885 - DEBUG -   Completed Analyzing hex content in 0.00s
2025-03-14 13:53:18,885 - DEBUG -   Starting Checking base64 variants...
2025-03-14 13:53:18,889 - DEBUG -   Completed Checking base64 variants in 0.00s
2025-03-14 13:53:18,889 - DEBUG -   Starting Analyzing suspicious patterns...
2025-03-14 13:53:19,014 - WARNING - [46.96s]   [46.96s]   Suspicious substring in raw data: Steganography tool reference: f5
2025-03-14 13:53:19,014 - DEBUG -   Completed Analyzing suspicious patterns in 0.12s
2025-03-14 13:53:19,014 - INFO - [46.96s]   [46.96s]   Found 1 suspicious patterns in raw bytes
2025-03-14 13:53:19,014 - DEBUG -   Completed raw_bytes analysis in 0.14s
2025-03-14 13:53:19,014 - INFO - [46.96s]   [46.96s]   Progress: 2/12 analysis steps completed (16.7%)
2025-03-14 13:53:19,014 - DEBUG -   Starting binary_patterns analysis...
2025-03-14 13:53:20,193 - DEBUG -   Completed binary_patterns analysis in 1.18s
2025-03-14 13:53:20,194 - INFO - [48.14s]   [48.14s]   Progress: 3/12 analysis steps completed (25.0%)
2025-03-14 13:53:20,194 - DEBUG -   Starting lsb analysis...
2025-03-14 13:53:20,194 - DEBUG -   tag: Orientation (274) - type: short (3) - value: b'\x00\x01'
2025-03-14 13:53:20,194 - DEBUG -   tag: XResolution (282) - type: rational (5) Tag Location: 34 - Data Location: 110 - value: b'\x00\x00\x00H\x00\x00\x00\x01'
2025-03-14 13:53:20,194 - DEBUG -   tag: YResolution (283) - type: rational (5) Tag Location: 46 - Data Location: 118 - value: b'\x00\x00\x00H\x00\x00\x00\x01'
2025-03-14 13:53:20,194 - DEBUG -   tag: ResolutionUnit (296) - type: short (3) - value: b'\x00\x02'
2025-03-14 13:53:20,194 - DEBUG -   tag: Artist (315) - type: string (2) Tag Location: 70 - Data Location: 126 - value: b'Howard Agriesti\x00'
2025-03-14 13:53:20,194 - DEBUG -   tag: YCbCrPositioning (531) - type: short (3) - value: b'\x00\x01'
2025-03-14 13:53:20,194 - DEBUG -   tag: Copyright (33432) - type: string (2) Tag Location: 94 - Data Location: 142 - value: b'\xc2\xa9Cleveland Museum of Art\x00'
2025-03-14 13:53:20,194 - DEBUG -   tag: ExifIFD (34665) - type: long (4) - value: b'\x00\x00\x00\xa8'
2025-03-14 13:53:27,667 - DEBUG -   Completed lsb analysis in 7.47s
2025-03-14 13:53:27,668 - INFO - [55.61s]   [55.61s]   Progress: 4/12 analysis steps completed (33.3%)
2025-03-14 13:53:27,668 - DEBUG -   Starting channels analysis...
2025-03-14 13:53:27,668 - DEBUG -   tag: Orientation (274) - type: short (3) - value: b'\x00\x01'
2025-03-14 13:53:27,668 - DEBUG -   tag: XResolution (282) - type: rational (5) Tag Location: 34 - Data Location: 110 - value: b'\x00\x00\x00H\x00\x00\x00\x01'
2025-03-14 13:53:27,668 - DEBUG -   tag: YResolution (283) - type: rational (5) Tag Location: 46 - Data Location: 118 - value: b'\x00\x00\x00H\x00\x00\x00\x01'
2025-03-14 13:53:27,668 - DEBUG -   tag: ResolutionUnit (296) - type: short (3) - value: b'\x00\x02'
2025-03-14 13:53:27,668 - DEBUG -   tag: Artist (315) - type: string (2) Tag Location: 70 - Data Location: 126 - value: b'Howard Agriesti\x00'
2025-03-14 13:53:27,668 - DEBUG -   tag: YCbCrPositioning (531) - type: short (3) - value: b'\x00\x01'
2025-03-14 13:53:27,668 - DEBUG -   tag: Copyright (33432) - type: string (2) Tag Location: 94 - Data Location: 142 - value: b'\xc2\xa9Cleveland Museum of Art\x00'
2025-03-14 13:53:27,668 - DEBUG -   tag: ExifIFD (34665) - type: long (4) - value: b'\x00\x00\x00\xa8'
2025-03-14 13:53:28,769 - DEBUG -   Completed channels analysis in 1.10s
2025-03-14 13:53:28,769 - INFO - [56.72s]   [56.72s]   Progress: 5/12 analysis steps completed (41.7%)
2025-03-14 13:53:28,769 - DEBUG -   Starting binwalk analysis...
2025-03-14 13:53:28,796 - DEBUG -   Completed binwalk analysis in 0.03s
2025-03-14 13:53:28,796 - INFO - [56.74s]   [56.74s]   Progress: 6/12 analysis steps completed (50.0%)
2025-03-14 13:53:28,796 - DEBUG -   Starting icc_profile analysis...
2025-03-14 13:53:28,797 - DEBUG -   tag: Orientation (274) - type: short (3) - value: b'\x00\x01'
2025-03-14 13:53:28,797 - DEBUG -   tag: XResolution (282) - type: rational (5) Tag Location: 34 - Data Location: 110 - value: b'\x00\x00\x00H\x00\x00\x00\x01'
2025-03-14 13:53:28,797 - DEBUG -   tag: YResolution (283) - type: rational (5) Tag Location: 46 - Data Location: 118 - value: b'\x00\x00\x00H\x00\x00\x00\x01'
2025-03-14 13:53:28,797 - DEBUG -   tag: ResolutionUnit (296) - type: short (3) - value: b'\x00\x02'
2025-03-14 13:53:28,797 - DEBUG -   tag: Artist (315) - type: string (2) Tag Location: 70 - Data Location: 126 - value: b'Howard Agriesti\x00'
2025-03-14 13:53:28,797 - DEBUG -   tag: YCbCrPositioning (531) - type: short (3) - value: b'\x00\x01'
2025-03-14 13:53:28,797 - DEBUG -   tag: Copyright (33432) - type: string (2) Tag Location: 94 - Data Location: 142 - value: b'\xc2\xa9Cleveland Museum of Art\x00'
2025-03-14 13:53:28,797 - DEBUG -   tag: ExifIFD (34665) - type: long (4) - value: b'\x00\x00\x00\xa8'
2025-03-14 13:53:28,797 - DEBUG -   Completed icc_profile analysis in 0.00s
2025-03-14 13:53:28,797 - INFO - [56.74s]   [56.74s]   Progress: 7/12 analysis steps completed (58.3%)
2025-03-14 13:53:28,797 - DEBUG -   Starting zip_signatures analysis...
2025-03-14 13:53:28,902 - DEBUG -   Completed zip_signatures analysis in 0.11s
2025-03-14 13:53:28,902 - INFO - [56.85s]   [56.85s]   Progress: 8/12 analysis steps completed (66.7%)
2025-03-14 13:53:28,902 - DEBUG -   Starting appended_data analysis...
2025-03-14 13:53:28,902 - INFO - [56.85s]   [56.85s]   Checking for appended data...
2025-03-14 13:53:28,902 - DEBUG -   Starting Reading file...
2025-03-14 13:53:28,903 - DEBUG -   Read 1,311,941 bytes
2025-03-14 13:53:28,903 - DEBUG -   Completed Reading file in 0.00s
2025-03-14 13:53:28,903 - DEBUG -   Starting Analyzing file format...
2025-03-14 13:53:28,981 - DEBUG -   Found 1 EOI markers
2025-03-14 13:53:28,981 - DEBUG -   Completed Analyzing file format in 0.08s
2025-03-14 13:53:28,981 - INFO - [56.93s]   [56.93s]   No appended data found
2025-03-14 13:53:28,981 - DEBUG -   Completed appended_data analysis in 0.08s
2025-03-14 13:53:28,981 - INFO - [56.93s]   [56.93s]   Progress: 9/12 analysis steps completed (75.0%)
2025-03-14 13:53:28,981 - DEBUG -   Starting histogram analysis...
2025-03-14 13:53:28,981 - DEBUG -   tag: Orientation (274) - type: short (3) - value: b'\x00\x01'
2025-03-14 13:53:28,981 - DEBUG -   tag: XResolution (282) - type: rational (5) Tag Location: 34 - Data Location: 110 - value: b'\x00\x00\x00H\x00\x00\x00\x01'
2025-03-14 13:53:28,981 - DEBUG -   tag: YResolution (283) - type: rational (5) Tag Location: 46 - Data Location: 118 - value: b'\x00\x00\x00H\x00\x00\x00\x01'
2025-03-14 13:53:28,981 - DEBUG -   tag: ResolutionUnit (296) - type: short (3) - value: b'\x00\x02'
2025-03-14 13:53:28,981 - DEBUG -   tag: Artist (315) - type: string (2) Tag Location: 70 - Data Location: 126 - value: b'Howard Agriesti\x00'
2025-03-14 13:53:28,981 - DEBUG -   tag: YCbCrPositioning (531) - type: short (3) - value: b'\x00\x01'
2025-03-14 13:53:28,981 - DEBUG -   tag: Copyright (33432) - type: string (2) Tag Location: 94 - Data Location: 142 - value: b'\xc2\xa9Cleveland Museum of Art\x00'
2025-03-14 13:53:28,981 - DEBUG -   tag: ExifIFD (34665) - type: long (4) - value: b'\x00\x00\x00\xa8'
2025-03-14 13:53:29,500 - DEBUG -   Completed histogram analysis in 0.52s
2025-03-14 13:53:29,500 - INFO - [57.45s]   [57.45s]   Progress: 10/12 analysis steps completed (83.3%)
2025-03-14 13:53:29,500 - DEBUG -   Starting jpeg_comments analysis...
2025-03-14 13:53:29,500 - INFO - [57.45s]   [57.45s]   Checking JPEG comment segments...
2025-03-14 13:53:29,500 - DEBUG -   Starting Reading JPEG file...
2025-03-14 13:53:29,501 - DEBUG -   Completed Reading JPEG file in 0.00s
2025-03-14 13:53:29,501 - DEBUG -   Starting Analyzing comment segments...
2025-03-14 13:53:29,581 - DEBUG -   Completed Analyzing comment segments in 0.08s
2025-03-14 13:53:29,581 - INFO - [57.53s]   [57.53s]   No suspicious patterns found in JPEG comments
2025-03-14 13:53:29,581 - DEBUG -   Completed jpeg_comments analysis in 0.08s
2025-03-14 13:53:29,581 - INFO - [57.53s]   [57.53s]   Progress: 11/12 analysis steps completed (91.7%)
2025-03-14 13:53:29,581 - DEBUG -   Starting large_metadata analysis...
2025-03-14 13:53:29,581 - INFO - [57.53s]   [57.53s]   Checking for large metadata fields...
2025-03-14 13:53:29,581 - DEBUG -   Starting Reading metadata...
2025-03-14 13:53:29,581 - DEBUG -   JPEG format recognized data[0:2]=0xFFD8
2025-03-14 13:53:29,581 - DEBUG -   data[2]=0xFF data[3]=0xE1 data[6:10]=b'Exif'
2025-03-14 13:53:29,581 - DEBUG -    Segment base 0x2
2025-03-14 13:53:29,581 - DEBUG -     APP1 at base 0x2
2025-03-14 13:53:29,581 - DEBUG -     Length: 0x1 0xC
2025-03-14 13:53:29,581 - DEBUG -     Code: b'Exif'
2025-03-14 13:53:29,581 - DEBUG -     Decrement base by 2 to get to pre-segment header (for compatibility with later code)
2025-03-14 13:53:29,581 - DEBUG -   Endian format is M (Motorola)
2025-03-14 13:53:29,581 - DEBUG -   IFD 0 (Image) at offset 8:
2025-03-14 13:53:29,581 - DEBUG -    Orientation: (0x0112) Short=Horizontal (normal) @ 18
2025-03-14 13:53:29,581 - DEBUG -    XResolution: (0x011A) Ratio=72 @ 110
2025-03-14 13:53:29,581 - DEBUG -    YResolution: (0x011B) Ratio=72 @ 118
2025-03-14 13:53:29,581 - DEBUG -    ResolutionUnit: (0x0128) Short=Pixels/Inch @ 54
2025-03-14 13:53:29,581 - DEBUG -    Artist: (0x013B) ASCII=Howard Agriesti @ 126
2025-03-14 13:53:29,581 - DEBUG -    YCbCrPositioning: (0x0213) Short=Centered @ 78
2025-03-14 13:53:29,581 - DEBUG -    Copyright: (0x8298) ASCII=©Cleveland Museum of Art @ 142
2025-03-14 13:53:29,581 - DEBUG -    ExifOffset: (0x8769) Long=168 @ 102
2025-03-14 13:53:29,581 - DEBUG -   Exif SubIFD at offset 168:
2025-03-14 13:53:29,581 - DEBUG -    ExifVersion: (0x9000) Undefined=0221 @ 178
2025-03-14 13:53:29,581 - DEBUG -    ComponentsConfiguration: (0x9101) Undefined=YCbCr @ 190
2025-03-14 13:53:29,581 - DEBUG -    FlashPixVersion: (0xA000) Undefined=0100 @ 202
2025-03-14 13:53:29,581 - DEBUG -    ColorSpace: (0xA001) Short=sRGB @ 214
2025-03-14 13:53:29,581 - DEBUG -    ExifImageWidth: (0xA002) Long=1280 @ 226
2025-03-14 13:53:29,581 - DEBUG -    ExifImageLength: (0xA003) Long=1849 @ 238
2025-03-14 13:53:29,581 - DEBUG -    SceneCaptureType: (0xA406) Short=Standard @ 250
2025-03-14 13:53:29,582 - DEBUG -   Found 15 metadata tags
2025-03-14 13:53:29,582 - DEBUG -   Completed Reading metadata in 0.00s
2025-03-14 13:53:29,582 - DEBUG -   Starting Analyzing metadata fields...
2025-03-14 13:53:29,582 - DEBUG -   Completed Analyzing metadata fields in 0.00s
2025-03-14 13:53:29,582 - INFO - [57.53s]   [57.53s]   No suspicious large metadata fields found
2025-03-14 13:53:29,582 - DEBUG -   Completed large_metadata analysis in 0.00s
2025-03-14 13:53:29,582 - INFO - [57.53s]   [57.53s]   Progress: 12/12 analysis steps completed (100.0%)
2025-03-14 13:53:29,582 - INFO - [57.53s]   [57.53s]   Analysis complete - 0 total findings
2025-03-14 13:53:29,582 - INFO - [57.53s]   [57.53s]   Completed Analyzing yews_2025-03-14_Meta_Launches_Crowdsourced_Fact-Checks_3-13-25-3PM-6.jpg in 10.71s
2025-03-14 13:53:29,582 - INFO - [57.53s]   [57.53s]   Completed Analyzing yews_2025-03-14_Meta_Launches_Crowdsourced_Fact-Checks_3-13-25-3PM-6.jpg in 10.71s
2025-03-14 13:53:29,582 - INFO - [57.53s]   [57.53s]   
Analyzing file 12/30: /Users/adam/Git/stego_tools/yews_images/yews_news/2025-03-14/yews_2025-03-14_Frat_Allegedly_Hit_Pledges_With_Cars_3-13-25-10AM-4.jpg
2025-03-14 13:53:29,582 - INFO - [57.53s]   [57.53s]   Starting Analyzing yews_2025-03-14_Frat_Allegedly_Hit_Pledges_With_Cars_3-13-25-10AM-4.jpg...
2025-03-14 13:53:29,582 - INFO - [57.53s]   [57.53s]   Starting Analyzing yews_2025-03-14_Frat_Allegedly_Hit_Pledges_With_Cars_3-13-25-10AM-4.jpg...
2025-03-14 13:53:29,582 - INFO - [57.53s]   [57.53s]   File size: 3,115,271 bytes
2025-03-14 13:53:29,582 - DEBUG -   Starting metadata analysis...
2025-03-14 13:53:29,582 - INFO - [57.53s]   [57.53s]   Checking metadata...
2025-03-14 13:53:29,582 - DEBUG -   Starting Reading EXIF data...
2025-03-14 13:53:29,583 - DEBUG -   PNG format recognized in data[0:8]=89504e470d0a1a0a
2025-03-14 13:53:29,584 - DEBUG -   PNG found chunk IHDR
2025-03-14 13:53:29,584 - DEBUG -   PNG found chunk iCCP
2025-03-14 13:53:29,584 - DEBUG -   PNG found chunk eXIf
2025-03-14 13:53:29,584 - DEBUG -   Endian format is M (Motorola)
2025-03-14 13:53:29,584 - DEBUG -   IFD 0 (Image) at offset 8:
2025-03-14 13:53:29,584 - DEBUG -    Orientation: (0x0112) Short=Horizontal (normal) @ 18
2025-03-14 13:53:29,584 - DEBUG -    XResolution: (0x011A) Ratio=144 @ 74
2025-03-14 13:53:29,584 - DEBUG -    YResolution: (0x011B) Ratio=144 @ 82
2025-03-14 13:53:29,584 - DEBUG -    ResolutionUnit: (0x0128) Short=Pixels/Inch @ 54
2025-03-14 13:53:29,584 - DEBUG -    ExifOffset: (0x8769) Long=90 @ 66
2025-03-14 13:53:29,584 - DEBUG -   Exif SubIFD at offset 90:
2025-03-14 13:53:29,584 - DEBUG -    UserComment: (0x9286) Undefined=Screenshot @ 132
2025-03-14 13:53:29,584 - DEBUG -    ExifImageWidth: (0xA002) Long=1845 @ 112
2025-03-14 13:53:29,584 - DEBUG -    ExifImageLength: (0xA003) Long=1482 @ 124
2025-03-14 13:53:29,584 - DEBUG -   Found 8 EXIF tags
2025-03-14 13:53:29,584 - DEBUG -   Completed Reading EXIF data in 0.00s
2025-03-14 13:53:29,584 - DEBUG -   Starting Analyzing metadata content...
2025-03-14 13:53:29,584 - INFO - [57.53s]   [57.53s]   No suspicious patterns found in metadata
2025-03-14 13:53:29,584 - DEBUG -   Completed Analyzing metadata content in 0.00s
2025-03-14 13:53:29,584 - DEBUG -   Completed metadata analysis in 0.00s
2025-03-14 13:53:29,584 - INFO - [57.53s]   [57.53s]   Progress: 1/12 analysis steps completed (8.3%)
2025-03-14 13:53:29,584 - DEBUG -   Starting raw_bytes analysis...
2025-03-14 13:53:29,584 - INFO - [57.53s]   [57.53s]   Checking raw bytes...
2025-03-14 13:53:29,584 - DEBUG -   Starting Reading file content...
2025-03-14 13:53:29,585 - DEBUG -   Read 3,115,271 bytes
2025-03-14 13:53:29,585 - DEBUG -   Completed Reading file content in 0.00s
2025-03-14 13:53:29,586 - DEBUG -   Starting Analyzing ASCII content...
2025-03-14 13:53:29,608 - DEBUG -   Completed Analyzing ASCII content in 0.02s
2025-03-14 13:53:29,608 - DEBUG -   Starting Analyzing hex content...
2025-03-14 13:53:29,617 - DEBUG -   Completed Analyzing hex content in 0.01s
2025-03-14 13:53:29,617 - DEBUG -   Starting Checking base64 variants...
2025-03-14 13:53:29,627 - DEBUG -   Completed Checking base64 variants in 0.01s
2025-03-14 13:53:29,627 - DEBUG -   Starting Analyzing suspicious patterns...
2025-03-14 13:53:29,951 - WARNING - [57.90s]   [57.90s]   Suspicious substring in raw data: Steganography tool reference: f5
2025-03-14 13:53:29,951 - DEBUG -   Completed Analyzing suspicious patterns in 0.32s
2025-03-14 13:53:29,951 - INFO - [57.90s]   [57.90s]   Found 1 suspicious patterns in raw bytes
2025-03-14 13:53:29,951 - DEBUG -   Completed raw_bytes analysis in 0.37s
2025-03-14 13:53:29,951 - INFO - [57.90s]   [57.90s]   Progress: 2/12 analysis steps completed (16.7%)
2025-03-14 13:53:29,951 - DEBUG -   Starting binary_patterns analysis...
2025-03-14 13:53:33,128 - DEBUG -   Completed binary_patterns analysis in 3.18s
2025-03-14 13:53:33,128 - INFO - [61.08s]   [61.08s]   Progress: 3/12 analysis steps completed (25.0%)
2025-03-14 13:53:33,128 - DEBUG -   Starting lsb analysis...
2025-03-14 13:53:33,129 - DEBUG -   STREAM b'IHDR' 16 13
2025-03-14 13:53:33,129 - DEBUG -   STREAM b'iCCP' 41 3132
2025-03-14 13:53:33,129 - DEBUG -   iCCP profile name b'ICC Profile'
2025-03-14 13:53:33,129 - DEBUG -   Compression method 0
2025-03-14 13:53:33,129 - DEBUG -   STREAM b'eXIf' 3185 150
2025-03-14 13:53:33,129 - DEBUG -   STREAM b'pHYs' 3347 9
2025-03-14 13:53:33,129 - DEBUG -   STREAM b'iTXt' 3368 729
2025-03-14 13:53:33,129 - DEBUG -   STREAM b'IDAT' 4109 16384
2025-03-14 13:53:41,834 - DEBUG -   Completed lsb analysis in 8.71s
2025-03-14 13:53:41,835 - INFO - [69.78s]   [69.78s]   Progress: 4/12 analysis steps completed (33.3%)
2025-03-14 13:53:41,836 - DEBUG -   Starting channels analysis...
2025-03-14 13:53:41,836 - DEBUG -   STREAM b'IHDR' 16 13
2025-03-14 13:53:41,836 - DEBUG -   STREAM b'iCCP' 41 3132
2025-03-14 13:53:41,836 - DEBUG -   iCCP profile name b'ICC Profile'
2025-03-14 13:53:41,836 - DEBUG -   Compression method 0
2025-03-14 13:53:41,836 - DEBUG -   STREAM b'eXIf' 3185 150
2025-03-14 13:53:41,836 - DEBUG -   STREAM b'pHYs' 3347 9
2025-03-14 13:53:41,836 - DEBUG -   STREAM b'iTXt' 3368 729
2025-03-14 13:53:41,836 - DEBUG -   STREAM b'IDAT' 4109 16384
2025-03-14 13:53:43,252 - DEBUG -   Completed channels analysis in 1.42s
2025-03-14 13:53:43,252 - INFO - [71.20s]   [71.20s]   Progress: 5/12 analysis steps completed (41.7%)
2025-03-14 13:53:43,252 - DEBUG -   Starting binwalk analysis...
2025-03-14 13:53:43,300 - DEBUG -   Completed binwalk analysis in 0.05s
2025-03-14 13:53:43,300 - INFO - [71.25s]   [71.25s]   Progress: 6/12 analysis steps completed (50.0%)
2025-03-14 13:53:43,300 - DEBUG -   Starting icc_profile analysis...
2025-03-14 13:53:43,300 - DEBUG -   STREAM b'IHDR' 16 13
2025-03-14 13:53:43,301 - DEBUG -   STREAM b'iCCP' 41 3132
2025-03-14 13:53:43,301 - DEBUG -   iCCP profile name b'ICC Profile'
2025-03-14 13:53:43,301 - DEBUG -   Compression method 0
2025-03-14 13:53:43,301 - DEBUG -   STREAM b'eXIf' 3185 150
2025-03-14 13:53:43,301 - DEBUG -   STREAM b'pHYs' 3347 9
2025-03-14 13:53:43,301 - DEBUG -   STREAM b'iTXt' 3368 729
2025-03-14 13:53:43,301 - DEBUG -   STREAM b'IDAT' 4109 16384
2025-03-14 13:53:43,301 - DEBUG -   Completed icc_profile analysis in 0.00s
2025-03-14 13:53:43,301 - INFO - [71.25s]   [71.25s]   Progress: 7/12 analysis steps completed (58.3%)
2025-03-14 13:53:43,301 - DEBUG -   Starting zip_signatures analysis...
2025-03-14 13:53:43,561 - DEBUG -   Completed zip_signatures analysis in 0.26s
2025-03-14 13:53:43,561 - INFO - [71.51s]   [71.51s]   Progress: 8/12 analysis steps completed (66.7%)
2025-03-14 13:53:43,562 - DEBUG -   Starting appended_data analysis...
2025-03-14 13:53:43,562 - INFO - [71.51s]   [71.51s]   Checking for appended data...
2025-03-14 13:53:43,562 - DEBUG -   Starting Reading file...
2025-03-14 13:53:43,562 - DEBUG -   Read 3,115,271 bytes
2025-03-14 13:53:43,562 - DEBUG -   Completed Reading file in 0.00s
2025-03-14 13:53:43,562 - DEBUG -   Starting Analyzing file format...
2025-03-14 13:53:43,563 - DEBUG -   Completed Analyzing file format in 0.00s
2025-03-14 13:53:43,563 - INFO - [71.51s]   [71.51s]   No appended data found
2025-03-14 13:53:43,563 - DEBUG -   Completed appended_data analysis in 0.00s
2025-03-14 13:53:43,563 - INFO - [71.51s]   [71.51s]   Progress: 9/12 analysis steps completed (75.0%)
2025-03-14 13:53:43,563 - DEBUG -   Starting histogram analysis...
2025-03-14 13:53:43,563 - DEBUG -   STREAM b'IHDR' 16 13
2025-03-14 13:53:43,563 - DEBUG -   STREAM b'iCCP' 41 3132
2025-03-14 13:53:43,563 - DEBUG -   iCCP profile name b'ICC Profile'
2025-03-14 13:53:43,563 - DEBUG -   Compression method 0
2025-03-14 13:53:43,563 - DEBUG -   STREAM b'eXIf' 3185 150
2025-03-14 13:53:43,563 - DEBUG -   STREAM b'pHYs' 3347 9
2025-03-14 13:53:43,563 - DEBUG -   STREAM b'iTXt' 3368 729
2025-03-14 13:53:43,563 - DEBUG -   STREAM b'IDAT' 4109 16384
2025-03-14 13:53:44,282 - DEBUG -   Completed histogram analysis in 0.72s
2025-03-14 13:53:44,283 - INFO - [72.23s]   [72.23s]   Progress: 10/12 analysis steps completed (83.3%)
2025-03-14 13:53:44,283 - DEBUG -   Starting jpeg_comments analysis...
2025-03-14 13:53:44,283 - INFO - [72.23s]   [72.23s]   Checking JPEG comment segments...
2025-03-14 13:53:44,283 - DEBUG -   Starting Reading JPEG file...
2025-03-14 13:53:44,283 - INFO - [72.23s]   [72.23s]   Not a JPEG file - skipping comment analysis
2025-03-14 13:53:44,283 - DEBUG -   Completed Reading JPEG file in 0.00s
2025-03-14 13:53:44,284 - DEBUG -   Completed jpeg_comments analysis in 0.00s
2025-03-14 13:53:44,284 - INFO - [72.23s]   [72.23s]   Progress: 11/12 analysis steps completed (91.7%)
2025-03-14 13:53:44,284 - DEBUG -   Starting large_metadata analysis...
2025-03-14 13:53:44,284 - INFO - [72.23s]   [72.23s]   Checking for large metadata fields...
2025-03-14 13:53:44,284 - DEBUG -   Starting Reading metadata...
2025-03-14 13:53:44,284 - DEBUG -   PNG format recognized in data[0:8]=89504e470d0a1a0a
2025-03-14 13:53:44,284 - DEBUG -   PNG found chunk IHDR
2025-03-14 13:53:44,284 - DEBUG -   PNG found chunk iCCP
2025-03-14 13:53:44,284 - DEBUG -   PNG found chunk eXIf
2025-03-14 13:53:44,284 - DEBUG -   Endian format is M (Motorola)
2025-03-14 13:53:44,284 - DEBUG -   IFD 0 (Image) at offset 8:
2025-03-14 13:53:44,284 - DEBUG -    Orientation: (0x0112) Short=Horizontal (normal) @ 18
2025-03-14 13:53:44,284 - DEBUG -    XResolution: (0x011A) Ratio=144 @ 74
2025-03-14 13:53:44,284 - DEBUG -    YResolution: (0x011B) Ratio=144 @ 82
2025-03-14 13:53:44,284 - DEBUG -    ResolutionUnit: (0x0128) Short=Pixels/Inch @ 54
2025-03-14 13:53:44,284 - DEBUG -    ExifOffset: (0x8769) Long=90 @ 66
2025-03-14 13:53:44,284 - DEBUG -   Exif SubIFD at offset 90:
2025-03-14 13:53:44,284 - DEBUG -    UserComment: (0x9286) Undefined=Screenshot @ 132
2025-03-14 13:53:44,284 - DEBUG -    ExifImageWidth: (0xA002) Long=1845 @ 112
2025-03-14 13:53:44,284 - DEBUG -    ExifImageLength: (0xA003) Long=1482 @ 124
2025-03-14 13:53:44,284 - DEBUG -   Found 8 metadata tags
2025-03-14 13:53:44,284 - DEBUG -   Completed Reading metadata in 0.00s
2025-03-14 13:53:44,284 - DEBUG -   Starting Analyzing metadata fields...
2025-03-14 13:53:44,284 - DEBUG -   Completed Analyzing metadata fields in 0.00s
2025-03-14 13:53:44,284 - INFO - [72.23s]   [72.23s]   No suspicious large metadata fields found
2025-03-14 13:53:44,284 - DEBUG -   Completed large_metadata analysis in 0.00s
2025-03-14 13:53:44,284 - INFO - [72.23s]   [72.23s]   Progress: 12/12 analysis steps completed (100.0%)
2025-03-14 13:53:44,284 - INFO - [72.23s]   [72.23s]   Analysis complete - 0 total findings
2025-03-14 13:53:44,284 - INFO - [72.23s]   [72.23s]   Completed Analyzing yews_2025-03-14_Frat_Allegedly_Hit_Pledges_With_Cars_3-13-25-10AM-4.jpg in 14.70s
2025-03-14 13:53:44,284 - INFO - [72.23s]   [72.23s]   Completed Analyzing yews_2025-03-14_Frat_Allegedly_Hit_Pledges_With_Cars_3-13-25-10AM-4.jpg in 14.70s
2025-03-14 13:53:44,284 - INFO - [72.23s]   [72.23s]   
Analyzing file 13/30: /Users/adam/Git/stego_tools/yews_images/yews_news/2025-03-14/yews_2025-03-14_USDA_Cuts__1B_In_Local_Food_Funding_3-13-25-10AM-7.jpg
2025-03-14 13:53:44,284 - INFO - [72.23s]   [72.23s]   Starting Analyzing yews_2025-03-14_USDA_Cuts__1B_In_Local_Food_Funding_3-13-25-10AM-7.jpg...
2025-03-14 13:53:44,284 - INFO - [72.23s]   [72.23s]   Starting Analyzing yews_2025-03-14_USDA_Cuts__1B_In_Local_Food_Funding_3-13-25-10AM-7.jpg...
2025-03-14 13:53:44,284 - INFO - [72.23s]   [72.23s]   File size: 537,520 bytes
2025-03-14 13:53:44,284 - DEBUG -   Starting metadata analysis...
2025-03-14 13:53:44,284 - INFO - [72.23s]   [72.23s]   Checking metadata...
2025-03-14 13:53:44,284 - DEBUG -   Starting Reading EXIF data...
2025-03-14 13:53:44,285 - DEBUG -   JPEG format recognized data[0:2]=0xFFD8
2025-03-14 13:53:44,285 - DEBUG -   data[2]=0xFF data[3]=0xE1 data[6:10]=b'Exif'
2025-03-14 13:53:44,285 - DEBUG -    Segment base 0x2
2025-03-14 13:53:44,285 - DEBUG -     APP1 at base 0x2
2025-03-14 13:53:44,285 - DEBUG -     Length: 0x1 0xF2
2025-03-14 13:53:44,285 - DEBUG -     Code: b'Exif'
2025-03-14 13:53:44,285 - DEBUG -     Decrement base by 2 to get to pre-segment header (for compatibility with later code)
2025-03-14 13:53:44,285 - DEBUG -   Endian format is M (Motorola)
2025-03-14 13:53:44,285 - DEBUG -   IFD 0 (Image) at offset 8:
2025-03-14 13:53:44,285 - DEBUG -    PhotometricInterpretation: (0x0106) Short=2 @ 18
2025-03-14 13:53:44,285 - DEBUG -    ImageDescription: (0x010E) ASCII=For Children. The Gates of Paradise, Plate 14, "'Does thy God O Priest take such vengeance as this?" @ 146
2025-03-14 13:53:44,285 - DEBUG -    Orientation: (0x0112) Short=Horizontal (normal) @ 42
2025-03-14 13:53:44,285 - DEBUG -    XResolution: (0x011A) Ratio=72 @ 248
2025-03-14 13:53:44,285 - DEBUG -    YResolution: (0x011B) Ratio=72 @ 256
2025-03-14 13:53:44,285 - DEBUG -    ResolutionUnit: (0x0128) Short=Pixels/Inch @ 78
2025-03-14 13:53:44,285 - DEBUG -    Software: (0x0131) ASCII=Adobe Photoshop 24.4 (Macintosh) @ 264
2025-03-14 13:53:44,285 - DEBUG -    DateTime: (0x0132) ASCII=2023:10:17 17:24:37 @ 298
2025-03-14 13:53:44,285 - DEBUG -    Artist: (0x013B) ASCII=Richard Caspole @ 318
2025-03-14 13:53:44,285 - DEBUG -    YCbCrPositioning: (0x0213) Short=Centered @ 126
2025-03-14 13:53:44,285 - DEBUG -    ExifOffset: (0x8769) Long=334 @ 138
2025-03-14 13:53:44,285 - DEBUG -   Exif SubIFD at offset 334:
2025-03-14 13:53:44,285 - DEBUG -    ExifVersion: (0x9000) Undefined=0221 @ 344
2025-03-14 13:53:44,285 - DEBUG -    DateTimeOriginal: (0x9003) ASCII=2010:11:19 00:00:00 @ 448
2025-03-14 13:53:44,285 - DEBUG -    DateTimeDigitized: (0x9004) ASCII=2010:11:19 14:31:12 @ 468
2025-03-14 13:53:44,285 - DEBUG -    ComponentsConfiguration: (0x9101) Undefined=YCbCr @ 380
2025-03-14 13:53:44,285 - DEBUG -    FlashPixVersion: (0xA000) Undefined=0100 @ 392
2025-03-14 13:53:44,285 - DEBUG -    ColorSpace: (0xA001) Short=sRGB @ 404
2025-03-14 13:53:44,285 - DEBUG -    ExifImageWidth: (0xA002) Long=1200 @ 416
2025-03-14 13:53:44,285 - DEBUG -    ExifImageLength: (0xA003) Long=1199 @ 428
2025-03-14 13:53:44,285 - DEBUG -    SceneCaptureType: (0xA406) Short=Standard @ 440
2025-03-14 13:53:44,285 - DEBUG -   Found 20 EXIF tags
2025-03-14 13:53:44,285 - DEBUG -   Completed Reading EXIF data in 0.00s
2025-03-14 13:53:44,285 - DEBUG -   Starting Analyzing metadata content...
2025-03-14 13:53:44,286 - INFO - [72.23s]   [72.23s]   No suspicious patterns found in metadata
2025-03-14 13:53:44,286 - DEBUG -   Completed Analyzing metadata content in 0.00s
2025-03-14 13:53:44,286 - DEBUG -   Completed metadata analysis in 0.00s
2025-03-14 13:53:44,286 - INFO - [72.23s]   [72.23s]   Progress: 1/12 analysis steps completed (8.3%)
2025-03-14 13:53:44,286 - DEBUG -   Starting raw_bytes analysis...
2025-03-14 13:53:44,286 - INFO - [72.23s]   [72.23s]   Checking raw bytes...
2025-03-14 13:53:44,286 - DEBUG -   Starting Reading file content...
2025-03-14 13:53:44,286 - DEBUG -   Read 537,520 bytes
2025-03-14 13:53:44,286 - DEBUG -   Completed Reading file content in 0.00s
2025-03-14 13:53:44,286 - DEBUG -   Starting Analyzing ASCII content...
2025-03-14 13:53:44,290 - DEBUG -   Completed Analyzing ASCII content in 0.00s
2025-03-14 13:53:44,290 - DEBUG -   Starting Analyzing hex content...
2025-03-14 13:53:44,292 - DEBUG -   Completed Analyzing hex content in 0.00s
2025-03-14 13:53:44,292 - DEBUG -   Starting Checking base64 variants...
2025-03-14 13:53:44,294 - DEBUG -   Completed Checking base64 variants in 0.00s
2025-03-14 13:53:44,294 - DEBUG -   Starting Analyzing suspicious patterns...
2025-03-14 13:53:44,349 - WARNING - [72.30s]   [72.30s]   Suspicious substring in raw data: Steganography tool reference: f5
2025-03-14 13:53:44,349 - DEBUG -   Completed Analyzing suspicious patterns in 0.06s
2025-03-14 13:53:44,349 - INFO - [72.30s]   [72.30s]   Found 1 suspicious patterns in raw bytes
2025-03-14 13:53:44,350 - DEBUG -   Completed raw_bytes analysis in 0.06s
2025-03-14 13:53:44,350 - INFO - [72.30s]   [72.30s]   Progress: 2/12 analysis steps completed (16.7%)
2025-03-14 13:53:44,350 - DEBUG -   Starting binary_patterns analysis...
2025-03-14 13:53:44,874 - DEBUG -   Completed binary_patterns analysis in 0.52s
2025-03-14 13:53:44,874 - INFO - [72.82s]   [72.82s]   Progress: 3/12 analysis steps completed (25.0%)
2025-03-14 13:53:44,874 - DEBUG -   Starting lsb analysis...
2025-03-14 13:53:44,874 - DEBUG -   tag: PhotometricInterpretation (262) - type: short (3) - value: b'\x00\x02'
2025-03-14 13:53:44,874 - DEBUG -   tag: ImageDescription (270) - type: string (2) Tag Location: 34 - Data Location: 146 - value: <table: 101 bytes>
2025-03-14 13:53:44,874 - DEBUG -   tag: Orientation (274) - type: short (3) - value: b'\x00\x01'
2025-03-14 13:53:44,874 - DEBUG -   tag: XResolution (282) - type: rational (5) Tag Location: 58 - Data Location: 248 - value: b'\x00\x00\x00H\x00\x00\x00\x01'
2025-03-14 13:53:44,874 - DEBUG -   tag: YResolution (283) - type: rational (5) Tag Location: 70 - Data Location: 256 - value: b'\x00\x00\x00H\x00\x00\x00\x01'
2025-03-14 13:53:44,875 - DEBUG -   tag: ResolutionUnit (296) - type: short (3) - value: b'\x00\x02'
2025-03-14 13:53:44,875 - DEBUG -   tag: Software (305) - type: string (2) Tag Location: 94 - Data Location: 264 - value: <table: 33 bytes>
2025-03-14 13:53:44,875 - DEBUG -   tag: DateTime (306) - type: string (2) Tag Location: 106 - Data Location: 298 - value: b'2023:10:17 17:24:37\x00'
2025-03-14 13:53:44,875 - DEBUG -   tag: Artist (315) - type: string (2) Tag Location: 118 - Data Location: 318 - value: b'Richard Caspole\x00'
2025-03-14 13:53:44,875 - DEBUG -   tag: YCbCrPositioning (531) - type: short (3) - value: b'\x00\x01'
2025-03-14 13:53:44,875 - DEBUG -   tag: ExifIFD (34665) - type: long (4) - value: b'\x00\x00\x01N'
2025-03-14 13:53:48,214 - DEBUG -   Completed lsb analysis in 3.34s
2025-03-14 13:53:48,215 - INFO - [76.16s]   [76.16s]   Progress: 4/12 analysis steps completed (33.3%)
2025-03-14 13:53:48,215 - DEBUG -   Starting channels analysis...
2025-03-14 13:53:48,215 - DEBUG -   tag: PhotometricInterpretation (262) - type: short (3) - value: b'\x00\x02'
2025-03-14 13:53:48,215 - DEBUG -   tag: ImageDescription (270) - type: string (2) Tag Location: 34 - Data Location: 146 - value: <table: 101 bytes>
2025-03-14 13:53:48,215 - DEBUG -   tag: Orientation (274) - type: short (3) - value: b'\x00\x01'
2025-03-14 13:53:48,215 - DEBUG -   tag: XResolution (282) - type: rational (5) Tag Location: 58 - Data Location: 248 - value: b'\x00\x00\x00H\x00\x00\x00\x01'
2025-03-14 13:53:48,215 - DEBUG -   tag: YResolution (283) - type: rational (5) Tag Location: 70 - Data Location: 256 - value: b'\x00\x00\x00H\x00\x00\x00\x01'
2025-03-14 13:53:48,215 - DEBUG -   tag: ResolutionUnit (296) - type: short (3) - value: b'\x00\x02'
2025-03-14 13:53:48,215 - DEBUG -   tag: Software (305) - type: string (2) Tag Location: 94 - Data Location: 264 - value: <table: 33 bytes>
2025-03-14 13:53:48,216 - DEBUG -   tag: DateTime (306) - type: string (2) Tag Location: 106 - Data Location: 298 - value: b'2023:10:17 17:24:37\x00'
2025-03-14 13:53:48,216 - DEBUG -   tag: Artist (315) - type: string (2) Tag Location: 118 - Data Location: 318 - value: b'Richard Caspole\x00'
2025-03-14 13:53:48,216 - DEBUG -   tag: YCbCrPositioning (531) - type: short (3) - value: b'\x00\x01'
2025-03-14 13:53:48,216 - DEBUG -   tag: ExifIFD (34665) - type: long (4) - value: b'\x00\x00\x01N'
2025-03-14 13:53:48,594 - DEBUG -   Completed channels analysis in 0.38s
2025-03-14 13:53:48,594 - INFO - [76.54s]   [76.54s]   Progress: 5/12 analysis steps completed (41.7%)
2025-03-14 13:53:48,594 - DEBUG -   Starting binwalk analysis...
2025-03-14 13:53:48,635 - DEBUG -   Completed binwalk analysis in 0.04s
2025-03-14 13:53:48,635 - INFO - [76.58s]   [76.58s]   Progress: 6/12 analysis steps completed (50.0%)
2025-03-14 13:53:48,635 - DEBUG -   Starting icc_profile analysis...
2025-03-14 13:53:48,635 - DEBUG -   tag: PhotometricInterpretation (262) - type: short (3) - value: b'\x00\x02'
2025-03-14 13:53:48,636 - DEBUG -   tag: ImageDescription (270) - type: string (2) Tag Location: 34 - Data Location: 146 - value: <table: 101 bytes>
2025-03-14 13:53:48,636 - DEBUG -   tag: Orientation (274) - type: short (3) - value: b'\x00\x01'
2025-03-14 13:53:48,636 - DEBUG -   tag: XResolution (282) - type: rational (5) Tag Location: 58 - Data Location: 248 - value: b'\x00\x00\x00H\x00\x00\x00\x01'
2025-03-14 13:53:48,636 - DEBUG -   tag: YResolution (283) - type: rational (5) Tag Location: 70 - Data Location: 256 - value: b'\x00\x00\x00H\x00\x00\x00\x01'
2025-03-14 13:53:48,636 - DEBUG -   tag: ResolutionUnit (296) - type: short (3) - value: b'\x00\x02'
2025-03-14 13:53:48,636 - DEBUG -   tag: Software (305) - type: string (2) Tag Location: 94 - Data Location: 264 - value: <table: 33 bytes>
2025-03-14 13:53:48,636 - DEBUG -   tag: DateTime (306) - type: string (2) Tag Location: 106 - Data Location: 298 - value: b'2023:10:17 17:24:37\x00'
2025-03-14 13:53:48,636 - DEBUG -   tag: Artist (315) - type: string (2) Tag Location: 118 - Data Location: 318 - value: b'Richard Caspole\x00'
2025-03-14 13:53:48,636 - DEBUG -   tag: YCbCrPositioning (531) - type: short (3) - value: b'\x00\x01'
2025-03-14 13:53:48,636 - DEBUG -   tag: ExifIFD (34665) - type: long (4) - value: b'\x00\x00\x01N'
2025-03-14 13:53:48,636 - DEBUG -   Completed icc_profile analysis in 0.00s
2025-03-14 13:53:48,636 - INFO - [76.58s]   [76.58s]   Progress: 7/12 analysis steps completed (58.3%)
2025-03-14 13:53:48,636 - DEBUG -   Starting zip_signatures analysis...
2025-03-14 13:53:48,681 - DEBUG -   Completed zip_signatures analysis in 0.04s
2025-03-14 13:53:48,681 - INFO - [76.63s]   [76.63s]   Progress: 8/12 analysis steps completed (66.7%)
2025-03-14 13:53:48,681 - DEBUG -   Starting appended_data analysis...
2025-03-14 13:53:48,681 - INFO - [76.63s]   [76.63s]   Checking for appended data...
2025-03-14 13:53:48,681 - DEBUG -   Starting Reading file...
2025-03-14 13:53:48,681 - DEBUG -   Read 537,520 bytes
2025-03-14 13:53:48,681 - DEBUG -   Completed Reading file in 0.00s
2025-03-14 13:53:48,681 - DEBUG -   Starting Analyzing file format...
2025-03-14 13:53:48,713 - DEBUG -   Found 1 EOI markers
2025-03-14 13:53:48,713 - DEBUG -   Completed Analyzing file format in 0.03s
2025-03-14 13:53:48,713 - INFO - [76.66s]   [76.66s]   No appended data found
2025-03-14 13:53:48,713 - DEBUG -   Completed appended_data analysis in 0.03s
2025-03-14 13:53:48,713 - INFO - [76.66s]   [76.66s]   Progress: 9/12 analysis steps completed (75.0%)
2025-03-14 13:53:48,713 - DEBUG -   Starting histogram analysis...
2025-03-14 13:53:48,714 - DEBUG -   tag: PhotometricInterpretation (262) - type: short (3) - value: b'\x00\x02'
2025-03-14 13:53:48,714 - DEBUG -   tag: ImageDescription (270) - type: string (2) Tag Location: 34 - Data Location: 146 - value: <table: 101 bytes>
2025-03-14 13:53:48,714 - DEBUG -   tag: Orientation (274) - type: short (3) - value: b'\x00\x01'
2025-03-14 13:53:48,714 - DEBUG -   tag: XResolution (282) - type: rational (5) Tag Location: 58 - Data Location: 248 - value: b'\x00\x00\x00H\x00\x00\x00\x01'
2025-03-14 13:53:48,714 - DEBUG -   tag: YResolution (283) - type: rational (5) Tag Location: 70 - Data Location: 256 - value: b'\x00\x00\x00H\x00\x00\x00\x01'
2025-03-14 13:53:48,714 - DEBUG -   tag: ResolutionUnit (296) - type: short (3) - value: b'\x00\x02'
2025-03-14 13:53:48,714 - DEBUG -   tag: Software (305) - type: string (2) Tag Location: 94 - Data Location: 264 - value: <table: 33 bytes>
2025-03-14 13:53:48,714 - DEBUG -   tag: DateTime (306) - type: string (2) Tag Location: 106 - Data Location: 298 - value: b'2023:10:17 17:24:37\x00'
2025-03-14 13:53:48,714 - DEBUG -   tag: Artist (315) - type: string (2) Tag Location: 118 - Data Location: 318 - value: b'Richard Caspole\x00'
2025-03-14 13:53:48,714 - DEBUG -   tag: YCbCrPositioning (531) - type: short (3) - value: b'\x00\x01'
2025-03-14 13:53:48,714 - DEBUG -   tag: ExifIFD (34665) - type: long (4) - value: b'\x00\x00\x01N'
2025-03-14 13:53:48,903 - DEBUG -   Completed histogram analysis in 0.19s
2025-03-14 13:53:48,904 - INFO - [76.85s]   [76.85s]   Progress: 10/12 analysis steps completed (83.3%)
2025-03-14 13:53:48,904 - DEBUG -   Starting jpeg_comments analysis...
2025-03-14 13:53:48,904 - INFO - [76.85s]   [76.85s]   Checking JPEG comment segments...
2025-03-14 13:53:48,904 - DEBUG -   Starting Reading JPEG file...
2025-03-14 13:53:48,904 - DEBUG -   Completed Reading JPEG file in 0.00s
2025-03-14 13:53:48,904 - DEBUG -   Starting Analyzing comment segments...
2025-03-14 13:53:48,936 - DEBUG -   Completed Analyzing comment segments in 0.03s
2025-03-14 13:53:48,936 - INFO - [76.88s]   [76.88s]   No suspicious patterns found in JPEG comments
2025-03-14 13:53:48,936 - DEBUG -   Completed jpeg_comments analysis in 0.03s
2025-03-14 13:53:48,936 - INFO - [76.88s]   [76.88s]   Progress: 11/12 analysis steps completed (91.7%)
2025-03-14 13:53:48,936 - DEBUG -   Starting large_metadata analysis...
2025-03-14 13:53:48,936 - INFO - [76.88s]   [76.88s]   Checking for large metadata fields...
2025-03-14 13:53:48,937 - DEBUG -   Starting Reading metadata...
2025-03-14 13:53:48,937 - DEBUG -   JPEG format recognized data[0:2]=0xFFD8
2025-03-14 13:53:48,937 - DEBUG -   data[2]=0xFF data[3]=0xE1 data[6:10]=b'Exif'
2025-03-14 13:53:48,937 - DEBUG -    Segment base 0x2
2025-03-14 13:53:48,937 - DEBUG -     APP1 at base 0x2
2025-03-14 13:53:48,937 - DEBUG -     Length: 0x1 0xF2
2025-03-14 13:53:48,937 - DEBUG -     Code: b'Exif'
2025-03-14 13:53:48,937 - DEBUG -     Decrement base by 2 to get to pre-segment header (for compatibility with later code)
2025-03-14 13:53:48,937 - DEBUG -   Endian format is M (Motorola)
2025-03-14 13:53:48,937 - DEBUG -   IFD 0 (Image) at offset 8:
2025-03-14 13:53:48,937 - DEBUG -    PhotometricInterpretation: (0x0106) Short=2 @ 18
2025-03-14 13:53:48,937 - DEBUG -    ImageDescription: (0x010E) ASCII=For Children. The Gates of Paradise, Plate 14, "'Does thy God O Priest take such vengeance as this?" @ 146
2025-03-14 13:53:48,937 - DEBUG -    Orientation: (0x0112) Short=Horizontal (normal) @ 42
2025-03-14 13:53:48,937 - DEBUG -    XResolution: (0x011A) Ratio=72 @ 248
2025-03-14 13:53:48,937 - DEBUG -    YResolution: (0x011B) Ratio=72 @ 256
2025-03-14 13:53:48,937 - DEBUG -    ResolutionUnit: (0x0128) Short=Pixels/Inch @ 78
2025-03-14 13:53:48,937 - DEBUG -    Software: (0x0131) ASCII=Adobe Photoshop 24.4 (Macintosh) @ 264
2025-03-14 13:53:48,937 - DEBUG -    DateTime: (0x0132) ASCII=2023:10:17 17:24:37 @ 298
2025-03-14 13:53:48,937 - DEBUG -    Artist: (0x013B) ASCII=Richard Caspole @ 318
2025-03-14 13:53:48,937 - DEBUG -    YCbCrPositioning: (0x0213) Short=Centered @ 126
2025-03-14 13:53:48,937 - DEBUG -    ExifOffset: (0x8769) Long=334 @ 138
2025-03-14 13:53:48,937 - DEBUG -   Exif SubIFD at offset 334:
2025-03-14 13:53:48,937 - DEBUG -    ExifVersion: (0x9000) Undefined=0221 @ 344
2025-03-14 13:53:48,937 - DEBUG -    DateTimeOriginal: (0x9003) ASCII=2010:11:19 00:00:00 @ 448
2025-03-14 13:53:48,937 - DEBUG -    DateTimeDigitized: (0x9004) ASCII=2010:11:19 14:31:12 @ 468
2025-03-14 13:53:48,937 - DEBUG -    ComponentsConfiguration: (0x9101) Undefined=YCbCr @ 380
2025-03-14 13:53:48,937 - DEBUG -    FlashPixVersion: (0xA000) Undefined=0100 @ 392
2025-03-14 13:53:48,937 - DEBUG -    ColorSpace: (0xA001) Short=sRGB @ 404
2025-03-14 13:53:48,937 - DEBUG -    ExifImageWidth: (0xA002) Long=1200 @ 416
2025-03-14 13:53:48,937 - DEBUG -    ExifImageLength: (0xA003) Long=1199 @ 428
2025-03-14 13:53:48,937 - DEBUG -    SceneCaptureType: (0xA406) Short=Standard @ 440
2025-03-14 13:53:48,937 - DEBUG -   Found 20 metadata tags
2025-03-14 13:53:48,937 - DEBUG -   Completed Reading metadata in 0.00s
2025-03-14 13:53:48,937 - DEBUG -   Starting Analyzing metadata fields...
2025-03-14 13:53:48,937 - DEBUG -   Completed Analyzing metadata fields in 0.00s
2025-03-14 13:53:48,937 - INFO - [76.88s]   [76.88s]   No suspicious large metadata fields found
2025-03-14 13:53:48,937 - DEBUG -   Completed large_metadata analysis in 0.00s
2025-03-14 13:53:48,937 - INFO - [76.88s]   [76.88s]   Progress: 12/12 analysis steps completed (100.0%)
2025-03-14 13:53:48,938 - INFO - [76.88s]   [76.88s]   Analysis complete - 0 total findings
2025-03-14 13:53:48,938 - INFO - [76.88s]   [76.88s]   Completed Analyzing yews_2025-03-14_USDA_Cuts__1B_In_Local_Food_Funding_3-13-25-10AM-7.jpg in 4.65s
2025-03-14 13:53:48,938 - INFO - [76.88s]   [76.88s]   Completed Analyzing yews_2025-03-14_USDA_Cuts__1B_In_Local_Food_Funding_3-13-25-10AM-7.jpg in 4.65s
2025-03-14 13:53:48,938 - INFO - [76.88s]   [76.88s]   
Analyzing file 14/30: /Users/adam/Git/stego_tools/yews_images/yews_news/2025-03-14/yews_2025-03-14_Spotify_Launching_Audiobook_Publishing_3-13-25-3PM-8.jpg
2025-03-14 13:53:48,938 - INFO - [76.88s]   [76.88s]   Starting Analyzing yews_2025-03-14_Spotify_Launching_Audiobook_Publishing_3-13-25-3PM-8.jpg...
2025-03-14 13:53:48,938 - INFO - [76.88s]   [76.88s]   Starting Analyzing yews_2025-03-14_Spotify_Launching_Audiobook_Publishing_3-13-25-3PM-8.jpg...
2025-03-14 13:53:48,938 - INFO - [76.88s]   [76.88s]   File size: 140,634 bytes
2025-03-14 13:53:48,938 - DEBUG -   Starting metadata analysis...
2025-03-14 13:53:48,938 - INFO - [76.88s]   [76.88s]   Checking metadata...
2025-03-14 13:53:48,938 - DEBUG -   Starting Reading EXIF data...
2025-03-14 13:53:48,938 - DEBUG -   JPEG format recognized data[0:2]=0xFFD8
2025-03-14 13:53:48,938 - DEBUG -   data[2]=0xFF data[3]=0xE1 data[6:10]=b'Exif'
2025-03-14 13:53:48,938 - DEBUG -    Segment base 0x2
2025-03-14 13:53:48,938 - DEBUG -     APP1 at base 0x2
2025-03-14 13:53:48,938 - DEBUG -     Length: 0x1 0x34
2025-03-14 13:53:48,938 - DEBUG -     Code: b'Exif'
2025-03-14 13:53:48,938 - DEBUG -     Decrement base by 2 to get to pre-segment header (for compatibility with later code)
2025-03-14 13:53:48,939 - DEBUG -   Endian format is M (Motorola)
2025-03-14 13:53:48,939 - DEBUG -   IFD 0 (Image) at offset 8:
2025-03-14 13:53:48,939 - DEBUG -    Orientation: (0x0112) Short=Horizontal (normal) @ 18
2025-03-14 13:53:48,939 - DEBUG -    XResolution: (0x011A) Ratio=100 @ 110
2025-03-14 13:53:48,939 - DEBUG -    YResolution: (0x011B) Ratio=100 @ 118
2025-03-14 13:53:48,939 - DEBUG -    ResolutionUnit: (0x0128) Short=Pixels/Inch @ 54
2025-03-14 13:53:48,939 - DEBUG -    Software: (0x0131) ASCII=Adobe Photoshop CS2 Macintosh @ 126
2025-03-14 13:53:48,939 - DEBUG -    DateTime: (0x0132) ASCII=2008:08:27 13:44:56 @ 156
2025-03-14 13:53:48,939 - DEBUG -    YCbCrPositioning: (0x0213) Short=Centered @ 90
2025-03-14 13:53:48,939 - DEBUG -    ExifOffset: (0x8769) Long=176 @ 102
2025-03-14 13:53:48,939 - DEBUG -   Exif SubIFD at offset 176:
2025-03-14 13:53:48,939 - DEBUG -    ExifVersion: (0x9000) Undefined=0221 @ 186
2025-03-14 13:53:48,939 - DEBUG -    DateTimeDigitized: (0x9004) ASCII=2005:04:05 13:22:16 @ 278
2025-03-14 13:53:48,939 - DEBUG -    ComponentsConfiguration: (0x9101) Undefined=YCbCr @ 210
2025-03-14 13:53:48,939 - DEBUG -    FlashPixVersion: (0xA000) Undefined=0100 @ 222
2025-03-14 13:53:48,939 - DEBUG -    ColorSpace: (0xA001) Short=Uncalibrated @ 234
2025-03-14 13:53:48,939 - DEBUG -    ExifImageWidth: (0xA002) Long=508 @ 246
2025-03-14 13:53:48,939 - DEBUG -    ExifImageLength: (0xA003) Long=650 @ 258
2025-03-14 13:53:48,939 - DEBUG -    SceneCaptureType: (0xA406) Short=Standard @ 270
2025-03-14 13:53:48,939 - DEBUG -   Found 16 EXIF tags
2025-03-14 13:53:48,939 - DEBUG -   Completed Reading EXIF data in 0.00s
2025-03-14 13:53:48,939 - DEBUG -   Starting Analyzing metadata content...
2025-03-14 13:53:48,939 - INFO - [76.89s]   [76.89s]   No suspicious patterns found in metadata
2025-03-14 13:53:48,939 - DEBUG -   Completed Analyzing metadata content in 0.00s
2025-03-14 13:53:48,939 - DEBUG -   Completed metadata analysis in 0.00s
2025-03-14 13:53:48,939 - INFO - [76.89s]   [76.89s]   Progress: 1/12 analysis steps completed (8.3%)
2025-03-14 13:53:48,939 - DEBUG -   Starting raw_bytes analysis...
2025-03-14 13:53:48,939 - INFO - [76.89s]   [76.89s]   Checking raw bytes...
2025-03-14 13:53:48,939 - DEBUG -   Starting Reading file content...
2025-03-14 13:53:48,940 - DEBUG -   Read 140,634 bytes
2025-03-14 13:53:48,940 - DEBUG -   Completed Reading file content in 0.00s
2025-03-14 13:53:48,940 - DEBUG -   Starting Analyzing ASCII content...
2025-03-14 13:53:48,941 - DEBUG -   Completed Analyzing ASCII content in 0.00s
2025-03-14 13:53:48,941 - DEBUG -   Starting Analyzing hex content...
2025-03-14 13:53:48,941 - DEBUG -   Completed Analyzing hex content in 0.00s
2025-03-14 13:53:48,941 - DEBUG -   Starting Checking base64 variants...
2025-03-14 13:53:48,941 - DEBUG -   Completed Checking base64 variants in 0.00s
2025-03-14 13:53:48,941 - DEBUG -   Starting Analyzing suspicious patterns...
2025-03-14 13:53:48,956 - WARNING - [76.90s]   [76.90s]   Suspicious substring in raw data: Steganography tool reference: f5
2025-03-14 13:53:48,956 - DEBUG -   Completed Analyzing suspicious patterns in 0.01s
2025-03-14 13:53:48,956 - INFO - [76.90s]   [76.90s]   Found 1 suspicious patterns in raw bytes
2025-03-14 13:53:48,956 - DEBUG -   Completed raw_bytes analysis in 0.02s
2025-03-14 13:53:48,956 - INFO - [76.90s]   [76.90s]   Progress: 2/12 analysis steps completed (16.7%)
2025-03-14 13:53:48,956 - DEBUG -   Starting binary_patterns analysis...
2025-03-14 13:53:49,084 - DEBUG -   Completed binary_patterns analysis in 0.13s
2025-03-14 13:53:49,085 - INFO - [77.03s]   [77.03s]   Progress: 3/12 analysis steps completed (25.0%)
2025-03-14 13:53:49,085 - DEBUG -   Starting lsb analysis...
2025-03-14 13:53:49,085 - DEBUG -   tag: Orientation (274) - type: short (3) - value: b'\x00\x01'
2025-03-14 13:53:49,085 - DEBUG -   tag: XResolution (282) - type: rational (5) Tag Location: 34 - Data Location: 110 - value: b'\x00\x00\x00d\x00\x00\x00\x01'
2025-03-14 13:53:49,085 - DEBUG -   tag: YResolution (283) - type: rational (5) Tag Location: 46 - Data Location: 118 - value: b'\x00\x00\x00d\x00\x00\x00\x01'
2025-03-14 13:53:49,085 - DEBUG -   tag: ResolutionUnit (296) - type: short (3) - value: b'\x00\x02'
2025-03-14 13:53:49,085 - DEBUG -   tag: Software (305) - type: string (2) Tag Location: 70 - Data Location: 126 - value: b'Adobe Photoshop CS2 Macintosh\x00'
2025-03-14 13:53:49,085 - DEBUG -   tag: DateTime (306) - type: string (2) Tag Location: 82 - Data Location: 156 - value: b'2008:08:27 13:44:56\x00'
2025-03-14 13:53:49,085 - DEBUG -   tag: YCbCrPositioning (531) - type: short (3) - value: b'\x00\x01'
2025-03-14 13:53:49,085 - DEBUG -   tag: ExifIFD (34665) - type: long (4) - value: b'\x00\x00\x00\xb0'
2025-03-14 13:53:50,036 - DEBUG -   Completed lsb analysis in 0.95s
2025-03-14 13:53:50,036 - INFO - [77.98s]   [77.98s]   Progress: 4/12 analysis steps completed (33.3%)
2025-03-14 13:53:50,036 - DEBUG -   Starting channels analysis...
2025-03-14 13:53:50,037 - DEBUG -   tag: Orientation (274) - type: short (3) - value: b'\x00\x01'
2025-03-14 13:53:50,037 - DEBUG -   tag: XResolution (282) - type: rational (5) Tag Location: 34 - Data Location: 110 - value: b'\x00\x00\x00d\x00\x00\x00\x01'
2025-03-14 13:53:50,037 - DEBUG -   tag: YResolution (283) - type: rational (5) Tag Location: 46 - Data Location: 118 - value: b'\x00\x00\x00d\x00\x00\x00\x01'
2025-03-14 13:53:50,037 - DEBUG -   tag: ResolutionUnit (296) - type: short (3) - value: b'\x00\x02'
2025-03-14 13:53:50,037 - DEBUG -   tag: Software (305) - type: string (2) Tag Location: 70 - Data Location: 126 - value: b'Adobe Photoshop CS2 Macintosh\x00'
2025-03-14 13:53:50,037 - DEBUG -   tag: DateTime (306) - type: string (2) Tag Location: 82 - Data Location: 156 - value: b'2008:08:27 13:44:56\x00'
2025-03-14 13:53:50,037 - DEBUG -   tag: YCbCrPositioning (531) - type: short (3) - value: b'\x00\x01'
2025-03-14 13:53:50,037 - DEBUG -   tag: ExifIFD (34665) - type: long (4) - value: b'\x00\x00\x00\xb0'
2025-03-14 13:53:50,185 - DEBUG -   Completed channels analysis in 0.15s
2025-03-14 13:53:50,185 - INFO - [78.13s]   [78.13s]   Progress: 5/12 analysis steps completed (41.7%)
2025-03-14 13:53:50,185 - DEBUG -   Starting binwalk analysis...
2025-03-14 13:53:50,218 - DEBUG -   Completed binwalk analysis in 0.03s
2025-03-14 13:53:50,219 - INFO - [78.17s]   [78.17s]   Progress: 6/12 analysis steps completed (50.0%)
2025-03-14 13:53:50,219 - DEBUG -   Starting icc_profile analysis...
2025-03-14 13:53:50,219 - DEBUG -   tag: Orientation (274) - type: short (3) - value: b'\x00\x01'
2025-03-14 13:53:50,219 - DEBUG -   tag: XResolution (282) - type: rational (5) Tag Location: 34 - Data Location: 110 - value: b'\x00\x00\x00d\x00\x00\x00\x01'
2025-03-14 13:53:50,219 - DEBUG -   tag: YResolution (283) - type: rational (5) Tag Location: 46 - Data Location: 118 - value: b'\x00\x00\x00d\x00\x00\x00\x01'
2025-03-14 13:53:50,219 - DEBUG -   tag: ResolutionUnit (296) - type: short (3) - value: b'\x00\x02'
2025-03-14 13:53:50,219 - DEBUG -   tag: Software (305) - type: string (2) Tag Location: 70 - Data Location: 126 - value: b'Adobe Photoshop CS2 Macintosh\x00'
2025-03-14 13:53:50,219 - DEBUG -   tag: DateTime (306) - type: string (2) Tag Location: 82 - Data Location: 156 - value: b'2008:08:27 13:44:56\x00'
2025-03-14 13:53:50,219 - DEBUG -   tag: YCbCrPositioning (531) - type: short (3) - value: b'\x00\x01'
2025-03-14 13:53:50,219 - DEBUG -   tag: ExifIFD (34665) - type: long (4) - value: b'\x00\x00\x00\xb0'
2025-03-14 13:53:50,219 - DEBUG -   Completed icc_profile analysis in 0.00s
2025-03-14 13:53:50,219 - INFO - [78.17s]   [78.17s]   Progress: 7/12 analysis steps completed (58.3%)
2025-03-14 13:53:50,219 - DEBUG -   Starting zip_signatures analysis...
2025-03-14 13:53:50,231 - DEBUG -   Completed zip_signatures analysis in 0.01s
2025-03-14 13:53:50,232 - INFO - [78.18s]   [78.18s]   Progress: 8/12 analysis steps completed (66.7%)
2025-03-14 13:53:50,232 - DEBUG -   Starting appended_data analysis...
2025-03-14 13:53:50,232 - INFO - [78.18s]   [78.18s]   Checking for appended data...
2025-03-14 13:53:50,232 - DEBUG -   Starting Reading file...
2025-03-14 13:53:50,232 - DEBUG -   Read 140,634 bytes
2025-03-14 13:53:50,232 - DEBUG -   Completed Reading file in 0.00s
2025-03-14 13:53:50,232 - DEBUG -   Starting Analyzing file format...
2025-03-14 13:53:50,240 - DEBUG -   Found 1 EOI markers
2025-03-14 13:53:50,240 - DEBUG -   Completed Analyzing file format in 0.01s
2025-03-14 13:53:50,240 - INFO - [78.19s]   [78.19s]   No appended data found
2025-03-14 13:53:50,240 - DEBUG -   Completed appended_data analysis in 0.01s
2025-03-14 13:53:50,240 - INFO - [78.19s]   [78.19s]   Progress: 9/12 analysis steps completed (75.0%)
2025-03-14 13:53:50,240 - DEBUG -   Starting histogram analysis...
2025-03-14 13:53:50,241 - DEBUG -   tag: Orientation (274) - type: short (3) - value: b'\x00\x01'
2025-03-14 13:53:50,241 - DEBUG -   tag: XResolution (282) - type: rational (5) Tag Location: 34 - Data Location: 110 - value: b'\x00\x00\x00d\x00\x00\x00\x01'
2025-03-14 13:53:50,241 - DEBUG -   tag: YResolution (283) - type: rational (5) Tag Location: 46 - Data Location: 118 - value: b'\x00\x00\x00d\x00\x00\x00\x01'
2025-03-14 13:53:50,241 - DEBUG -   tag: ResolutionUnit (296) - type: short (3) - value: b'\x00\x02'
2025-03-14 13:53:50,241 - DEBUG -   tag: Software (305) - type: string (2) Tag Location: 70 - Data Location: 126 - value: b'Adobe Photoshop CS2 Macintosh\x00'
2025-03-14 13:53:50,241 - DEBUG -   tag: DateTime (306) - type: string (2) Tag Location: 82 - Data Location: 156 - value: b'2008:08:27 13:44:56\x00'
2025-03-14 13:53:50,241 - DEBUG -   tag: YCbCrPositioning (531) - type: short (3) - value: b'\x00\x01'
2025-03-14 13:53:50,241 - DEBUG -   tag: ExifIFD (34665) - type: long (4) - value: b'\x00\x00\x00\xb0'
2025-03-14 13:53:50,307 - DEBUG -   Completed histogram analysis in 0.07s
2025-03-14 13:53:50,307 - INFO - [78.25s]   [78.25s]   Progress: 10/12 analysis steps completed (83.3%)
2025-03-14 13:53:50,307 - DEBUG -   Starting jpeg_comments analysis...
2025-03-14 13:53:50,307 - INFO - [78.25s]   [78.25s]   Checking JPEG comment segments...
2025-03-14 13:53:50,307 - DEBUG -   Starting Reading JPEG file...
2025-03-14 13:53:50,307 - DEBUG -   Completed Reading JPEG file in 0.00s
2025-03-14 13:53:50,307 - DEBUG -   Starting Analyzing comment segments...
2025-03-14 13:53:50,315 - DEBUG -   Completed Analyzing comment segments in 0.01s
2025-03-14 13:53:50,315 - INFO - [78.26s]   [78.26s]   No suspicious patterns found in JPEG comments
2025-03-14 13:53:50,316 - DEBUG -   Completed jpeg_comments analysis in 0.01s
2025-03-14 13:53:50,316 - INFO - [78.26s]   [78.26s]   Progress: 11/12 analysis steps completed (91.7%)
2025-03-14 13:53:50,316 - DEBUG -   Starting large_metadata analysis...
2025-03-14 13:53:50,316 - INFO - [78.26s]   [78.26s]   Checking for large metadata fields...
2025-03-14 13:53:50,316 - DEBUG -   Starting Reading metadata...
2025-03-14 13:53:50,316 - DEBUG -   JPEG format recognized data[0:2]=0xFFD8
2025-03-14 13:53:50,316 - DEBUG -   data[2]=0xFF data[3]=0xE1 data[6:10]=b'Exif'
2025-03-14 13:53:50,316 - DEBUG -    Segment base 0x2
2025-03-14 13:53:50,316 - DEBUG -     APP1 at base 0x2
2025-03-14 13:53:50,316 - DEBUG -     Length: 0x1 0x34
2025-03-14 13:53:50,316 - DEBUG -     Code: b'Exif'
2025-03-14 13:53:50,316 - DEBUG -     Decrement base by 2 to get to pre-segment header (for compatibility with later code)
2025-03-14 13:53:50,316 - DEBUG -   Endian format is M (Motorola)
2025-03-14 13:53:50,316 - DEBUG -   IFD 0 (Image) at offset 8:
2025-03-14 13:53:50,316 - DEBUG -    Orientation: (0x0112) Short=Horizontal (normal) @ 18
2025-03-14 13:53:50,316 - DEBUG -    XResolution: (0x011A) Ratio=100 @ 110
2025-03-14 13:53:50,316 - DEBUG -    YResolution: (0x011B) Ratio=100 @ 118
2025-03-14 13:53:50,316 - DEBUG -    ResolutionUnit: (0x0128) Short=Pixels/Inch @ 54
2025-03-14 13:53:50,316 - DEBUG -    Software: (0x0131) ASCII=Adobe Photoshop CS2 Macintosh @ 126
2025-03-14 13:53:50,316 - DEBUG -    DateTime: (0x0132) ASCII=2008:08:27 13:44:56 @ 156
2025-03-14 13:53:50,316 - DEBUG -    YCbCrPositioning: (0x0213) Short=Centered @ 90
2025-03-14 13:53:50,316 - DEBUG -    ExifOffset: (0x8769) Long=176 @ 102
2025-03-14 13:53:50,316 - DEBUG -   Exif SubIFD at offset 176:
2025-03-14 13:53:50,316 - DEBUG -    ExifVersion: (0x9000) Undefined=0221 @ 186
2025-03-14 13:53:50,316 - DEBUG -    DateTimeDigitized: (0x9004) ASCII=2005:04:05 13:22:16 @ 278
2025-03-14 13:53:50,316 - DEBUG -    ComponentsConfiguration: (0x9101) Undefined=YCbCr @ 210
2025-03-14 13:53:50,316 - DEBUG -    FlashPixVersion: (0xA000) Undefined=0100 @ 222
2025-03-14 13:53:50,316 - DEBUG -    ColorSpace: (0xA001) Short=Uncalibrated @ 234
2025-03-14 13:53:50,316 - DEBUG -    ExifImageWidth: (0xA002) Long=508 @ 246
2025-03-14 13:53:50,316 - DEBUG -    ExifImageLength: (0xA003) Long=650 @ 258
2025-03-14 13:53:50,316 - DEBUG -    SceneCaptureType: (0xA406) Short=Standard @ 270
2025-03-14 13:53:50,316 - DEBUG -   Found 16 metadata tags
2025-03-14 13:53:50,316 - DEBUG -   Completed Reading metadata in 0.00s
2025-03-14 13:53:50,316 - DEBUG -   Starting Analyzing metadata fields...
2025-03-14 13:53:50,316 - DEBUG -   Completed Analyzing metadata fields in 0.00s
2025-03-14 13:53:50,316 - INFO - [78.26s]   [78.26s]   No suspicious large metadata fields found
2025-03-14 13:53:50,316 - DEBUG -   Completed large_metadata analysis in 0.00s
2025-03-14 13:53:50,316 - INFO - [78.26s]   [78.26s]   Progress: 12/12 analysis steps completed (100.0%)
2025-03-14 13:53:50,316 - INFO - [78.26s]   [78.26s]   Analysis complete - 0 total findings
2025-03-14 13:53:50,316 - INFO - [78.26s]   [78.26s]   Completed Analyzing yews_2025-03-14_Spotify_Launching_Audiobook_Publishing_3-13-25-3PM-8.jpg in 1.38s
2025-03-14 13:53:50,316 - INFO - [78.26s]   [78.26s]   Completed Analyzing yews_2025-03-14_Spotify_Launching_Audiobook_Publishing_3-13-25-3PM-8.jpg in 1.38s
2025-03-14 13:53:50,316 - INFO - [78.26s]   [78.26s]   
Analyzing file 15/30: /Users/adam/Git/stego_tools/yews_images/yews_news/2025-03-14/yews_2025-03-14_NYC_To_Add_267_New_EV_Chargers_By_2027_3-13-25-10AM-8.jpg
2025-03-14 13:53:50,317 - INFO - [78.26s]   [78.26s]   Starting Analyzing yews_2025-03-14_NYC_To_Add_267_New_EV_Chargers_By_2027_3-13-25-10AM-8.jpg...
2025-03-14 13:53:50,317 - INFO - [78.26s]   [78.26s]   Starting Analyzing yews_2025-03-14_NYC_To_Add_267_New_EV_Chargers_By_2027_3-13-25-10AM-8.jpg...
2025-03-14 13:53:50,317 - INFO - [78.26s]   [78.26s]   File size: 142,379 bytes
2025-03-14 13:53:50,317 - DEBUG -   Starting metadata analysis...
2025-03-14 13:53:50,317 - INFO - [78.26s]   [78.26s]   Checking metadata...
2025-03-14 13:53:50,317 - DEBUG -   Starting Reading EXIF data...
2025-03-14 13:53:50,317 - DEBUG -   JPEG format recognized data[0:2]=0xFFD8
2025-03-14 13:53:50,317 - DEBUG -   data[2]=0xFF data[3]=0xE1 data[6:10]=b'Exif'
2025-03-14 13:53:50,317 - DEBUG -    Segment base 0x2
2025-03-14 13:53:50,317 - DEBUG -     APP1 at base 0x2
2025-03-14 13:53:50,317 - DEBUG -     Length: 0xF 0xFE
2025-03-14 13:53:50,317 - DEBUG -     Code: b'Exif'
2025-03-14 13:53:50,317 - DEBUG -     Decrement base by 2 to get to pre-segment header (for compatibility with later code)
2025-03-14 13:53:50,317 - DEBUG -   Endian format is M (Motorola)
2025-03-14 13:53:50,317 - DEBUG -   IFD 0 (Image) at offset 8:
2025-03-14 13:53:50,317 - DEBUG -    Orientation: (0x0112) Short=Horizontal (normal) @ 18
2025-03-14 13:53:50,317 - DEBUG -    XResolution: (0x011A) Ratio=300 @ 110
2025-03-14 13:53:50,317 - DEBUG -    YResolution: (0x011B) Ratio=300 @ 118
2025-03-14 13:53:50,317 - DEBUG -    ResolutionUnit: (0x0128) Short=Pixels/Inch @ 54
2025-03-14 13:53:50,317 - DEBUG -    Software: (0x0131) ASCII=Adobe Photoshop 7.0 @ 126
2025-03-14 13:53:50,317 - DEBUG -    DateTime: (0x0132) ASCII=2005:01:04 12:33:50 @ 146
2025-03-14 13:53:50,317 - DEBUG -    YCbCrPositioning: (0x0213) Short=Centered @ 90
2025-03-14 13:53:50,317 - DEBUG -    ExifOffset: (0x8769) Long=166 @ 102
2025-03-14 13:53:50,317 - DEBUG -   Exif SubIFD at offset 166:
2025-03-14 13:53:50,317 - DEBUG -    ExifVersion: (0x9000) Undefined=0221 @ 176
2025-03-14 13:53:50,317 - DEBUG -    ComponentsConfiguration: (0x9101) Undefined=YCbCr @ 188
2025-03-14 13:53:50,317 - DEBUG -    FlashPixVersion: (0xA000) Undefined=0100 @ 200
2025-03-14 13:53:50,317 - DEBUG -    ColorSpace: (0xA001) Short=sRGB @ 212
2025-03-14 13:53:50,317 - DEBUG -    ExifImageWidth: (0xA002) Long=4152 @ 224
2025-03-14 13:53:50,317 - DEBUG -    ExifImageLength: (0xA003) Long=2939 @ 236
2025-03-14 13:53:50,317 - DEBUG -    SceneCaptureType: (0xA406) Short=Standard @ 248
2025-03-14 13:53:50,317 - DEBUG -   Found 15 EXIF tags
2025-03-14 13:53:50,317 - DEBUG -   Completed Reading EXIF data in 0.00s
2025-03-14 13:53:50,317 - DEBUG -   Starting Analyzing metadata content...
2025-03-14 13:53:50,317 - INFO - [78.26s]   [78.26s]   No suspicious patterns found in metadata
2025-03-14 13:53:50,318 - DEBUG -   Completed Analyzing metadata content in 0.00s
2025-03-14 13:53:50,318 - DEBUG -   Completed metadata analysis in 0.00s
2025-03-14 13:53:50,318 - INFO - [78.26s]   [78.26s]   Progress: 1/12 analysis steps completed (8.3%)
2025-03-14 13:53:50,318 - DEBUG -   Starting raw_bytes analysis...
2025-03-14 13:53:50,318 - INFO - [78.26s]   [78.26s]   Checking raw bytes...
2025-03-14 13:53:50,318 - DEBUG -   Starting Reading file content...
2025-03-14 13:53:50,318 - DEBUG -   Read 142,379 bytes
2025-03-14 13:53:50,318 - DEBUG -   Completed Reading file content in 0.00s
2025-03-14 13:53:50,318 - DEBUG -   Starting Analyzing ASCII content...
2025-03-14 13:53:50,319 - DEBUG -   Completed Analyzing ASCII content in 0.00s
2025-03-14 13:53:50,319 - DEBUG -   Starting Analyzing hex content...
2025-03-14 13:53:50,319 - DEBUG -   Completed Analyzing hex content in 0.00s
2025-03-14 13:53:50,319 - DEBUG -   Starting Checking base64 variants...
2025-03-14 13:53:50,320 - DEBUG -   Completed Checking base64 variants in 0.00s
2025-03-14 13:53:50,320 - DEBUG -   Starting Analyzing suspicious patterns...
2025-03-14 13:53:50,335 - DEBUG -   Completed Analyzing suspicious patterns in 0.02s
2025-03-14 13:53:50,335 - INFO - [78.28s]   [78.28s]   No suspicious patterns found in raw bytes
2025-03-14 13:53:50,336 - DEBUG -   Completed raw_bytes analysis in 0.02s
2025-03-14 13:53:50,336 - INFO - [78.28s]   [78.28s]   Progress: 2/12 analysis steps completed (16.7%)
2025-03-14 13:53:50,336 - DEBUG -   Starting binary_patterns analysis...
2025-03-14 13:53:50,463 - DEBUG -   Completed binary_patterns analysis in 0.13s
2025-03-14 13:53:50,463 - INFO - [78.41s]   [78.41s]   Progress: 3/12 analysis steps completed (25.0%)
2025-03-14 13:53:50,463 - DEBUG -   Starting lsb analysis...
2025-03-14 13:53:50,463 - DEBUG -   tag: Orientation (274) - type: short (3) - value: b'\x00\x01'
2025-03-14 13:53:50,463 - DEBUG -   tag: XResolution (282) - type: rational (5) Tag Location: 34 - Data Location: 110 - value: b'\x00\x00\x01,\x00\x00\x00\x01'
2025-03-14 13:53:50,463 - DEBUG -   tag: YResolution (283) - type: rational (5) Tag Location: 46 - Data Location: 118 - value: b'\x00\x00\x01,\x00\x00\x00\x01'
2025-03-14 13:53:50,463 - DEBUG -   tag: ResolutionUnit (296) - type: short (3) - value: b'\x00\x02'
2025-03-14 13:53:50,463 - DEBUG -   tag: Software (305) - type: string (2) Tag Location: 70 - Data Location: 126 - value: b'Adobe Photoshop 7.0\x00'
2025-03-14 13:53:50,463 - DEBUG -   tag: DateTime (306) - type: string (2) Tag Location: 82 - Data Location: 146 - value: b'2005:01:04 12:33:50\x00'
2025-03-14 13:53:50,463 - DEBUG -   tag: YCbCrPositioning (531) - type: short (3) - value: b'\x00\x01'
2025-03-14 13:53:50,463 - DEBUG -   tag: ExifIFD (34665) - type: long (4) - value: b'\x00\x00\x00\xa6'
2025-03-14 13:53:51,201 - DEBUG -   Completed lsb analysis in 0.74s
2025-03-14 13:53:51,201 - INFO - [79.15s]   [79.15s]   Progress: 4/12 analysis steps completed (33.3%)
2025-03-14 13:53:51,202 - DEBUG -   Starting channels analysis...
2025-03-14 13:53:51,202 - DEBUG -   tag: Orientation (274) - type: short (3) - value: b'\x00\x01'
2025-03-14 13:53:51,202 - DEBUG -   tag: XResolution (282) - type: rational (5) Tag Location: 34 - Data Location: 110 - value: b'\x00\x00\x01,\x00\x00\x00\x01'
2025-03-14 13:53:51,202 - DEBUG -   tag: YResolution (283) - type: rational (5) Tag Location: 46 - Data Location: 118 - value: b'\x00\x00\x01,\x00\x00\x00\x01'
2025-03-14 13:53:51,202 - DEBUG -   tag: ResolutionUnit (296) - type: short (3) - value: b'\x00\x02'
2025-03-14 13:53:51,202 - DEBUG -   tag: Software (305) - type: string (2) Tag Location: 70 - Data Location: 126 - value: b'Adobe Photoshop 7.0\x00'
2025-03-14 13:53:51,202 - DEBUG -   tag: DateTime (306) - type: string (2) Tag Location: 82 - Data Location: 146 - value: b'2005:01:04 12:33:50\x00'
2025-03-14 13:53:51,202 - DEBUG -   tag: YCbCrPositioning (531) - type: short (3) - value: b'\x00\x01'
2025-03-14 13:53:51,202 - DEBUG -   tag: ExifIFD (34665) - type: long (4) - value: b'\x00\x00\x00\xa6'
2025-03-14 13:53:51,320 - DEBUG -   Completed channels analysis in 0.12s
2025-03-14 13:53:51,320 - INFO - [79.27s]   [79.27s]   Progress: 5/12 analysis steps completed (41.7%)
2025-03-14 13:53:51,320 - DEBUG -   Starting binwalk analysis...
2025-03-14 13:53:51,343 - DEBUG -   Completed binwalk analysis in 0.02s
2025-03-14 13:53:51,343 - INFO - [79.29s]   [79.29s]   Progress: 6/12 analysis steps completed (50.0%)
2025-03-14 13:53:51,344 - DEBUG -   Starting icc_profile analysis...
2025-03-14 13:53:51,344 - DEBUG -   tag: Orientation (274) - type: short (3) - value: b'\x00\x01'
2025-03-14 13:53:51,344 - DEBUG -   tag: XResolution (282) - type: rational (5) Tag Location: 34 - Data Location: 110 - value: b'\x00\x00\x01,\x00\x00\x00\x01'
2025-03-14 13:53:51,344 - DEBUG -   tag: YResolution (283) - type: rational (5) Tag Location: 46 - Data Location: 118 - value: b'\x00\x00\x01,\x00\x00\x00\x01'
2025-03-14 13:53:51,344 - DEBUG -   tag: ResolutionUnit (296) - type: short (3) - value: b'\x00\x02'
2025-03-14 13:53:51,344 - DEBUG -   tag: Software (305) - type: string (2) Tag Location: 70 - Data Location: 126 - value: b'Adobe Photoshop 7.0\x00'
2025-03-14 13:53:51,344 - DEBUG -   tag: DateTime (306) - type: string (2) Tag Location: 82 - Data Location: 146 - value: b'2005:01:04 12:33:50\x00'
2025-03-14 13:53:51,344 - DEBUG -   tag: YCbCrPositioning (531) - type: short (3) - value: b'\x00\x01'
2025-03-14 13:53:51,344 - DEBUG -   tag: ExifIFD (34665) - type: long (4) - value: b'\x00\x00\x00\xa6'
2025-03-14 13:53:51,344 - DEBUG -   Completed icc_profile analysis in 0.00s
2025-03-14 13:53:51,344 - INFO - [79.29s]   [79.29s]   Progress: 7/12 analysis steps completed (58.3%)
2025-03-14 13:53:51,344 - DEBUG -   Starting zip_signatures analysis...
2025-03-14 13:53:51,356 - DEBUG -   Completed zip_signatures analysis in 0.01s
2025-03-14 13:53:51,356 - INFO - [79.30s]   [79.30s]   Progress: 8/12 analysis steps completed (66.7%)
2025-03-14 13:53:51,356 - DEBUG -   Starting appended_data analysis...
2025-03-14 13:53:51,356 - INFO - [79.30s]   [79.30s]   Checking for appended data...
2025-03-14 13:53:51,356 - DEBUG -   Starting Reading file...
2025-03-14 13:53:51,356 - DEBUG -   Read 142,379 bytes
2025-03-14 13:53:51,356 - DEBUG -   Completed Reading file in 0.00s
2025-03-14 13:53:51,356 - DEBUG -   Starting Analyzing file format...
2025-03-14 13:53:51,364 - DEBUG -   Found 1 EOI markers
2025-03-14 13:53:51,364 - DEBUG -   Completed Analyzing file format in 0.01s
2025-03-14 13:53:51,364 - INFO - [79.31s]   [79.31s]   No appended data found
2025-03-14 13:53:51,364 - DEBUG -   Completed appended_data analysis in 0.01s
2025-03-14 13:53:51,364 - INFO - [79.31s]   [79.31s]   Progress: 9/12 analysis steps completed (75.0%)
2025-03-14 13:53:51,364 - DEBUG -   Starting histogram analysis...
2025-03-14 13:53:51,365 - DEBUG -   tag: Orientation (274) - type: short (3) - value: b'\x00\x01'
2025-03-14 13:53:51,365 - DEBUG -   tag: XResolution (282) - type: rational (5) Tag Location: 34 - Data Location: 110 - value: b'\x00\x00\x01,\x00\x00\x00\x01'
2025-03-14 13:53:51,365 - DEBUG -   tag: YResolution (283) - type: rational (5) Tag Location: 46 - Data Location: 118 - value: b'\x00\x00\x01,\x00\x00\x00\x01'
2025-03-14 13:53:51,365 - DEBUG -   tag: ResolutionUnit (296) - type: short (3) - value: b'\x00\x02'
2025-03-14 13:53:51,365 - DEBUG -   tag: Software (305) - type: string (2) Tag Location: 70 - Data Location: 126 - value: b'Adobe Photoshop 7.0\x00'
2025-03-14 13:53:51,365 - DEBUG -   tag: DateTime (306) - type: string (2) Tag Location: 82 - Data Location: 146 - value: b'2005:01:04 12:33:50\x00'
2025-03-14 13:53:51,365 - DEBUG -   tag: YCbCrPositioning (531) - type: short (3) - value: b'\x00\x01'
2025-03-14 13:53:51,365 - DEBUG -   tag: ExifIFD (34665) - type: long (4) - value: b'\x00\x00\x00\xa6'
2025-03-14 13:53:51,414 - DEBUG -   Completed histogram analysis in 0.05s
2025-03-14 13:53:51,414 - INFO - [79.36s]   [79.36s]   Progress: 10/12 analysis steps completed (83.3%)
2025-03-14 13:53:51,414 - DEBUG -   Starting jpeg_comments analysis...
2025-03-14 13:53:51,414 - INFO - [79.36s]   [79.36s]   Checking JPEG comment segments...
2025-03-14 13:53:51,414 - DEBUG -   Starting Reading JPEG file...
2025-03-14 13:53:51,414 - DEBUG -   Completed Reading JPEG file in 0.00s
2025-03-14 13:53:51,414 - DEBUG -   Starting Analyzing comment segments...
2025-03-14 13:53:51,423 - DEBUG -   Completed Analyzing comment segments in 0.01s
2025-03-14 13:53:51,423 - INFO - [79.37s]   [79.37s]   No suspicious patterns found in JPEG comments
2025-03-14 13:53:51,423 - DEBUG -   Completed jpeg_comments analysis in 0.01s
2025-03-14 13:53:51,423 - INFO - [79.37s]   [79.37s]   Progress: 11/12 analysis steps completed (91.7%)
2025-03-14 13:53:51,423 - DEBUG -   Starting large_metadata analysis...
2025-03-14 13:53:51,423 - INFO - [79.37s]   [79.37s]   Checking for large metadata fields...
2025-03-14 13:53:51,423 - DEBUG -   Starting Reading metadata...
2025-03-14 13:53:51,423 - DEBUG -   JPEG format recognized data[0:2]=0xFFD8
2025-03-14 13:53:51,423 - DEBUG -   data[2]=0xFF data[3]=0xE1 data[6:10]=b'Exif'
2025-03-14 13:53:51,423 - DEBUG -    Segment base 0x2
2025-03-14 13:53:51,423 - DEBUG -     APP1 at base 0x2
2025-03-14 13:53:51,423 - DEBUG -     Length: 0xF 0xFE
2025-03-14 13:53:51,423 - DEBUG -     Code: b'Exif'
2025-03-14 13:53:51,423 - DEBUG -     Decrement base by 2 to get to pre-segment header (for compatibility with later code)
2025-03-14 13:53:51,423 - DEBUG -   Endian format is M (Motorola)
2025-03-14 13:53:51,423 - DEBUG -   IFD 0 (Image) at offset 8:
2025-03-14 13:53:51,423 - DEBUG -    Orientation: (0x0112) Short=Horizontal (normal) @ 18
2025-03-14 13:53:51,423 - DEBUG -    XResolution: (0x011A) Ratio=300 @ 110
2025-03-14 13:53:51,423 - DEBUG -    YResolution: (0x011B) Ratio=300 @ 118
2025-03-14 13:53:51,423 - DEBUG -    ResolutionUnit: (0x0128) Short=Pixels/Inch @ 54
2025-03-14 13:53:51,423 - DEBUG -    Software: (0x0131) ASCII=Adobe Photoshop 7.0 @ 126
2025-03-14 13:53:51,423 - DEBUG -    DateTime: (0x0132) ASCII=2005:01:04 12:33:50 @ 146
2025-03-14 13:53:51,423 - DEBUG -    YCbCrPositioning: (0x0213) Short=Centered @ 90
2025-03-14 13:53:51,423 - DEBUG -    ExifOffset: (0x8769) Long=166 @ 102
2025-03-14 13:53:51,423 - DEBUG -   Exif SubIFD at offset 166:
2025-03-14 13:53:51,423 - DEBUG -    ExifVersion: (0x9000) Undefined=0221 @ 176
2025-03-14 13:53:51,423 - DEBUG -    ComponentsConfiguration: (0x9101) Undefined=YCbCr @ 188
2025-03-14 13:53:51,423 - DEBUG -    FlashPixVersion: (0xA000) Undefined=0100 @ 200
2025-03-14 13:53:51,424 - DEBUG -    ColorSpace: (0xA001) Short=sRGB @ 212
2025-03-14 13:53:51,424 - DEBUG -    ExifImageWidth: (0xA002) Long=4152 @ 224
2025-03-14 13:53:51,424 - DEBUG -    ExifImageLength: (0xA003) Long=2939 @ 236
2025-03-14 13:53:51,424 - DEBUG -    SceneCaptureType: (0xA406) Short=Standard @ 248
2025-03-14 13:53:51,424 - DEBUG -   Found 15 metadata tags
2025-03-14 13:53:51,424 - DEBUG -   Completed Reading metadata in 0.00s
2025-03-14 13:53:51,424 - DEBUG -   Starting Analyzing metadata fields...
2025-03-14 13:53:51,424 - DEBUG -   Completed Analyzing metadata fields in 0.00s
2025-03-14 13:53:51,424 - INFO - [79.37s]   [79.37s]   No suspicious large metadata fields found
2025-03-14 13:53:51,424 - DEBUG -   Completed large_metadata analysis in 0.00s
2025-03-14 13:53:51,424 - INFO - [79.37s]   [79.37s]   Progress: 12/12 analysis steps completed (100.0%)
2025-03-14 13:53:51,424 - INFO - [79.37s]   [79.37s]   Analysis complete - 0 total findings
2025-03-14 13:53:51,424 - INFO - [79.37s]   [79.37s]   Completed Analyzing yews_2025-03-14_NYC_To_Add_267_New_EV_Chargers_By_2027_3-13-25-10AM-8.jpg in 1.11s
2025-03-14 13:53:51,424 - INFO - [79.37s]   [79.37s]   Completed Analyzing yews_2025-03-14_NYC_To_Add_267_New_EV_Chargers_By_2027_3-13-25-10AM-8.jpg in 1.11s
2025-03-14 13:53:51,424 - INFO - [79.37s]   [79.37s]   
Analyzing file 16/30: /Users/adam/Git/stego_tools/yews_images/yews_news/2025-03-14/yews_2025-03-14_Poland_Seeks_U.S._Nukes_For_Security_3-13-25-8PM-4.jpg
2025-03-14 13:53:51,424 - INFO - [79.37s]   [79.37s]   Starting Analyzing yews_2025-03-14_Poland_Seeks_U.S._Nukes_For_Security_3-13-25-8PM-4.jpg...
2025-03-14 13:53:51,424 - INFO - [79.37s]   [79.37s]   Starting Analyzing yews_2025-03-14_Poland_Seeks_U.S._Nukes_For_Security_3-13-25-8PM-4.jpg...
2025-03-14 13:53:51,424 - INFO - [79.37s]   [79.37s]   File size: 838,265 bytes
2025-03-14 13:53:51,424 - DEBUG -   Starting metadata analysis...
2025-03-14 13:53:51,424 - INFO - [79.37s]   [79.37s]   Checking metadata...
2025-03-14 13:53:51,424 - DEBUG -   Starting Reading EXIF data...
2025-03-14 13:53:51,425 - DEBUG -   JPEG format recognized data[0:2]=0xFFD8
2025-03-14 13:53:51,425 - DEBUG -   data[2]=0xFF data[3]=0xE1 data[6:10]=b'Exif'
2025-03-14 13:53:51,425 - DEBUG -    Segment base 0x2
2025-03-14 13:53:51,425 - DEBUG -     APP1 at base 0x2
2025-03-14 13:53:51,425 - DEBUG -     Length: 0xF 0xFE
2025-03-14 13:53:51,425 - DEBUG -     Code: b'Exif'
2025-03-14 13:53:51,425 - DEBUG -     Decrement base by 2 to get to pre-segment header (for compatibility with later code)
2025-03-14 13:53:51,425 - DEBUG -   Endian format is M (Motorola)
2025-03-14 13:53:51,425 - DEBUG -   IFD 0 (Image) at offset 8:
2025-03-14 13:53:51,425 - DEBUG -    Orientation: (0x0112) Short=Horizontal (normal) @ 18
2025-03-14 13:53:51,425 - DEBUG -    XResolution: (0x011A) Ratio=72 @ 98
2025-03-14 13:53:51,425 - DEBUG -    YResolution: (0x011B) Ratio=72 @ 106
2025-03-14 13:53:51,425 - DEBUG -    ResolutionUnit: (0x0128) Short=Pixels/Inch @ 54
2025-03-14 13:53:51,425 - DEBUG -    Software: (0x0131) ASCII=Google @ 114
2025-03-14 13:53:51,425 - DEBUG -    YCbCrPositioning: (0x0213) Short=Centered @ 78
2025-03-14 13:53:51,425 - DEBUG -    ExifOffset: (0x8769) Long=122 @ 90
2025-03-14 13:53:51,425 - DEBUG -   Exif SubIFD at offset 122:
2025-03-14 13:53:51,425 - DEBUG -    ExifVersion: (0x9000) Undefined=0220 @ 132
2025-03-14 13:53:51,425 - DEBUG -    ComponentsConfiguration: (0x9101) Undefined=YCbCr @ 144
2025-03-14 13:53:51,425 - DEBUG -    FlashPixVersion: (0xA000) Undefined=0100 @ 156
2025-03-14 13:53:51,425 - DEBUG -    ColorSpace: (0xA001) Short=sRGB @ 168
2025-03-14 13:53:51,426 - DEBUG -    ExifImageWidth: (0xA002) Long=1115 @ 180
2025-03-14 13:53:51,426 - DEBUG -    ExifImageLength: (0xA003) Long=1600 @ 192
2025-03-14 13:53:51,426 - DEBUG -    SceneCaptureType: (0xA406) Short=Standard @ 204
2025-03-14 13:53:51,426 - DEBUG -   Found 14 EXIF tags
2025-03-14 13:53:51,426 - DEBUG -   Completed Reading EXIF data in 0.00s
2025-03-14 13:53:51,426 - DEBUG -   Starting Analyzing metadata content...
2025-03-14 13:53:51,426 - INFO - [79.37s]   [79.37s]   No suspicious patterns found in metadata
2025-03-14 13:53:51,426 - DEBUG -   Completed Analyzing metadata content in 0.00s
2025-03-14 13:53:51,426 - DEBUG -   Completed metadata analysis in 0.00s
2025-03-14 13:53:51,426 - INFO - [79.37s]   [79.37s]   Progress: 1/12 analysis steps completed (8.3%)
2025-03-14 13:53:51,426 - DEBUG -   Starting raw_bytes analysis...
2025-03-14 13:53:51,426 - INFO - [79.37s]   [79.37s]   Checking raw bytes...
2025-03-14 13:53:51,426 - DEBUG -   Starting Reading file content...
2025-03-14 13:53:51,426 - DEBUG -   Read 838,265 bytes
2025-03-14 13:53:51,426 - DEBUG -   Completed Reading file content in 0.00s
2025-03-14 13:53:51,426 - DEBUG -   Starting Analyzing ASCII content...
2025-03-14 13:53:51,432 - DEBUG -   Completed Analyzing ASCII content in 0.01s
2025-03-14 13:53:51,432 - DEBUG -   Starting Analyzing hex content...
2025-03-14 13:53:51,435 - DEBUG -   Completed Analyzing hex content in 0.00s
2025-03-14 13:53:51,435 - DEBUG -   Starting Checking base64 variants...
2025-03-14 13:53:51,437 - DEBUG -   Completed Checking base64 variants in 0.00s
2025-03-14 13:53:51,437 - DEBUG -   Starting Analyzing suspicious patterns...
2025-03-14 13:53:51,517 - WARNING - [79.46s]   [79.46s]   Suspicious substring in raw data: Steganography tool reference: f5
2025-03-14 13:53:51,517 - DEBUG -   Completed Analyzing suspicious patterns in 0.08s
2025-03-14 13:53:51,517 - INFO - [79.46s]   [79.46s]   Found 1 suspicious patterns in raw bytes
2025-03-14 13:53:51,518 - DEBUG -   Completed raw_bytes analysis in 0.09s
2025-03-14 13:53:51,518 - INFO - [79.46s]   [79.46s]   Progress: 2/12 analysis steps completed (16.7%)
2025-03-14 13:53:51,518 - DEBUG -   Starting binary_patterns analysis...
2025-03-14 13:53:52,310 - DEBUG -   Completed binary_patterns analysis in 0.79s
2025-03-14 13:53:52,310 - INFO - [80.26s]   [80.26s]   Progress: 3/12 analysis steps completed (25.0%)
2025-03-14 13:53:52,310 - DEBUG -   Starting lsb analysis...
2025-03-14 13:53:52,310 - DEBUG -   tag: Orientation (274) - type: short (3) - value: b'\x00\x01'
2025-03-14 13:53:52,310 - DEBUG -   tag: XResolution (282) - type: rational (5) Tag Location: 34 - Data Location: 98 - value: b'\x00\x00\x00H\x00\x00\x00\x01'
2025-03-14 13:53:52,310 - DEBUG -   tag: YResolution (283) - type: rational (5) Tag Location: 46 - Data Location: 106 - value: b'\x00\x00\x00H\x00\x00\x00\x01'
2025-03-14 13:53:52,310 - DEBUG -   tag: ResolutionUnit (296) - type: short (3) - value: b'\x00\x02'
2025-03-14 13:53:52,310 - DEBUG -   tag: Software (305) - type: string (2) Tag Location: 70 - Data Location: 114 - value: b'Google\x00'
2025-03-14 13:53:52,310 - DEBUG -   tag: YCbCrPositioning (531) - type: short (3) - value: b'\x00\x01'
2025-03-14 13:53:52,310 - DEBUG -   tag: ExifIFD (34665) - type: long (4) - value: b'\x00\x00\x00z'
2025-03-14 13:53:57,073 - DEBUG -   Completed lsb analysis in 4.76s
2025-03-14 13:53:57,073 - INFO - [85.02s]   [85.02s]   Progress: 4/12 analysis steps completed (33.3%)
2025-03-14 13:53:57,073 - DEBUG -   Starting channels analysis...
2025-03-14 13:53:57,074 - DEBUG -   tag: Orientation (274) - type: short (3) - value: b'\x00\x01'
2025-03-14 13:53:57,074 - DEBUG -   tag: XResolution (282) - type: rational (5) Tag Location: 34 - Data Location: 98 - value: b'\x00\x00\x00H\x00\x00\x00\x01'
2025-03-14 13:53:57,074 - DEBUG -   tag: YResolution (283) - type: rational (5) Tag Location: 46 - Data Location: 106 - value: b'\x00\x00\x00H\x00\x00\x00\x01'
2025-03-14 13:53:57,074 - DEBUG -   tag: ResolutionUnit (296) - type: short (3) - value: b'\x00\x02'
2025-03-14 13:53:57,074 - DEBUG -   tag: Software (305) - type: string (2) Tag Location: 70 - Data Location: 114 - value: b'Google\x00'
2025-03-14 13:53:57,074 - DEBUG -   tag: YCbCrPositioning (531) - type: short (3) - value: b'\x00\x01'
2025-03-14 13:53:57,074 - DEBUG -   tag: ExifIFD (34665) - type: long (4) - value: b'\x00\x00\x00z'
2025-03-14 13:53:57,763 - DEBUG -   Completed channels analysis in 0.69s
2025-03-14 13:53:57,763 - INFO - [85.71s]   [85.71s]   Progress: 5/12 analysis steps completed (41.7%)
2025-03-14 13:53:57,763 - DEBUG -   Starting binwalk analysis...
2025-03-14 13:53:57,787 - DEBUG -   Completed binwalk analysis in 0.02s
2025-03-14 13:53:57,787 - INFO - [85.73s]   [85.73s]   Progress: 6/12 analysis steps completed (50.0%)
2025-03-14 13:53:57,787 - DEBUG -   Starting icc_profile analysis...
2025-03-14 13:53:57,787 - DEBUG -   tag: Orientation (274) - type: short (3) - value: b'\x00\x01'
2025-03-14 13:53:57,787 - DEBUG -   tag: XResolution (282) - type: rational (5) Tag Location: 34 - Data Location: 98 - value: b'\x00\x00\x00H\x00\x00\x00\x01'
2025-03-14 13:53:57,787 - DEBUG -   tag: YResolution (283) - type: rational (5) Tag Location: 46 - Data Location: 106 - value: b'\x00\x00\x00H\x00\x00\x00\x01'
2025-03-14 13:53:57,787 - DEBUG -   tag: ResolutionUnit (296) - type: short (3) - value: b'\x00\x02'
2025-03-14 13:53:57,787 - DEBUG -   tag: Software (305) - type: string (2) Tag Location: 70 - Data Location: 114 - value: b'Google\x00'
2025-03-14 13:53:57,787 - DEBUG -   tag: YCbCrPositioning (531) - type: short (3) - value: b'\x00\x01'
2025-03-14 13:53:57,787 - DEBUG -   tag: ExifIFD (34665) - type: long (4) - value: b'\x00\x00\x00z'
2025-03-14 13:53:57,787 - DEBUG -   Completed icc_profile analysis in 0.00s
2025-03-14 13:53:57,787 - INFO - [85.73s]   [85.73s]   Progress: 7/12 analysis steps completed (58.3%)
2025-03-14 13:53:57,787 - DEBUG -   Starting zip_signatures analysis...
2025-03-14 13:53:57,856 - DEBUG -   Completed zip_signatures analysis in 0.07s
2025-03-14 13:53:57,856 - INFO - [85.80s]   [85.80s]   Progress: 8/12 analysis steps completed (66.7%)
2025-03-14 13:53:57,856 - DEBUG -   Starting appended_data analysis...
2025-03-14 13:53:57,856 - INFO - [85.80s]   [85.80s]   Checking for appended data...
2025-03-14 13:53:57,856 - DEBUG -   Starting Reading file...
2025-03-14 13:53:57,856 - DEBUG -   Read 838,265 bytes
2025-03-14 13:53:57,856 - DEBUG -   Completed Reading file in 0.00s
2025-03-14 13:53:57,856 - DEBUG -   Starting Analyzing file format...
2025-03-14 13:53:57,906 - DEBUG -   Found 1 EOI markers
2025-03-14 13:53:57,906 - DEBUG -   Completed Analyzing file format in 0.05s
2025-03-14 13:53:57,906 - INFO - [85.85s]   [85.85s]   No appended data found
2025-03-14 13:53:57,906 - DEBUG -   Completed appended_data analysis in 0.05s
2025-03-14 13:53:57,906 - INFO - [85.85s]   [85.85s]   Progress: 9/12 analysis steps completed (75.0%)
2025-03-14 13:53:57,906 - DEBUG -   Starting histogram analysis...
2025-03-14 13:53:57,906 - DEBUG -   tag: Orientation (274) - type: short (3) - value: b'\x00\x01'
2025-03-14 13:53:57,906 - DEBUG -   tag: XResolution (282) - type: rational (5) Tag Location: 34 - Data Location: 98 - value: b'\x00\x00\x00H\x00\x00\x00\x01'
2025-03-14 13:53:57,906 - DEBUG -   tag: YResolution (283) - type: rational (5) Tag Location: 46 - Data Location: 106 - value: b'\x00\x00\x00H\x00\x00\x00\x01'
2025-03-14 13:53:57,906 - DEBUG -   tag: ResolutionUnit (296) - type: short (3) - value: b'\x00\x02'
2025-03-14 13:53:57,906 - DEBUG -   tag: Software (305) - type: string (2) Tag Location: 70 - Data Location: 114 - value: b'Google\x00'
2025-03-14 13:53:57,906 - DEBUG -   tag: YCbCrPositioning (531) - type: short (3) - value: b'\x00\x01'
2025-03-14 13:53:57,906 - DEBUG -   tag: ExifIFD (34665) - type: long (4) - value: b'\x00\x00\x00z'
2025-03-14 13:53:58,233 - DEBUG -   Completed histogram analysis in 0.33s
2025-03-14 13:53:58,234 - INFO - [86.18s]   [86.18s]   Progress: 10/12 analysis steps completed (83.3%)
2025-03-14 13:53:58,234 - DEBUG -   Starting jpeg_comments analysis...
2025-03-14 13:53:58,234 - INFO - [86.18s]   [86.18s]   Checking JPEG comment segments...
2025-03-14 13:53:58,234 - DEBUG -   Starting Reading JPEG file...
2025-03-14 13:53:58,234 - DEBUG -   Completed Reading JPEG file in 0.00s
2025-03-14 13:53:58,234 - DEBUG -   Starting Analyzing comment segments...
2025-03-14 13:53:58,284 - DEBUG -   Completed Analyzing comment segments in 0.05s
2025-03-14 13:53:58,284 - INFO - [86.23s]   [86.23s]   No suspicious patterns found in JPEG comments
2025-03-14 13:53:58,284 - DEBUG -   Completed jpeg_comments analysis in 0.05s
2025-03-14 13:53:58,284 - INFO - [86.23s]   [86.23s]   Progress: 11/12 analysis steps completed (91.7%)
2025-03-14 13:53:58,284 - DEBUG -   Starting large_metadata analysis...
2025-03-14 13:53:58,284 - INFO - [86.23s]   [86.23s]   Checking for large metadata fields...
2025-03-14 13:53:58,284 - DEBUG -   Starting Reading metadata...
2025-03-14 13:53:58,284 - DEBUG -   JPEG format recognized data[0:2]=0xFFD8
2025-03-14 13:53:58,284 - DEBUG -   data[2]=0xFF data[3]=0xE1 data[6:10]=b'Exif'
2025-03-14 13:53:58,284 - DEBUG -    Segment base 0x2
2025-03-14 13:53:58,284 - DEBUG -     APP1 at base 0x2
2025-03-14 13:53:58,284 - DEBUG -     Length: 0xF 0xFE
2025-03-14 13:53:58,284 - DEBUG -     Code: b'Exif'
2025-03-14 13:53:58,284 - DEBUG -     Decrement base by 2 to get to pre-segment header (for compatibility with later code)
2025-03-14 13:53:58,284 - DEBUG -   Endian format is M (Motorola)
2025-03-14 13:53:58,285 - DEBUG -   IFD 0 (Image) at offset 8:
2025-03-14 13:53:58,285 - DEBUG -    Orientation: (0x0112) Short=Horizontal (normal) @ 18
2025-03-14 13:53:58,285 - DEBUG -    XResolution: (0x011A) Ratio=72 @ 98
2025-03-14 13:53:58,285 - DEBUG -    YResolution: (0x011B) Ratio=72 @ 106
2025-03-14 13:53:58,285 - DEBUG -    ResolutionUnit: (0x0128) Short=Pixels/Inch @ 54
2025-03-14 13:53:58,285 - DEBUG -    Software: (0x0131) ASCII=Google @ 114
2025-03-14 13:53:58,285 - DEBUG -    YCbCrPositioning: (0x0213) Short=Centered @ 78
2025-03-14 13:53:58,285 - DEBUG -    ExifOffset: (0x8769) Long=122 @ 90
2025-03-14 13:53:58,285 - DEBUG -   Exif SubIFD at offset 122:
2025-03-14 13:53:58,285 - DEBUG -    ExifVersion: (0x9000) Undefined=0220 @ 132
2025-03-14 13:53:58,285 - DEBUG -    ComponentsConfiguration: (0x9101) Undefined=YCbCr @ 144
2025-03-14 13:53:58,285 - DEBUG -    FlashPixVersion: (0xA000) Undefined=0100 @ 156
2025-03-14 13:53:58,285 - DEBUG -    ColorSpace: (0xA001) Short=sRGB @ 168
2025-03-14 13:53:58,285 - DEBUG -    ExifImageWidth: (0xA002) Long=1115 @ 180
2025-03-14 13:53:58,285 - DEBUG -    ExifImageLength: (0xA003) Long=1600 @ 192
2025-03-14 13:53:58,285 - DEBUG -    SceneCaptureType: (0xA406) Short=Standard @ 204
2025-03-14 13:53:58,285 - DEBUG -   Found 14 metadata tags
2025-03-14 13:53:58,285 - DEBUG -   Completed Reading metadata in 0.00s
2025-03-14 13:53:58,285 - DEBUG -   Starting Analyzing metadata fields...
2025-03-14 13:53:58,285 - DEBUG -   Completed Analyzing metadata fields in 0.00s
2025-03-14 13:53:58,285 - INFO - [86.23s]   [86.23s]   No suspicious large metadata fields found
2025-03-14 13:53:58,285 - DEBUG -   Completed large_metadata analysis in 0.00s
2025-03-14 13:53:58,285 - INFO - [86.23s]   [86.23s]   Progress: 12/12 analysis steps completed (100.0%)
2025-03-14 13:53:58,285 - INFO - [86.23s]   [86.23s]   Analysis complete - 0 total findings
2025-03-14 13:53:58,285 - INFO - [86.23s]   [86.23s]   Completed Analyzing yews_2025-03-14_Poland_Seeks_U.S._Nukes_For_Security_3-13-25-8PM-4.jpg in 6.86s
2025-03-14 13:53:58,285 - INFO - [86.23s]   [86.23s]   Completed Analyzing yews_2025-03-14_Poland_Seeks_U.S._Nukes_For_Security_3-13-25-8PM-4.jpg in 6.86s
2025-03-14 13:53:58,285 - INFO - [86.23s]   [86.23s]   
Analyzing file 17/30: /Users/adam/Git/stego_tools/yews_images/yews_news/2025-03-14/yews_2025-03-14_Gold_Hits_Record_As_U.S._Eyes_Tariffs_3-13-25-3PM-1.jpg
2025-03-14 13:53:58,285 - INFO - [86.23s]   [86.23s]   Starting Analyzing yews_2025-03-14_Gold_Hits_Record_As_U.S._Eyes_Tariffs_3-13-25-3PM-1.jpg...
2025-03-14 13:53:58,285 - INFO - [86.23s]   [86.23s]   Starting Analyzing yews_2025-03-14_Gold_Hits_Record_As_U.S._Eyes_Tariffs_3-13-25-3PM-1.jpg...
2025-03-14 13:53:58,285 - INFO - [86.23s]   [86.23s]   File size: 367,977 bytes
2025-03-14 13:53:58,285 - DEBUG -   Starting metadata analysis...
2025-03-14 13:53:58,285 - INFO - [86.23s]   [86.23s]   Checking metadata...
2025-03-14 13:53:58,285 - DEBUG -   Starting Reading EXIF data...
2025-03-14 13:53:58,286 - DEBUG -   JPEG format recognized data[0:2]=0xFFD8
2025-03-14 13:53:58,286 - DEBUG -   data[2]=0xFF data[3]=0xE1 data[6:10]=b'Exif'
2025-03-14 13:53:58,286 - DEBUG -    Segment base 0x2
2025-03-14 13:53:58,286 - DEBUG -     APP1 at base 0x2
2025-03-14 13:53:58,286 - DEBUG -     Length: 0x1 0x46
2025-03-14 13:53:58,286 - DEBUG -     Code: b'Exif'
2025-03-14 13:53:58,286 - DEBUG -     Decrement base by 2 to get to pre-segment header (for compatibility with later code)
2025-03-14 13:53:58,286 - DEBUG -   Endian format is M (Motorola)
2025-03-14 13:53:58,286 - DEBUG -   IFD 0 (Image) at offset 8:
2025-03-14 13:53:58,286 - DEBUG -    PhotometricInterpretation: (0x0106) Short=2 @ 18
2025-03-14 13:53:58,286 - DEBUG -    Orientation: (0x0112) Short=Horizontal (normal) @ 30
2025-03-14 13:53:58,286 - DEBUG -    XResolution: (0x011A) Ratio=300 @ 122
2025-03-14 13:53:58,286 - DEBUG -    YResolution: (0x011B) Ratio=300 @ 130
2025-03-14 13:53:58,286 - DEBUG -    ResolutionUnit: (0x0128) Short=Pixels/Inch @ 66
2025-03-14 13:53:58,286 - DEBUG -    Software: (0x0131) ASCII=Adobe Photoshop CC 2017 (Macintosh) @ 138
2025-03-14 13:53:58,286 - DEBUG -    DateTime: (0x0132) ASCII=2017:11:21 10:00:05 @ 174
2025-03-14 13:53:58,286 - DEBUG -    YCbCrPositioning: (0x0213) Short=Centered @ 102
2025-03-14 13:53:58,286 - DEBUG -    ExifOffset: (0x8769) Long=194 @ 114
2025-03-14 13:53:58,286 - DEBUG -   Exif SubIFD at offset 194:
2025-03-14 13:53:58,286 - DEBUG -    ExifVersion: (0x9000) Undefined=0221 @ 204
2025-03-14 13:53:58,286 - DEBUG -    DateTimeDigitized: (0x9004) ASCII=2013:01:31 17:36:27 @ 296
2025-03-14 13:53:58,286 - DEBUG -    ComponentsConfiguration: (0x9101) Undefined=YCbCr @ 228
2025-03-14 13:53:58,286 - DEBUG -    FlashPixVersion: (0xA000) Undefined=0100 @ 240
2025-03-14 13:53:58,286 - DEBUG -    ColorSpace: (0xA001) Short=Uncalibrated @ 252
2025-03-14 13:53:58,286 - DEBUG -    ExifImageWidth: (0xA002) Long=866 @ 264
2025-03-14 13:53:58,286 - DEBUG -    ExifImageLength: (0xA003) Long=1110 @ 276
2025-03-14 13:53:58,286 - DEBUG -    SceneCaptureType: (0xA406) Short=Standard @ 288
2025-03-14 13:53:58,286 - DEBUG -   Found 17 EXIF tags
2025-03-14 13:53:58,286 - DEBUG -   Completed Reading EXIF data in 0.00s
2025-03-14 13:53:58,286 - DEBUG -   Starting Analyzing metadata content...
2025-03-14 13:53:58,286 - INFO - [86.23s]   [86.23s]   No suspicious patterns found in metadata
2025-03-14 13:53:58,286 - DEBUG -   Completed Analyzing metadata content in 0.00s
2025-03-14 13:53:58,286 - DEBUG -   Completed metadata analysis in 0.00s
2025-03-14 13:53:58,286 - INFO - [86.23s]   [86.23s]   Progress: 1/12 analysis steps completed (8.3%)
2025-03-14 13:53:58,286 - DEBUG -   Starting raw_bytes analysis...
2025-03-14 13:53:58,286 - INFO - [86.23s]   [86.23s]   Checking raw bytes...
2025-03-14 13:53:58,286 - DEBUG -   Starting Reading file content...
2025-03-14 13:53:58,287 - DEBUG -   Read 367,977 bytes
2025-03-14 13:53:58,287 - DEBUG -   Completed Reading file content in 0.00s
2025-03-14 13:53:58,287 - DEBUG -   Starting Analyzing ASCII content...
2025-03-14 13:53:58,290 - DEBUG -   Completed Analyzing ASCII content in 0.00s
2025-03-14 13:53:58,290 - DEBUG -   Starting Analyzing hex content...
2025-03-14 13:53:58,291 - DEBUG -   Completed Analyzing hex content in 0.00s
2025-03-14 13:53:58,291 - DEBUG -   Starting Checking base64 variants...
2025-03-14 13:53:58,292 - DEBUG -   Completed Checking base64 variants in 0.00s
2025-03-14 13:53:58,292 - DEBUG -   Starting Analyzing suspicious patterns...
2025-03-14 13:53:58,328 - WARNING - [86.28s]   [86.27s]   Suspicious substring in raw data: Steganography tool reference: f5
2025-03-14 13:53:58,328 - DEBUG -   Completed Analyzing suspicious patterns in 0.04s
2025-03-14 13:53:58,328 - INFO - [86.28s]   [86.28s]   Found 1 suspicious patterns in raw bytes
2025-03-14 13:53:58,329 - DEBUG -   Completed raw_bytes analysis in 0.04s
2025-03-14 13:53:58,329 - INFO - [86.28s]   [86.28s]   Progress: 2/12 analysis steps completed (16.7%)
2025-03-14 13:53:58,329 - DEBUG -   Starting binary_patterns analysis...
2025-03-14 13:53:58,668 - DEBUG -   Completed binary_patterns analysis in 0.34s
2025-03-14 13:53:58,668 - INFO - [86.61s]   [86.61s]   Progress: 3/12 analysis steps completed (25.0%)
2025-03-14 13:53:58,668 - DEBUG -   Starting lsb analysis...
2025-03-14 13:53:58,668 - DEBUG -   tag: PhotometricInterpretation (262) - type: short (3) - value: b'\x00\x02'
2025-03-14 13:53:58,668 - DEBUG -   tag: Orientation (274) - type: short (3) - value: b'\x00\x01'
2025-03-14 13:53:58,668 - DEBUG -   tag: XResolution (282) - type: rational (5) Tag Location: 46 - Data Location: 122 - value: b'\x00\x00\x01,\x00\x00\x00\x01'
2025-03-14 13:53:58,668 - DEBUG -   tag: YResolution (283) - type: rational (5) Tag Location: 58 - Data Location: 130 - value: b'\x00\x00\x01,\x00\x00\x00\x01'
2025-03-14 13:53:58,668 - DEBUG -   tag: ResolutionUnit (296) - type: short (3) - value: b'\x00\x02'
2025-03-14 13:53:58,668 - DEBUG -   tag: Software (305) - type: string (2) Tag Location: 82 - Data Location: 138 - value: <table: 36 bytes>
2025-03-14 13:53:58,668 - DEBUG -   tag: DateTime (306) - type: string (2) Tag Location: 94 - Data Location: 174 - value: b'2017:11:21 10:00:05\x00'
2025-03-14 13:53:58,668 - DEBUG -   tag: YCbCrPositioning (531) - type: short (3) - value: b'\x00\x01'
2025-03-14 13:53:58,668 - DEBUG -   tag: ExifIFD (34665) - type: long (4) - value: b'\x00\x00\x00\xc2'
2025-03-14 13:54:01,655 - DEBUG -   Completed lsb analysis in 2.99s
2025-03-14 13:54:01,655 - INFO - [89.60s]   [89.60s]   Progress: 4/12 analysis steps completed (33.3%)
2025-03-14 13:54:01,655 - DEBUG -   Starting channels analysis...
2025-03-14 13:54:01,656 - DEBUG -   tag: PhotometricInterpretation (262) - type: short (3) - value: b'\x00\x02'
2025-03-14 13:54:01,656 - DEBUG -   tag: Orientation (274) - type: short (3) - value: b'\x00\x01'
2025-03-14 13:54:01,656 - DEBUG -   tag: XResolution (282) - type: rational (5) Tag Location: 46 - Data Location: 122 - value: b'\x00\x00\x01,\x00\x00\x00\x01'
2025-03-14 13:54:01,656 - DEBUG -   tag: YResolution (283) - type: rational (5) Tag Location: 58 - Data Location: 130 - value: b'\x00\x00\x01,\x00\x00\x00\x01'
2025-03-14 13:54:01,656 - DEBUG -   tag: ResolutionUnit (296) - type: short (3) - value: b'\x00\x02'
2025-03-14 13:54:01,656 - DEBUG -   tag: Software (305) - type: string (2) Tag Location: 82 - Data Location: 138 - value: <table: 36 bytes>
2025-03-14 13:54:01,656 - DEBUG -   tag: DateTime (306) - type: string (2) Tag Location: 94 - Data Location: 174 - value: b'2017:11:21 10:00:05\x00'
2025-03-14 13:54:01,656 - DEBUG -   tag: YCbCrPositioning (531) - type: short (3) - value: b'\x00\x01'
2025-03-14 13:54:01,656 - DEBUG -   tag: ExifIFD (34665) - type: long (4) - value: b'\x00\x00\x00\xc2'
2025-03-14 13:54:02,252 - DEBUG -   Completed channels analysis in 0.60s
2025-03-14 13:54:02,252 - INFO - [90.20s]   [90.20s]   Progress: 5/12 analysis steps completed (41.7%)
2025-03-14 13:54:02,252 - DEBUG -   Starting binwalk analysis...
2025-03-14 13:54:02,306 - DEBUG -   Completed binwalk analysis in 0.05s
2025-03-14 13:54:02,306 - INFO - [90.25s]   [90.25s]   Progress: 6/12 analysis steps completed (50.0%)
2025-03-14 13:54:02,306 - DEBUG -   Starting icc_profile analysis...
2025-03-14 13:54:02,306 - DEBUG -   tag: PhotometricInterpretation (262) - type: short (3) - value: b'\x00\x02'
2025-03-14 13:54:02,306 - DEBUG -   tag: Orientation (274) - type: short (3) - value: b'\x00\x01'
2025-03-14 13:54:02,306 - DEBUG -   tag: XResolution (282) - type: rational (5) Tag Location: 46 - Data Location: 122 - value: b'\x00\x00\x01,\x00\x00\x00\x01'
2025-03-14 13:54:02,306 - DEBUG -   tag: YResolution (283) - type: rational (5) Tag Location: 58 - Data Location: 130 - value: b'\x00\x00\x01,\x00\x00\x00\x01'
2025-03-14 13:54:02,306 - DEBUG -   tag: ResolutionUnit (296) - type: short (3) - value: b'\x00\x02'
2025-03-14 13:54:02,306 - DEBUG -   tag: Software (305) - type: string (2) Tag Location: 82 - Data Location: 138 - value: <table: 36 bytes>
2025-03-14 13:54:02,306 - DEBUG -   tag: DateTime (306) - type: string (2) Tag Location: 94 - Data Location: 174 - value: b'2017:11:21 10:00:05\x00'
2025-03-14 13:54:02,306 - DEBUG -   tag: YCbCrPositioning (531) - type: short (3) - value: b'\x00\x01'
2025-03-14 13:54:02,306 - DEBUG -   tag: ExifIFD (34665) - type: long (4) - value: b'\x00\x00\x00\xc2'
2025-03-14 13:54:02,307 - DEBUG -   Completed icc_profile analysis in 0.00s
2025-03-14 13:54:02,307 - INFO - [90.25s]   [90.25s]   Progress: 7/12 analysis steps completed (58.3%)
2025-03-14 13:54:02,307 - DEBUG -   Starting zip_signatures analysis...
2025-03-14 13:54:02,337 - DEBUG -   Completed zip_signatures analysis in 0.03s
2025-03-14 13:54:02,337 - INFO - [90.28s]   [90.28s]   Progress: 8/12 analysis steps completed (66.7%)
2025-03-14 13:54:02,337 - DEBUG -   Starting appended_data analysis...
2025-03-14 13:54:02,337 - INFO - [90.28s]   [90.28s]   Checking for appended data...
2025-03-14 13:54:02,337 - DEBUG -   Starting Reading file...
2025-03-14 13:54:02,337 - DEBUG -   Read 367,977 bytes
2025-03-14 13:54:02,337 - DEBUG -   Completed Reading file in 0.00s
2025-03-14 13:54:02,337 - DEBUG -   Starting Analyzing file format...
2025-03-14 13:54:02,359 - DEBUG -   Found 1 EOI markers
2025-03-14 13:54:02,360 - DEBUG -   Completed Analyzing file format in 0.02s
2025-03-14 13:54:02,360 - INFO - [90.31s]   [90.31s]   No appended data found
2025-03-14 13:54:02,360 - DEBUG -   Completed appended_data analysis in 0.02s
2025-03-14 13:54:02,360 - INFO - [90.31s]   [90.31s]   Progress: 9/12 analysis steps completed (75.0%)
2025-03-14 13:54:02,360 - DEBUG -   Starting histogram analysis...
2025-03-14 13:54:02,360 - DEBUG -   tag: PhotometricInterpretation (262) - type: short (3) - value: b'\x00\x02'
2025-03-14 13:54:02,360 - DEBUG -   tag: Orientation (274) - type: short (3) - value: b'\x00\x01'
2025-03-14 13:54:02,360 - DEBUG -   tag: XResolution (282) - type: rational (5) Tag Location: 46 - Data Location: 122 - value: b'\x00\x00\x01,\x00\x00\x00\x01'
2025-03-14 13:54:02,360 - DEBUG -   tag: YResolution (283) - type: rational (5) Tag Location: 58 - Data Location: 130 - value: b'\x00\x00\x01,\x00\x00\x00\x01'
2025-03-14 13:54:02,360 - DEBUG -   tag: ResolutionUnit (296) - type: short (3) - value: b'\x00\x02'
2025-03-14 13:54:02,360 - DEBUG -   tag: Software (305) - type: string (2) Tag Location: 82 - Data Location: 138 - value: <table: 36 bytes>
2025-03-14 13:54:02,360 - DEBUG -   tag: DateTime (306) - type: string (2) Tag Location: 94 - Data Location: 174 - value: b'2017:11:21 10:00:05\x00'
2025-03-14 13:54:02,360 - DEBUG -   tag: YCbCrPositioning (531) - type: short (3) - value: b'\x00\x01'
2025-03-14 13:54:02,360 - DEBUG -   tag: ExifIFD (34665) - type: long (4) - value: b'\x00\x00\x00\xc2'
2025-03-14 13:54:02,563 - DEBUG -   Completed histogram analysis in 0.20s
2025-03-14 13:54:02,563 - INFO - [90.51s]   [90.51s]   Progress: 10/12 analysis steps completed (83.3%)
2025-03-14 13:54:02,563 - DEBUG -   Starting jpeg_comments analysis...
2025-03-14 13:54:02,563 - INFO - [90.51s]   [90.51s]   Checking JPEG comment segments...
2025-03-14 13:54:02,563 - DEBUG -   Starting Reading JPEG file...
2025-03-14 13:54:02,563 - DEBUG -   Completed Reading JPEG file in 0.00s
2025-03-14 13:54:02,563 - DEBUG -   Starting Analyzing comment segments...
2025-03-14 13:54:02,585 - DEBUG -   Completed Analyzing comment segments in 0.02s
2025-03-14 13:54:02,585 - INFO - [90.53s]   [90.53s]   No suspicious patterns found in JPEG comments
2025-03-14 13:54:02,585 - DEBUG -   Completed jpeg_comments analysis in 0.02s
2025-03-14 13:54:02,585 - INFO - [90.53s]   [90.53s]   Progress: 11/12 analysis steps completed (91.7%)
2025-03-14 13:54:02,585 - DEBUG -   Starting large_metadata analysis...
2025-03-14 13:54:02,585 - INFO - [90.53s]   [90.53s]   Checking for large metadata fields...
2025-03-14 13:54:02,585 - DEBUG -   Starting Reading metadata...
2025-03-14 13:54:02,585 - DEBUG -   JPEG format recognized data[0:2]=0xFFD8
2025-03-14 13:54:02,585 - DEBUG -   data[2]=0xFF data[3]=0xE1 data[6:10]=b'Exif'
2025-03-14 13:54:02,585 - DEBUG -    Segment base 0x2
2025-03-14 13:54:02,585 - DEBUG -     APP1 at base 0x2
2025-03-14 13:54:02,585 - DEBUG -     Length: 0x1 0x46
2025-03-14 13:54:02,585 - DEBUG -     Code: b'Exif'
2025-03-14 13:54:02,585 - DEBUG -     Decrement base by 2 to get to pre-segment header (for compatibility with later code)
2025-03-14 13:54:02,585 - DEBUG -   Endian format is M (Motorola)
2025-03-14 13:54:02,585 - DEBUG -   IFD 0 (Image) at offset 8:
2025-03-14 13:54:02,585 - DEBUG -    PhotometricInterpretation: (0x0106) Short=2 @ 18
2025-03-14 13:54:02,585 - DEBUG -    Orientation: (0x0112) Short=Horizontal (normal) @ 30
2025-03-14 13:54:02,585 - DEBUG -    XResolution: (0x011A) Ratio=300 @ 122
2025-03-14 13:54:02,586 - DEBUG -    YResolution: (0x011B) Ratio=300 @ 130
2025-03-14 13:54:02,586 - DEBUG -    ResolutionUnit: (0x0128) Short=Pixels/Inch @ 66
2025-03-14 13:54:02,586 - DEBUG -    Software: (0x0131) ASCII=Adobe Photoshop CC 2017 (Macintosh) @ 138
2025-03-14 13:54:02,586 - DEBUG -    DateTime: (0x0132) ASCII=2017:11:21 10:00:05 @ 174
2025-03-14 13:54:02,586 - DEBUG -    YCbCrPositioning: (0x0213) Short=Centered @ 102
2025-03-14 13:54:02,586 - DEBUG -    ExifOffset: (0x8769) Long=194 @ 114
2025-03-14 13:54:02,586 - DEBUG -   Exif SubIFD at offset 194:
2025-03-14 13:54:02,586 - DEBUG -    ExifVersion: (0x9000) Undefined=0221 @ 204
2025-03-14 13:54:02,586 - DEBUG -    DateTimeDigitized: (0x9004) ASCII=2013:01:31 17:36:27 @ 296
2025-03-14 13:54:02,586 - DEBUG -    ComponentsConfiguration: (0x9101) Undefined=YCbCr @ 228
2025-03-14 13:54:02,586 - DEBUG -    FlashPixVersion: (0xA000) Undefined=0100 @ 240
2025-03-14 13:54:02,586 - DEBUG -    ColorSpace: (0xA001) Short=Uncalibrated @ 252
2025-03-14 13:54:02,586 - DEBUG -    ExifImageWidth: (0xA002) Long=866 @ 264
2025-03-14 13:54:02,586 - DEBUG -    ExifImageLength: (0xA003) Long=1110 @ 276
2025-03-14 13:54:02,586 - DEBUG -    SceneCaptureType: (0xA406) Short=Standard @ 288
2025-03-14 13:54:02,586 - DEBUG -   Found 17 metadata tags
2025-03-14 13:54:02,586 - DEBUG -   Completed Reading metadata in 0.00s
2025-03-14 13:54:02,586 - DEBUG -   Starting Analyzing metadata fields...
2025-03-14 13:54:02,586 - DEBUG -   Completed Analyzing metadata fields in 0.00s
2025-03-14 13:54:02,586 - INFO - [90.53s]   [90.53s]   No suspicious large metadata fields found
2025-03-14 13:54:02,586 - DEBUG -   Completed large_metadata analysis in 0.00s
2025-03-14 13:54:02,586 - INFO - [90.53s]   [90.53s]   Progress: 12/12 analysis steps completed (100.0%)
2025-03-14 13:54:02,586 - INFO - [90.53s]   [90.53s]   Analysis complete - 0 total findings
2025-03-14 13:54:02,586 - INFO - [90.53s]   [90.53s]   Completed Analyzing yews_2025-03-14_Gold_Hits_Record_As_U.S._Eyes_Tariffs_3-13-25-3PM-1.jpg in 4.30s
2025-03-14 13:54:02,586 - INFO - [90.53s]   [90.53s]   Completed Analyzing yews_2025-03-14_Gold_Hits_Record_As_U.S._Eyes_Tariffs_3-13-25-3PM-1.jpg in 4.30s
2025-03-14 13:54:02,586 - INFO - [90.53s]   [90.53s]   
Analyzing file 18/30: /Users/adam/Git/stego_tools/yews_images/yews_news/2025-03-14/yews_2025-03-14_Church_Plans_232_Affordable_Homes_3-13-25-3PM-9.jpg
2025-03-14 13:54:02,586 - INFO - [90.53s]   [90.53s]   Starting Analyzing yews_2025-03-14_Church_Plans_232_Affordable_Homes_3-13-25-3PM-9.jpg...
2025-03-14 13:54:02,586 - INFO - [90.53s]   [90.53s]   Starting Analyzing yews_2025-03-14_Church_Plans_232_Affordable_Homes_3-13-25-3PM-9.jpg...
2025-03-14 13:54:02,586 - INFO - [90.53s]   [90.53s]   File size: 217,900 bytes
2025-03-14 13:54:02,586 - DEBUG -   Starting metadata analysis...
2025-03-14 13:54:02,586 - INFO - [90.53s]   [90.53s]   Checking metadata...
2025-03-14 13:54:02,586 - DEBUG -   Starting Reading EXIF data...
2025-03-14 13:54:02,586 - DEBUG -   JPEG format recognized data[0:2]=0xFFD8
2025-03-14 13:54:02,587 - DEBUG -   data[2]=0xFF data[3]=0xE1 data[6:10]=b'Exif'
2025-03-14 13:54:02,587 - DEBUG -    Segment base 0x2
2025-03-14 13:54:02,587 - DEBUG -     APP1 at base 0x2
2025-03-14 13:54:02,587 - DEBUG -     Length: 0xF 0xFE
2025-03-14 13:54:02,587 - DEBUG -     Code: b'Exif'
2025-03-14 13:54:02,587 - DEBUG -     Decrement base by 2 to get to pre-segment header (for compatibility with later code)
2025-03-14 13:54:02,587 - DEBUG -   Endian format is M (Motorola)
2025-03-14 13:54:02,587 - DEBUG -   IFD 0 (Image) at offset 8:
2025-03-14 13:54:02,587 - DEBUG -    Orientation: (0x0112) Short=Horizontal (normal) @ 18
2025-03-14 13:54:02,587 - DEBUG -    XResolution: (0x011A) Ratio=300 @ 86
2025-03-14 13:54:02,587 - DEBUG -    YResolution: (0x011B) Ratio=300 @ 94
2025-03-14 13:54:02,587 - DEBUG -    ResolutionUnit: (0x0128) Short=Pixels/Inch @ 54
2025-03-14 13:54:02,587 - DEBUG -    YCbCrPositioning: (0x0213) Short=Centered @ 66
2025-03-14 13:54:02,587 - DEBUG -    ExifOffset: (0x8769) Long=102 @ 78
2025-03-14 13:54:02,587 - DEBUG -   Exif SubIFD at offset 102:
2025-03-14 13:54:02,587 - DEBUG -    ExifVersion: (0x9000) Undefined=0221 @ 112
2025-03-14 13:54:02,587 - DEBUG -    ComponentsConfiguration: (0x9101) Undefined=YCbCr @ 124
2025-03-14 13:54:02,587 - DEBUG -    FlashPixVersion: (0xA000) Undefined=0100 @ 136
2025-03-14 13:54:02,587 - DEBUG -    ColorSpace: (0xA001) Short=sRGB @ 148
2025-03-14 13:54:02,587 - DEBUG -    ExifImageWidth: (0xA002) Long=520 @ 160
2025-03-14 13:54:02,587 - DEBUG -    ExifImageLength: (0xA003) Long=649 @ 172
2025-03-14 13:54:02,587 - DEBUG -    SceneCaptureType: (0xA406) Short=Standard @ 184
2025-03-14 13:54:02,587 - DEBUG -   Found 13 EXIF tags
2025-03-14 13:54:02,587 - DEBUG -   Completed Reading EXIF data in 0.00s
2025-03-14 13:54:02,587 - DEBUG -   Starting Analyzing metadata content...
2025-03-14 13:54:02,587 - INFO - [90.53s]   [90.53s]   No suspicious patterns found in metadata
2025-03-14 13:54:02,587 - DEBUG -   Completed Analyzing metadata content in 0.00s
2025-03-14 13:54:02,587 - DEBUG -   Completed metadata analysis in 0.00s
2025-03-14 13:54:02,587 - INFO - [90.53s]   [90.53s]   Progress: 1/12 analysis steps completed (8.3%)
2025-03-14 13:54:02,587 - DEBUG -   Starting raw_bytes analysis...
2025-03-14 13:54:02,587 - INFO - [90.53s]   [90.53s]   Checking raw bytes...
2025-03-14 13:54:02,587 - DEBUG -   Starting Reading file content...
2025-03-14 13:54:02,588 - DEBUG -   Read 217,900 bytes
2025-03-14 13:54:02,588 - DEBUG -   Completed Reading file content in 0.00s
2025-03-14 13:54:02,588 - DEBUG -   Starting Analyzing ASCII content...
2025-03-14 13:54:02,589 - DEBUG -   Completed Analyzing ASCII content in 0.00s
2025-03-14 13:54:02,589 - DEBUG -   Starting Analyzing hex content...
2025-03-14 13:54:02,590 - DEBUG -   Completed Analyzing hex content in 0.00s
2025-03-14 13:54:02,590 - DEBUG -   Starting Checking base64 variants...
2025-03-14 13:54:02,591 - DEBUG -   Completed Checking base64 variants in 0.00s
2025-03-14 13:54:02,591 - DEBUG -   Starting Analyzing suspicious patterns...
2025-03-14 13:54:02,612 - WARNING - [90.56s]   [90.56s]   Suspicious substring in raw data: Steganography tool reference: f5
2025-03-14 13:54:02,612 - DEBUG -   Completed Analyzing suspicious patterns in 0.02s
2025-03-14 13:54:02,612 - INFO - [90.56s]   [90.56s]   Found 1 suspicious patterns in raw bytes
2025-03-14 13:54:02,613 - DEBUG -   Completed raw_bytes analysis in 0.03s
2025-03-14 13:54:02,613 - INFO - [90.56s]   [90.56s]   Progress: 2/12 analysis steps completed (16.7%)
2025-03-14 13:54:02,613 - DEBUG -   Starting binary_patterns analysis...
2025-03-14 13:54:02,817 - DEBUG -   Completed binary_patterns analysis in 0.20s
2025-03-14 13:54:02,817 - INFO - [90.76s]   [90.76s]   Progress: 3/12 analysis steps completed (25.0%)
2025-03-14 13:54:02,817 - DEBUG -   Starting lsb analysis...
2025-03-14 13:54:02,817 - DEBUG -   tag: Orientation (274) - type: short (3) - value: b'\x00\x01'
2025-03-14 13:54:02,817 - DEBUG -   tag: XResolution (282) - type: rational (5) Tag Location: 34 - Data Location: 86 - value: b'\x00\x00\x01,\x00\x00\x00\x01'
2025-03-14 13:54:02,817 - DEBUG -   tag: YResolution (283) - type: rational (5) Tag Location: 46 - Data Location: 94 - value: b'\x00\x00\x01,\x00\x00\x00\x01'
2025-03-14 13:54:02,817 - DEBUG -   tag: ResolutionUnit (296) - type: short (3) - value: b'\x00\x02'
2025-03-14 13:54:02,817 - DEBUG -   tag: YCbCrPositioning (531) - type: short (3) - value: b'\x00\x01'
2025-03-14 13:54:02,817 - DEBUG -   tag: ExifIFD (34665) - type: long (4) - value: b'\x00\x00\x00f'
2025-03-14 13:54:03,935 - DEBUG -   Completed lsb analysis in 1.12s
2025-03-14 13:54:03,935 - INFO - [91.88s]   [91.88s]   Progress: 4/12 analysis steps completed (33.3%)
2025-03-14 13:54:03,935 - DEBUG -   Starting channels analysis...
2025-03-14 13:54:03,935 - DEBUG -   tag: Orientation (274) - type: short (3) - value: b'\x00\x01'
2025-03-14 13:54:03,935 - DEBUG -   tag: XResolution (282) - type: rational (5) Tag Location: 34 - Data Location: 86 - value: b'\x00\x00\x01,\x00\x00\x00\x01'
2025-03-14 13:54:03,935 - DEBUG -   tag: YResolution (283) - type: rational (5) Tag Location: 46 - Data Location: 94 - value: b'\x00\x00\x01,\x00\x00\x00\x01'
2025-03-14 13:54:03,935 - DEBUG -   tag: ResolutionUnit (296) - type: short (3) - value: b'\x00\x02'
2025-03-14 13:54:03,935 - DEBUG -   tag: YCbCrPositioning (531) - type: short (3) - value: b'\x00\x01'
2025-03-14 13:54:03,935 - DEBUG -   tag: ExifIFD (34665) - type: long (4) - value: b'\x00\x00\x00f'
2025-03-14 13:54:04,102 - DEBUG -   Completed channels analysis in 0.17s
2025-03-14 13:54:04,103 - INFO - [92.05s]   [92.05s]   Progress: 5/12 analysis steps completed (41.7%)
2025-03-14 13:54:04,103 - DEBUG -   Starting binwalk analysis...
2025-03-14 13:54:04,126 - DEBUG -   Completed binwalk analysis in 0.02s
2025-03-14 13:54:04,126 - INFO - [92.07s]   [92.07s]   Progress: 6/12 analysis steps completed (50.0%)
2025-03-14 13:54:04,126 - DEBUG -   Starting icc_profile analysis...
2025-03-14 13:54:04,126 - DEBUG -   tag: Orientation (274) - type: short (3) - value: b'\x00\x01'
2025-03-14 13:54:04,127 - DEBUG -   tag: XResolution (282) - type: rational (5) Tag Location: 34 - Data Location: 86 - value: b'\x00\x00\x01,\x00\x00\x00\x01'
2025-03-14 13:54:04,127 - DEBUG -   tag: YResolution (283) - type: rational (5) Tag Location: 46 - Data Location: 94 - value: b'\x00\x00\x01,\x00\x00\x00\x01'
2025-03-14 13:54:04,127 - DEBUG -   tag: ResolutionUnit (296) - type: short (3) - value: b'\x00\x02'
2025-03-14 13:54:04,127 - DEBUG -   tag: YCbCrPositioning (531) - type: short (3) - value: b'\x00\x01'
2025-03-14 13:54:04,127 - DEBUG -   tag: ExifIFD (34665) - type: long (4) - value: b'\x00\x00\x00f'
2025-03-14 13:54:04,127 - DEBUG -   Completed icc_profile analysis in 0.00s
2025-03-14 13:54:04,127 - INFO - [92.07s]   [92.07s]   Progress: 7/12 analysis steps completed (58.3%)
2025-03-14 13:54:04,127 - DEBUG -   Starting zip_signatures analysis...
2025-03-14 13:54:04,146 - DEBUG -   Completed zip_signatures analysis in 0.02s
2025-03-14 13:54:04,146 - INFO - [92.09s]   [92.09s]   Progress: 8/12 analysis steps completed (66.7%)
2025-03-14 13:54:04,146 - DEBUG -   Starting appended_data analysis...
2025-03-14 13:54:04,146 - INFO - [92.09s]   [92.09s]   Checking for appended data...
2025-03-14 13:54:04,146 - DEBUG -   Starting Reading file...
2025-03-14 13:54:04,146 - DEBUG -   Read 217,900 bytes
2025-03-14 13:54:04,146 - DEBUG -   Completed Reading file in 0.00s
2025-03-14 13:54:04,146 - DEBUG -   Starting Analyzing file format...
2025-03-14 13:54:04,159 - DEBUG -   Found 1 EOI markers
2025-03-14 13:54:04,159 - DEBUG -   Completed Analyzing file format in 0.01s
2025-03-14 13:54:04,160 - INFO - [92.11s]   [92.11s]   No appended data found
2025-03-14 13:54:04,160 - DEBUG -   Completed appended_data analysis in 0.01s
2025-03-14 13:54:04,160 - INFO - [92.11s]   [92.11s]   Progress: 9/12 analysis steps completed (75.0%)
2025-03-14 13:54:04,160 - DEBUG -   Starting histogram analysis...
2025-03-14 13:54:04,160 - DEBUG -   tag: Orientation (274) - type: short (3) - value: b'\x00\x01'
2025-03-14 13:54:04,160 - DEBUG -   tag: XResolution (282) - type: rational (5) Tag Location: 34 - Data Location: 86 - value: b'\x00\x00\x01,\x00\x00\x00\x01'
2025-03-14 13:54:04,160 - DEBUG -   tag: YResolution (283) - type: rational (5) Tag Location: 46 - Data Location: 94 - value: b'\x00\x00\x01,\x00\x00\x00\x01'
2025-03-14 13:54:04,160 - DEBUG -   tag: ResolutionUnit (296) - type: short (3) - value: b'\x00\x02'
2025-03-14 13:54:04,160 - DEBUG -   tag: YCbCrPositioning (531) - type: short (3) - value: b'\x00\x01'
2025-03-14 13:54:04,160 - DEBUG -   tag: ExifIFD (34665) - type: long (4) - value: b'\x00\x00\x00f'
2025-03-14 13:54:04,232 - DEBUG -   Completed histogram analysis in 0.07s
2025-03-14 13:54:04,232 - INFO - [92.18s]   [92.18s]   Progress: 10/12 analysis steps completed (83.3%)
2025-03-14 13:54:04,232 - DEBUG -   Starting jpeg_comments analysis...
2025-03-14 13:54:04,232 - INFO - [92.18s]   [92.18s]   Checking JPEG comment segments...
2025-03-14 13:54:04,232 - DEBUG -   Starting Reading JPEG file...
2025-03-14 13:54:04,232 - DEBUG -   Completed Reading JPEG file in 0.00s
2025-03-14 13:54:04,232 - DEBUG -   Starting Analyzing comment segments...
2025-03-14 13:54:04,245 - DEBUG -   Completed Analyzing comment segments in 0.01s
2025-03-14 13:54:04,245 - INFO - [92.19s]   [92.19s]   No suspicious patterns found in JPEG comments
2025-03-14 13:54:04,246 - DEBUG -   Completed jpeg_comments analysis in 0.01s
2025-03-14 13:54:04,246 - INFO - [92.19s]   [92.19s]   Progress: 11/12 analysis steps completed (91.7%)
2025-03-14 13:54:04,246 - DEBUG -   Starting large_metadata analysis...
2025-03-14 13:54:04,246 - INFO - [92.19s]   [92.19s]   Checking for large metadata fields...
2025-03-14 13:54:04,246 - DEBUG -   Starting Reading metadata...
2025-03-14 13:54:04,246 - DEBUG -   JPEG format recognized data[0:2]=0xFFD8
2025-03-14 13:54:04,246 - DEBUG -   data[2]=0xFF data[3]=0xE1 data[6:10]=b'Exif'
2025-03-14 13:54:04,246 - DEBUG -    Segment base 0x2
2025-03-14 13:54:04,246 - DEBUG -     APP1 at base 0x2
2025-03-14 13:54:04,246 - DEBUG -     Length: 0xF 0xFE
2025-03-14 13:54:04,246 - DEBUG -     Code: b'Exif'
2025-03-14 13:54:04,246 - DEBUG -     Decrement base by 2 to get to pre-segment header (for compatibility with later code)
2025-03-14 13:54:04,246 - DEBUG -   Endian format is M (Motorola)
2025-03-14 13:54:04,246 - DEBUG -   IFD 0 (Image) at offset 8:
2025-03-14 13:54:04,246 - DEBUG -    Orientation: (0x0112) Short=Horizontal (normal) @ 18
2025-03-14 13:54:04,246 - DEBUG -    XResolution: (0x011A) Ratio=300 @ 86
2025-03-14 13:54:04,246 - DEBUG -    YResolution: (0x011B) Ratio=300 @ 94
2025-03-14 13:54:04,246 - DEBUG -    ResolutionUnit: (0x0128) Short=Pixels/Inch @ 54
2025-03-14 13:54:04,246 - DEBUG -    YCbCrPositioning: (0x0213) Short=Centered @ 66
2025-03-14 13:54:04,246 - DEBUG -    ExifOffset: (0x8769) Long=102 @ 78
2025-03-14 13:54:04,246 - DEBUG -   Exif SubIFD at offset 102:
2025-03-14 13:54:04,246 - DEBUG -    ExifVersion: (0x9000) Undefined=0221 @ 112
2025-03-14 13:54:04,246 - DEBUG -    ComponentsConfiguration: (0x9101) Undefined=YCbCr @ 124
2025-03-14 13:54:04,246 - DEBUG -    FlashPixVersion: (0xA000) Undefined=0100 @ 136
2025-03-14 13:54:04,246 - DEBUG -    ColorSpace: (0xA001) Short=sRGB @ 148
2025-03-14 13:54:04,246 - DEBUG -    ExifImageWidth: (0xA002) Long=520 @ 160
2025-03-14 13:54:04,246 - DEBUG -    ExifImageLength: (0xA003) Long=649 @ 172
2025-03-14 13:54:04,246 - DEBUG -    SceneCaptureType: (0xA406) Short=Standard @ 184
2025-03-14 13:54:04,246 - DEBUG -   Found 13 metadata tags
2025-03-14 13:54:04,246 - DEBUG -   Completed Reading metadata in 0.00s
2025-03-14 13:54:04,246 - DEBUG -   Starting Analyzing metadata fields...
2025-03-14 13:54:04,246 - DEBUG -   Completed Analyzing metadata fields in 0.00s
2025-03-14 13:54:04,246 - INFO - [92.19s]   [92.19s]   No suspicious large metadata fields found
2025-03-14 13:54:04,246 - DEBUG -   Completed large_metadata analysis in 0.00s
2025-03-14 13:54:04,246 - INFO - [92.19s]   [92.19s]   Progress: 12/12 analysis steps completed (100.0%)
2025-03-14 13:54:04,246 - INFO - [92.19s]   [92.19s]   Analysis complete - 0 total findings
2025-03-14 13:54:04,246 - INFO - [92.19s]   [92.19s]   Completed Analyzing yews_2025-03-14_Church_Plans_232_Affordable_Homes_3-13-25-3PM-9.jpg in 1.66s
2025-03-14 13:54:04,246 - INFO - [92.19s]   [92.19s]   Completed Analyzing yews_2025-03-14_Church_Plans_232_Affordable_Homes_3-13-25-3PM-9.jpg in 1.66s
2025-03-14 13:54:04,246 - INFO - [92.19s]   [92.19s]   
Analyzing file 19/30: /Users/adam/Git/stego_tools/yews_images/yews_news/2025-03-14/yews_2025-03-14_100M_Americans_Face_Contaminated_Water_3-13-25-10AM-1.jpg
2025-03-14 13:54:04,246 - INFO - [92.19s]   [92.19s]   Starting Analyzing yews_2025-03-14_100M_Americans_Face_Contaminated_Water_3-13-25-10AM-1.jpg...
2025-03-14 13:54:04,247 - INFO - [92.19s]   [92.19s]   Starting Analyzing yews_2025-03-14_100M_Americans_Face_Contaminated_Water_3-13-25-10AM-1.jpg...
2025-03-14 13:54:04,247 - INFO - [92.19s]   [92.19s]   File size: 199,253 bytes
2025-03-14 13:54:04,247 - DEBUG -   Starting metadata analysis...
2025-03-14 13:54:04,247 - INFO - [92.19s]   [92.19s]   Checking metadata...
2025-03-14 13:54:04,247 - DEBUG -   Starting Reading EXIF data...
2025-03-14 13:54:04,248 - DEBUG -   JPEG format recognized data[0:2]=0xFFD8
2025-03-14 13:54:04,248 - DEBUG -   data[2]=0xFF data[3]=0xE1 data[6:10]=b'Exif'
2025-03-14 13:54:04,248 - DEBUG -    Segment base 0x2
2025-03-14 13:54:04,248 - DEBUG -     APP1 at base 0x2
2025-03-14 13:54:04,248 - DEBUG -     Length: 0x1 0x46
2025-03-14 13:54:04,248 - DEBUG -     Code: b'Exif'
2025-03-14 13:54:04,248 - DEBUG -     Decrement base by 2 to get to pre-segment header (for compatibility with later code)
2025-03-14 13:54:04,248 - DEBUG -   Endian format is M (Motorola)
2025-03-14 13:54:04,248 - DEBUG -   IFD 0 (Image) at offset 8:
2025-03-14 13:54:04,248 - DEBUG -    PhotometricInterpretation: (0x0106) Short=2 @ 18
2025-03-14 13:54:04,248 - DEBUG -    Orientation: (0x0112) Short=Horizontal (normal) @ 30
2025-03-14 13:54:04,248 - DEBUG -    XResolution: (0x011A) Ratio=300 @ 122
2025-03-14 13:54:04,248 - DEBUG -    YResolution: (0x011B) Ratio=300 @ 130
2025-03-14 13:54:04,248 - DEBUG -    ResolutionUnit: (0x0128) Short=Pixels/Inch @ 66
2025-03-14 13:54:04,248 - DEBUG -    Software: (0x0131) ASCII=Adobe Photoshop CC 2017 (Macintosh) @ 138
2025-03-14 13:54:04,248 - DEBUG -    DateTime: (0x0132) ASCII=2018:02:21 14:53:30 @ 174
2025-03-14 13:54:04,249 - DEBUG -    YCbCrPositioning: (0x0213) Short=Centered @ 102
2025-03-14 13:54:04,249 - DEBUG -    ExifOffset: (0x8769) Long=194 @ 114
2025-03-14 13:54:04,249 - DEBUG -   Exif SubIFD at offset 194:
2025-03-14 13:54:04,249 - DEBUG -    ExifVersion: (0x9000) Undefined=0221 @ 204
2025-03-14 13:54:04,249 - DEBUG -    DateTimeDigitized: (0x9004) ASCII=2002:08:23 10:48:11 @ 296
2025-03-14 13:54:04,249 - DEBUG -    ComponentsConfiguration: (0x9101) Undefined=YCbCr @ 228
2025-03-14 13:54:04,249 - DEBUG -    FlashPixVersion: (0xA000) Undefined=0100 @ 240
2025-03-14 13:54:04,249 - DEBUG -    ColorSpace: (0xA001) Short=Uncalibrated @ 252
2025-03-14 13:54:04,249 - DEBUG -    ExifImageWidth: (0xA002) Long=725 @ 264
2025-03-14 13:54:04,249 - DEBUG -    ExifImageLength: (0xA003) Long=914 @ 276
2025-03-14 13:54:04,249 - DEBUG -    SceneCaptureType: (0xA406) Short=Standard @ 288
2025-03-14 13:54:04,249 - DEBUG -   Found 17 EXIF tags
2025-03-14 13:54:04,249 - DEBUG -   Completed Reading EXIF data in 0.00s
2025-03-14 13:54:04,249 - DEBUG -   Starting Analyzing metadata content...
2025-03-14 13:54:04,249 - INFO - [92.20s]   [92.20s]   No suspicious patterns found in metadata
2025-03-14 13:54:04,249 - DEBUG -   Completed Analyzing metadata content in 0.00s
2025-03-14 13:54:04,249 - DEBUG -   Completed metadata analysis in 0.00s
2025-03-14 13:54:04,249 - INFO - [92.20s]   [92.20s]   Progress: 1/12 analysis steps completed (8.3%)
2025-03-14 13:54:04,249 - DEBUG -   Starting raw_bytes analysis...
2025-03-14 13:54:04,249 - INFO - [92.20s]   [92.20s]   Checking raw bytes...
2025-03-14 13:54:04,249 - DEBUG -   Starting Reading file content...
2025-03-14 13:54:04,249 - DEBUG -   Read 199,253 bytes
2025-03-14 13:54:04,250 - DEBUG -   Completed Reading file content in 0.00s
2025-03-14 13:54:04,250 - DEBUG -   Starting Analyzing ASCII content...
2025-03-14 13:54:04,251 - DEBUG -   Completed Analyzing ASCII content in 0.00s
2025-03-14 13:54:04,251 - DEBUG -   Starting Analyzing hex content...
2025-03-14 13:54:04,252 - DEBUG -   Completed Analyzing hex content in 0.00s
2025-03-14 13:54:04,252 - DEBUG -   Starting Checking base64 variants...
2025-03-14 13:54:04,253 - DEBUG -   Completed Checking base64 variants in 0.00s
2025-03-14 13:54:04,253 - DEBUG -   Starting Analyzing suspicious patterns...
2025-03-14 13:54:04,275 - WARNING - [92.22s]   [92.22s]   Suspicious substring in raw data: Steganography tool reference: f5
2025-03-14 13:54:04,275 - DEBUG -   Completed Analyzing suspicious patterns in 0.02s
2025-03-14 13:54:04,275 - INFO - [92.22s]   [92.22s]   Found 1 suspicious patterns in raw bytes
2025-03-14 13:54:04,275 - DEBUG -   Completed raw_bytes analysis in 0.03s
2025-03-14 13:54:04,275 - INFO - [92.22s]   [92.22s]   Progress: 2/12 analysis steps completed (16.7%)
2025-03-14 13:54:04,275 - DEBUG -   Starting binary_patterns analysis...
2025-03-14 13:54:04,461 - DEBUG -   Completed binary_patterns analysis in 0.19s
2025-03-14 13:54:04,461 - INFO - [92.41s]   [92.41s]   Progress: 3/12 analysis steps completed (25.0%)
2025-03-14 13:54:04,461 - DEBUG -   Starting lsb analysis...
2025-03-14 13:54:04,461 - DEBUG -   tag: PhotometricInterpretation (262) - type: short (3) - value: b'\x00\x02'
2025-03-14 13:54:04,461 - DEBUG -   tag: Orientation (274) - type: short (3) - value: b'\x00\x01'
2025-03-14 13:54:04,461 - DEBUG -   tag: XResolution (282) - type: rational (5) Tag Location: 46 - Data Location: 122 - value: b'\x00\x00\x01,\x00\x00\x00\x01'
2025-03-14 13:54:04,461 - DEBUG -   tag: YResolution (283) - type: rational (5) Tag Location: 58 - Data Location: 130 - value: b'\x00\x00\x01,\x00\x00\x00\x01'
2025-03-14 13:54:04,461 - DEBUG -   tag: ResolutionUnit (296) - type: short (3) - value: b'\x00\x02'
2025-03-14 13:54:04,461 - DEBUG -   tag: Software (305) - type: string (2) Tag Location: 82 - Data Location: 138 - value: <table: 36 bytes>
2025-03-14 13:54:04,461 - DEBUG -   tag: DateTime (306) - type: string (2) Tag Location: 94 - Data Location: 174 - value: b'2018:02:21 14:53:30\x00'
2025-03-14 13:54:04,461 - DEBUG -   tag: YCbCrPositioning (531) - type: short (3) - value: b'\x00\x01'
2025-03-14 13:54:04,461 - DEBUG -   tag: ExifIFD (34665) - type: long (4) - value: b'\x00\x00\x00\xc2'
2025-03-14 13:54:05,443 - DEBUG -   Completed lsb analysis in 0.98s
2025-03-14 13:54:05,443 - INFO - [93.39s]   [93.39s]   Progress: 4/12 analysis steps completed (33.3%)
2025-03-14 13:54:05,443 - DEBUG -   Starting channels analysis...
2025-03-14 13:54:05,444 - DEBUG -   tag: PhotometricInterpretation (262) - type: short (3) - value: b'\x00\x02'
2025-03-14 13:54:05,444 - DEBUG -   tag: Orientation (274) - type: short (3) - value: b'\x00\x01'
2025-03-14 13:54:05,444 - DEBUG -   tag: XResolution (282) - type: rational (5) Tag Location: 46 - Data Location: 122 - value: b'\x00\x00\x01,\x00\x00\x00\x01'
2025-03-14 13:54:05,444 - DEBUG -   tag: YResolution (283) - type: rational (5) Tag Location: 58 - Data Location: 130 - value: b'\x00\x00\x01,\x00\x00\x00\x01'
2025-03-14 13:54:05,444 - DEBUG -   tag: ResolutionUnit (296) - type: short (3) - value: b'\x00\x02'
2025-03-14 13:54:05,444 - DEBUG -   tag: Software (305) - type: string (2) Tag Location: 82 - Data Location: 138 - value: <table: 36 bytes>
2025-03-14 13:54:05,444 - DEBUG -   tag: DateTime (306) - type: string (2) Tag Location: 94 - Data Location: 174 - value: b'2018:02:21 14:53:30\x00'
2025-03-14 13:54:05,444 - DEBUG -   tag: YCbCrPositioning (531) - type: short (3) - value: b'\x00\x01'
2025-03-14 13:54:05,444 - DEBUG -   tag: ExifIFD (34665) - type: long (4) - value: b'\x00\x00\x00\xc2'
2025-03-14 13:54:05,589 - DEBUG -   Completed channels analysis in 0.15s
2025-03-14 13:54:05,589 - INFO - [93.54s]   [93.54s]   Progress: 5/12 analysis steps completed (41.7%)
2025-03-14 13:54:05,589 - DEBUG -   Starting binwalk analysis...
2025-03-14 13:54:05,624 - DEBUG -   Completed binwalk analysis in 0.04s
2025-03-14 13:54:05,625 - INFO - [93.57s]   [93.57s]   Progress: 6/12 analysis steps completed (50.0%)
2025-03-14 13:54:05,625 - DEBUG -   Starting icc_profile analysis...
2025-03-14 13:54:05,625 - DEBUG -   tag: PhotometricInterpretation (262) - type: short (3) - value: b'\x00\x02'
2025-03-14 13:54:05,625 - DEBUG -   tag: Orientation (274) - type: short (3) - value: b'\x00\x01'
2025-03-14 13:54:05,625 - DEBUG -   tag: XResolution (282) - type: rational (5) Tag Location: 46 - Data Location: 122 - value: b'\x00\x00\x01,\x00\x00\x00\x01'
2025-03-14 13:54:05,625 - DEBUG -   tag: YResolution (283) - type: rational (5) Tag Location: 58 - Data Location: 130 - value: b'\x00\x00\x01,\x00\x00\x00\x01'
2025-03-14 13:54:05,625 - DEBUG -   tag: ResolutionUnit (296) - type: short (3) - value: b'\x00\x02'
2025-03-14 13:54:05,625 - DEBUG -   tag: Software (305) - type: string (2) Tag Location: 82 - Data Location: 138 - value: <table: 36 bytes>
2025-03-14 13:54:05,625 - DEBUG -   tag: DateTime (306) - type: string (2) Tag Location: 94 - Data Location: 174 - value: b'2018:02:21 14:53:30\x00'
2025-03-14 13:54:05,625 - DEBUG -   tag: YCbCrPositioning (531) - type: short (3) - value: b'\x00\x01'
2025-03-14 13:54:05,625 - DEBUG -   tag: ExifIFD (34665) - type: long (4) - value: b'\x00\x00\x00\xc2'
2025-03-14 13:54:05,625 - DEBUG -   Completed icc_profile analysis in 0.00s
2025-03-14 13:54:05,625 - INFO - [93.57s]   [93.57s]   Progress: 7/12 analysis steps completed (58.3%)
2025-03-14 13:54:05,625 - DEBUG -   Starting zip_signatures analysis...
2025-03-14 13:54:05,642 - DEBUG -   Completed zip_signatures analysis in 0.02s
2025-03-14 13:54:05,642 - INFO - [93.59s]   [93.59s]   Progress: 8/12 analysis steps completed (66.7%)
2025-03-14 13:54:05,642 - DEBUG -   Starting appended_data analysis...
2025-03-14 13:54:05,642 - INFO - [93.59s]   [93.59s]   Checking for appended data...
2025-03-14 13:54:05,642 - DEBUG -   Starting Reading file...
2025-03-14 13:54:05,642 - DEBUG -   Read 199,253 bytes
2025-03-14 13:54:05,642 - DEBUG -   Completed Reading file in 0.00s
2025-03-14 13:54:05,642 - DEBUG -   Starting Analyzing file format...
2025-03-14 13:54:05,654 - DEBUG -   Found 1 EOI markers
2025-03-14 13:54:05,654 - DEBUG -   Completed Analyzing file format in 0.01s
2025-03-14 13:54:05,654 - INFO - [93.60s]   [93.60s]   No appended data found
2025-03-14 13:54:05,654 - DEBUG -   Completed appended_data analysis in 0.01s
2025-03-14 13:54:05,654 - INFO - [93.60s]   [93.60s]   Progress: 9/12 analysis steps completed (75.0%)
2025-03-14 13:54:05,654 - DEBUG -   Starting histogram analysis...
2025-03-14 13:54:05,654 - DEBUG -   tag: PhotometricInterpretation (262) - type: short (3) - value: b'\x00\x02'
2025-03-14 13:54:05,654 - DEBUG -   tag: Orientation (274) - type: short (3) - value: b'\x00\x01'
2025-03-14 13:54:05,654 - DEBUG -   tag: XResolution (282) - type: rational (5) Tag Location: 46 - Data Location: 122 - value: b'\x00\x00\x01,\x00\x00\x00\x01'
2025-03-14 13:54:05,654 - DEBUG -   tag: YResolution (283) - type: rational (5) Tag Location: 58 - Data Location: 130 - value: b'\x00\x00\x01,\x00\x00\x00\x01'
2025-03-14 13:54:05,654 - DEBUG -   tag: ResolutionUnit (296) - type: short (3) - value: b'\x00\x02'
2025-03-14 13:54:05,654 - DEBUG -   tag: Software (305) - type: string (2) Tag Location: 82 - Data Location: 138 - value: <table: 36 bytes>
2025-03-14 13:54:05,654 - DEBUG -   tag: DateTime (306) - type: string (2) Tag Location: 94 - Data Location: 174 - value: b'2018:02:21 14:53:30\x00'
2025-03-14 13:54:05,654 - DEBUG -   tag: YCbCrPositioning (531) - type: short (3) - value: b'\x00\x01'
2025-03-14 13:54:05,654 - DEBUG -   tag: ExifIFD (34665) - type: long (4) - value: b'\x00\x00\x00\xc2'
2025-03-14 13:54:05,725 - DEBUG -   Completed histogram analysis in 0.07s
2025-03-14 13:54:05,725 - INFO - [93.67s]   [93.67s]   Progress: 10/12 analysis steps completed (83.3%)
2025-03-14 13:54:05,725 - DEBUG -   Starting jpeg_comments analysis...
2025-03-14 13:54:05,725 - INFO - [93.67s]   [93.67s]   Checking JPEG comment segments...
2025-03-14 13:54:05,725 - DEBUG -   Starting Reading JPEG file...
2025-03-14 13:54:05,725 - DEBUG -   Completed Reading JPEG file in 0.00s
2025-03-14 13:54:05,725 - DEBUG -   Starting Analyzing comment segments...
2025-03-14 13:54:05,738 - DEBUG -   Completed Analyzing comment segments in 0.01s
2025-03-14 13:54:05,738 - INFO - [93.68s]   [93.68s]   No suspicious patterns found in JPEG comments
2025-03-14 13:54:05,738 - DEBUG -   Completed jpeg_comments analysis in 0.01s
2025-03-14 13:54:05,738 - INFO - [93.69s]   [93.69s]   Progress: 11/12 analysis steps completed (91.7%)
2025-03-14 13:54:05,738 - DEBUG -   Starting large_metadata analysis...
2025-03-14 13:54:05,738 - INFO - [93.69s]   [93.69s]   Checking for large metadata fields...
2025-03-14 13:54:05,738 - DEBUG -   Starting Reading metadata...
2025-03-14 13:54:05,738 - DEBUG -   JPEG format recognized data[0:2]=0xFFD8
2025-03-14 13:54:05,738 - DEBUG -   data[2]=0xFF data[3]=0xE1 data[6:10]=b'Exif'
2025-03-14 13:54:05,738 - DEBUG -    Segment base 0x2
2025-03-14 13:54:05,738 - DEBUG -     APP1 at base 0x2
2025-03-14 13:54:05,738 - DEBUG -     Length: 0x1 0x46
2025-03-14 13:54:05,738 - DEBUG -     Code: b'Exif'
2025-03-14 13:54:05,738 - DEBUG -     Decrement base by 2 to get to pre-segment header (for compatibility with later code)
2025-03-14 13:54:05,738 - DEBUG -   Endian format is M (Motorola)
2025-03-14 13:54:05,738 - DEBUG -   IFD 0 (Image) at offset 8:
2025-03-14 13:54:05,738 - DEBUG -    PhotometricInterpretation: (0x0106) Short=2 @ 18
2025-03-14 13:54:05,738 - DEBUG -    Orientation: (0x0112) Short=Horizontal (normal) @ 30
2025-03-14 13:54:05,738 - DEBUG -    XResolution: (0x011A) Ratio=300 @ 122
2025-03-14 13:54:05,738 - DEBUG -    YResolution: (0x011B) Ratio=300 @ 130
2025-03-14 13:54:05,739 - DEBUG -    ResolutionUnit: (0x0128) Short=Pixels/Inch @ 66
2025-03-14 13:54:05,739 - DEBUG -    Software: (0x0131) ASCII=Adobe Photoshop CC 2017 (Macintosh) @ 138
2025-03-14 13:54:05,739 - DEBUG -    DateTime: (0x0132) ASCII=2018:02:21 14:53:30 @ 174
2025-03-14 13:54:05,739 - DEBUG -    YCbCrPositioning: (0x0213) Short=Centered @ 102
2025-03-14 13:54:05,739 - DEBUG -    ExifOffset: (0x8769) Long=194 @ 114
2025-03-14 13:54:05,739 - DEBUG -   Exif SubIFD at offset 194:
2025-03-14 13:54:05,739 - DEBUG -    ExifVersion: (0x9000) Undefined=0221 @ 204
2025-03-14 13:54:05,739 - DEBUG -    DateTimeDigitized: (0x9004) ASCII=2002:08:23 10:48:11 @ 296
2025-03-14 13:54:05,739 - DEBUG -    ComponentsConfiguration: (0x9101) Undefined=YCbCr @ 228
2025-03-14 13:54:05,739 - DEBUG -    FlashPixVersion: (0xA000) Undefined=0100 @ 240
2025-03-14 13:54:05,739 - DEBUG -    ColorSpace: (0xA001) Short=Uncalibrated @ 252
2025-03-14 13:54:05,739 - DEBUG -    ExifImageWidth: (0xA002) Long=725 @ 264
2025-03-14 13:54:05,739 - DEBUG -    ExifImageLength: (0xA003) Long=914 @ 276
2025-03-14 13:54:05,739 - DEBUG -    SceneCaptureType: (0xA406) Short=Standard @ 288
2025-03-14 13:54:05,739 - DEBUG -   Found 17 metadata tags
2025-03-14 13:54:05,739 - DEBUG -   Completed Reading metadata in 0.00s
2025-03-14 13:54:05,739 - DEBUG -   Starting Analyzing metadata fields...
2025-03-14 13:54:05,739 - DEBUG -   Completed Analyzing metadata fields in 0.00s
2025-03-14 13:54:05,739 - INFO - [93.69s]   [93.69s]   No suspicious large metadata fields found
2025-03-14 13:54:05,739 - DEBUG -   Completed large_metadata analysis in 0.00s
2025-03-14 13:54:05,739 - INFO - [93.69s]   [93.69s]   Progress: 12/12 analysis steps completed (100.0%)
2025-03-14 13:54:05,739 - INFO - [93.69s]   [93.69s]   Analysis complete - 0 total findings
2025-03-14 13:54:05,740 - INFO - [93.69s]   [93.69s]   Completed Analyzing yews_2025-03-14_100M_Americans_Face_Contaminated_Water_3-13-25-10AM-1.jpg in 1.49s
2025-03-14 13:54:05,740 - INFO - [93.69s]   [93.69s]   Completed Analyzing yews_2025-03-14_100M_Americans_Face_Contaminated_Water_3-13-25-10AM-1.jpg in 1.49s
2025-03-14 13:54:05,740 - INFO - [93.69s]   [93.69s]   
Analyzing file 20/30: /Users/adam/Git/stego_tools/yews_images/yews_news/2025-03-14/yews_2025-03-14_New_Immune_System_Defense_Discovered_3-13-25-8PM-9.jpg
2025-03-14 13:54:05,740 - INFO - [93.69s]   [93.69s]   Starting Analyzing yews_2025-03-14_New_Immune_System_Defense_Discovered_3-13-25-8PM-9.jpg...
2025-03-14 13:54:05,740 - INFO - [93.69s]   [93.69s]   Starting Analyzing yews_2025-03-14_New_Immune_System_Defense_Discovered_3-13-25-8PM-9.jpg...
2025-03-14 13:54:05,740 - INFO - [93.69s]   [93.69s]   File size: 2,914,524 bytes
2025-03-14 13:54:05,740 - DEBUG -   Starting metadata analysis...
2025-03-14 13:54:05,740 - INFO - [93.69s]   [93.69s]   Checking metadata...
2025-03-14 13:54:05,740 - DEBUG -   Starting Reading EXIF data...
2025-03-14 13:54:05,742 - DEBUG -   JPEG format recognized data[0:2]=0xFFD8
2025-03-14 13:54:05,742 - DEBUG -   data[2]=0xFF data[3]=0xE1 data[6:10]=b'Exif'
2025-03-14 13:54:05,742 - DEBUG -    Segment base 0x2
2025-03-14 13:54:05,742 - DEBUG -     APP1 at base 0x2
2025-03-14 13:54:05,742 - DEBUG -     Length: 0x0 0xCA
2025-03-14 13:54:05,742 - DEBUG -     Code: b'Exif'
2025-03-14 13:54:05,742 - DEBUG -     Decrement base by 2 to get to pre-segment header (for compatibility with later code)
2025-03-14 13:54:05,742 - DEBUG -   Endian format is M (Motorola)
2025-03-14 13:54:05,742 - DEBUG -   IFD 0 (Image) at offset 8:
2025-03-14 13:54:05,742 - DEBUG -    Orientation: (0x0112) Short=Horizontal (normal) @ 18
2025-03-14 13:54:05,742 - DEBUG -    XResolution: (0x011A) Ratio=72 @ 86
2025-03-14 13:54:05,742 - DEBUG -    YResolution: (0x011B) Ratio=72 @ 94
2025-03-14 13:54:05,742 - DEBUG -    ResolutionUnit: (0x0128) Short=Pixels/Inch @ 54
2025-03-14 13:54:05,742 - DEBUG -    YCbCrPositioning: (0x0213) Short=Centered @ 66
2025-03-14 13:54:05,742 - DEBUG -    ExifOffset: (0x8769) Long=102 @ 78
2025-03-14 13:54:05,742 - DEBUG -   Exif SubIFD at offset 102:
2025-03-14 13:54:05,742 - DEBUG -    ExifVersion: (0x9000) Undefined=0221 @ 112
2025-03-14 13:54:05,742 - DEBUG -    ComponentsConfiguration: (0x9101) Undefined=YCbCr @ 124
2025-03-14 13:54:05,742 - DEBUG -    FlashPixVersion: (0xA000) Undefined=0100 @ 136
2025-03-14 13:54:05,742 - DEBUG -    ColorSpace: (0xA001) Short=sRGB @ 148
2025-03-14 13:54:05,742 - DEBUG -    ExifImageWidth: (0xA002) Long=2339 @ 160
2025-03-14 13:54:05,742 - DEBUG -    ExifImageLength: (0xA003) Long=3088 @ 172
2025-03-14 13:54:05,742 - DEBUG -    SceneCaptureType: (0xA406) Short=Standard @ 184
2025-03-14 13:54:05,742 - DEBUG -   Found 13 EXIF tags
2025-03-14 13:54:05,742 - DEBUG -   Completed Reading EXIF data in 0.00s
2025-03-14 13:54:05,742 - DEBUG -   Starting Analyzing metadata content...
2025-03-14 13:54:05,742 - INFO - [93.69s]   [93.69s]   No suspicious patterns found in metadata
2025-03-14 13:54:05,742 - DEBUG -   Completed Analyzing metadata content in 0.00s
2025-03-14 13:54:05,742 - DEBUG -   Completed metadata analysis in 0.00s
2025-03-14 13:54:05,742 - INFO - [93.69s]   [93.69s]   Progress: 1/12 analysis steps completed (8.3%)
2025-03-14 13:54:05,742 - DEBUG -   Starting raw_bytes analysis...
2025-03-14 13:54:05,742 - INFO - [93.69s]   [93.69s]   Checking raw bytes...
2025-03-14 13:54:05,742 - DEBUG -   Starting Reading file content...
2025-03-14 13:54:05,744 - DEBUG -   Read 2,914,524 bytes
2025-03-14 13:54:05,744 - DEBUG -   Completed Reading file content in 0.00s
2025-03-14 13:54:05,744 - DEBUG -   Starting Analyzing ASCII content...
2025-03-14 13:54:05,763 - DEBUG -   Completed Analyzing ASCII content in 0.02s
2025-03-14 13:54:05,763 - DEBUG -   Starting Analyzing hex content...
2025-03-14 13:54:05,772 - DEBUG -   Completed Analyzing hex content in 0.01s
2025-03-14 13:54:05,773 - DEBUG -   Starting Checking base64 variants...
2025-03-14 13:54:05,782 - DEBUG -   Completed Checking base64 variants in 0.01s
2025-03-14 13:54:05,782 - DEBUG -   Starting Analyzing suspicious patterns...
2025-03-14 13:54:06,085 - WARNING - [94.03s]   [94.03s]   Suspicious substring in raw data: Steganography tool reference: f5
2025-03-14 13:54:06,085 - DEBUG -   Completed Analyzing suspicious patterns in 0.30s
2025-03-14 13:54:06,085 - INFO - [94.03s]   [94.03s]   Found 1 suspicious patterns in raw bytes
2025-03-14 13:54:06,085 - DEBUG -   Completed raw_bytes analysis in 0.34s
2025-03-14 13:54:06,086 - INFO - [94.03s]   [94.03s]   Progress: 2/12 analysis steps completed (16.7%)
2025-03-14 13:54:06,086 - DEBUG -   Starting binary_patterns analysis...
2025-03-14 13:54:08,841 - DEBUG -   Completed binary_patterns analysis in 2.76s
2025-03-14 13:54:08,841 - INFO - [96.79s]   [96.79s]   Progress: 3/12 analysis steps completed (25.0%)
2025-03-14 13:54:08,841 - DEBUG -   Starting lsb analysis...
2025-03-14 13:54:08,841 - DEBUG -   tag: Orientation (274) - type: short (3) - value: b'\x00\x01'
2025-03-14 13:54:08,841 - DEBUG -   tag: XResolution (282) - type: rational (5) Tag Location: 34 - Data Location: 86 - value: b'\x00\x00\x00H\x00\x00\x00\x01'
2025-03-14 13:54:08,841 - DEBUG -   tag: YResolution (283) - type: rational (5) Tag Location: 46 - Data Location: 94 - value: b'\x00\x00\x00H\x00\x00\x00\x01'
2025-03-14 13:54:08,841 - DEBUG -   tag: ResolutionUnit (296) - type: short (3) - value: b'\x00\x02'
2025-03-14 13:54:08,841 - DEBUG -   tag: YCbCrPositioning (531) - type: short (3) - value: b'\x00\x01'
2025-03-14 13:54:08,841 - DEBUG -   tag: ExifIFD (34665) - type: long (4) - value: b'\x00\x00\x00f'
2025-03-14 13:54:29,987 - DEBUG -   Completed lsb analysis in 21.15s
2025-03-14 13:54:29,987 - INFO - [117.93s]   [117.93s]   Progress: 4/12 analysis steps completed (33.3%)
2025-03-14 13:54:29,987 - DEBUG -   Starting channels analysis...
2025-03-14 13:54:29,989 - DEBUG -   tag: Orientation (274) - type: short (3) - value: b'\x00\x01'
2025-03-14 13:54:29,989 - DEBUG -   tag: XResolution (282) - type: rational (5) Tag Location: 34 - Data Location: 86 - value: b'\x00\x00\x00H\x00\x00\x00\x01'
2025-03-14 13:54:29,989 - DEBUG -   tag: YResolution (283) - type: rational (5) Tag Location: 46 - Data Location: 94 - value: b'\x00\x00\x00H\x00\x00\x00\x01'
2025-03-14 13:54:29,989 - DEBUG -   tag: ResolutionUnit (296) - type: short (3) - value: b'\x00\x02'
2025-03-14 13:54:29,989 - DEBUG -   tag: YCbCrPositioning (531) - type: short (3) - value: b'\x00\x01'
2025-03-14 13:54:29,989 - DEBUG -   tag: ExifIFD (34665) - type: long (4) - value: b'\x00\x00\x00f'
2025-03-14 13:54:33,293 - DEBUG -   Completed channels analysis in 3.31s
2025-03-14 13:54:33,293 - INFO - [121.24s]   [121.24s]   Progress: 5/12 analysis steps completed (41.7%)
2025-03-14 13:54:33,293 - DEBUG -   Starting binwalk analysis...
2025-03-14 13:54:33,353 - DEBUG -   Completed binwalk analysis in 0.06s
2025-03-14 13:54:33,353 - INFO - [121.30s]   [121.30s]   Progress: 6/12 analysis steps completed (50.0%)
2025-03-14 13:54:33,353 - DEBUG -   Starting icc_profile analysis...
2025-03-14 13:54:33,353 - DEBUG -   tag: Orientation (274) - type: short (3) - value: b'\x00\x01'
2025-03-14 13:54:33,353 - DEBUG -   tag: XResolution (282) - type: rational (5) Tag Location: 34 - Data Location: 86 - value: b'\x00\x00\x00H\x00\x00\x00\x01'
2025-03-14 13:54:33,353 - DEBUG -   tag: YResolution (283) - type: rational (5) Tag Location: 46 - Data Location: 94 - value: b'\x00\x00\x00H\x00\x00\x00\x01'
2025-03-14 13:54:33,353 - DEBUG -   tag: ResolutionUnit (296) - type: short (3) - value: b'\x00\x02'
2025-03-14 13:54:33,353 - DEBUG -   tag: YCbCrPositioning (531) - type: short (3) - value: b'\x00\x01'
2025-03-14 13:54:33,353 - DEBUG -   tag: ExifIFD (34665) - type: long (4) - value: b'\x00\x00\x00f'
2025-03-14 13:54:33,353 - DEBUG -   Completed icc_profile analysis in 0.00s
2025-03-14 13:54:33,353 - INFO - [121.30s]   [121.30s]   Progress: 7/12 analysis steps completed (58.3%)
2025-03-14 13:54:33,353 - DEBUG -   Starting zip_signatures analysis...
2025-03-14 13:54:33,604 - DEBUG -   Completed zip_signatures analysis in 0.25s
2025-03-14 13:54:33,604 - INFO - [121.55s]   [121.55s]   Progress: 8/12 analysis steps completed (66.7%)
2025-03-14 13:54:33,604 - DEBUG -   Starting appended_data analysis...
2025-03-14 13:54:33,604 - INFO - [121.55s]   [121.55s]   Checking for appended data...
2025-03-14 13:54:33,605 - DEBUG -   Starting Reading file...
2025-03-14 13:54:33,610 - DEBUG -   Read 2,914,524 bytes
2025-03-14 13:54:33,610 - DEBUG -   Completed Reading file in 0.01s
2025-03-14 13:54:33,610 - DEBUG -   Starting Analyzing file format...
2025-03-14 13:54:33,787 - DEBUG -   Found 1 EOI markers
2025-03-14 13:54:33,787 - DEBUG -   Completed Analyzing file format in 0.18s
2025-03-14 13:54:33,788 - INFO - [121.73s]   [121.73s]   No appended data found
2025-03-14 13:54:33,788 - DEBUG -   Completed appended_data analysis in 0.18s
2025-03-14 13:54:33,788 - INFO - [121.73s]   [121.73s]   Progress: 9/12 analysis steps completed (75.0%)
2025-03-14 13:54:33,788 - DEBUG -   Starting histogram analysis...
2025-03-14 13:54:33,788 - DEBUG -   tag: Orientation (274) - type: short (3) - value: b'\x00\x01'
2025-03-14 13:54:33,788 - DEBUG -   tag: XResolution (282) - type: rational (5) Tag Location: 34 - Data Location: 86 - value: b'\x00\x00\x00H\x00\x00\x00\x01'
2025-03-14 13:54:33,788 - DEBUG -   tag: YResolution (283) - type: rational (5) Tag Location: 46 - Data Location: 94 - value: b'\x00\x00\x00H\x00\x00\x00\x01'
2025-03-14 13:54:33,788 - DEBUG -   tag: ResolutionUnit (296) - type: short (3) - value: b'\x00\x02'
2025-03-14 13:54:33,788 - DEBUG -   tag: YCbCrPositioning (531) - type: short (3) - value: b'\x00\x01'
2025-03-14 13:54:33,788 - DEBUG -   tag: ExifIFD (34665) - type: long (4) - value: b'\x00\x00\x00f'
2025-03-14 13:54:35,442 - DEBUG -   Completed histogram analysis in 1.65s
2025-03-14 13:54:35,442 - INFO - [123.39s]   [123.39s]   Progress: 10/12 analysis steps completed (83.3%)
2025-03-14 13:54:35,442 - DEBUG -   Starting jpeg_comments analysis...
2025-03-14 13:54:35,442 - INFO - [123.39s]   [123.39s]   Checking JPEG comment segments...
2025-03-14 13:54:35,442 - DEBUG -   Starting Reading JPEG file...
2025-03-14 13:54:35,443 - DEBUG -   Completed Reading JPEG file in 0.00s
2025-03-14 13:54:35,443 - DEBUG -   Starting Analyzing comment segments...
2025-03-14 13:54:35,624 - DEBUG -   Completed Analyzing comment segments in 0.18s
2025-03-14 13:54:35,624 - INFO - [123.57s]   [123.57s]   No suspicious patterns found in JPEG comments
2025-03-14 13:54:35,624 - DEBUG -   Completed jpeg_comments analysis in 0.18s
2025-03-14 13:54:35,624 - INFO - [123.57s]   [123.57s]   Progress: 11/12 analysis steps completed (91.7%)
2025-03-14 13:54:35,624 - DEBUG -   Starting large_metadata analysis...
2025-03-14 13:54:35,624 - INFO - [123.57s]   [123.57s]   Checking for large metadata fields...
2025-03-14 13:54:35,624 - DEBUG -   Starting Reading metadata...
2025-03-14 13:54:35,625 - DEBUG -   JPEG format recognized data[0:2]=0xFFD8
2025-03-14 13:54:35,625 - DEBUG -   data[2]=0xFF data[3]=0xE1 data[6:10]=b'Exif'
2025-03-14 13:54:35,625 - DEBUG -    Segment base 0x2
2025-03-14 13:54:35,625 - DEBUG -     APP1 at base 0x2
2025-03-14 13:54:35,625 - DEBUG -     Length: 0x0 0xCA
2025-03-14 13:54:35,625 - DEBUG -     Code: b'Exif'
2025-03-14 13:54:35,625 - DEBUG -     Decrement base by 2 to get to pre-segment header (for compatibility with later code)
2025-03-14 13:54:35,625 - DEBUG -   Endian format is M (Motorola)
2025-03-14 13:54:35,625 - DEBUG -   IFD 0 (Image) at offset 8:
2025-03-14 13:54:35,625 - DEBUG -    Orientation: (0x0112) Short=Horizontal (normal) @ 18
2025-03-14 13:54:35,625 - DEBUG -    XResolution: (0x011A) Ratio=72 @ 86
2025-03-14 13:54:35,625 - DEBUG -    YResolution: (0x011B) Ratio=72 @ 94
2025-03-14 13:54:35,625 - DEBUG -    ResolutionUnit: (0x0128) Short=Pixels/Inch @ 54
2025-03-14 13:54:35,625 - DEBUG -    YCbCrPositioning: (0x0213) Short=Centered @ 66
2025-03-14 13:54:35,625 - DEBUG -    ExifOffset: (0x8769) Long=102 @ 78
2025-03-14 13:54:35,625 - DEBUG -   Exif SubIFD at offset 102:
2025-03-14 13:54:35,625 - DEBUG -    ExifVersion: (0x9000) Undefined=0221 @ 112
2025-03-14 13:54:35,625 - DEBUG -    ComponentsConfiguration: (0x9101) Undefined=YCbCr @ 124
2025-03-14 13:54:35,625 - DEBUG -    FlashPixVersion: (0xA000) Undefined=0100 @ 136
2025-03-14 13:54:35,625 - DEBUG -    ColorSpace: (0xA001) Short=sRGB @ 148
2025-03-14 13:54:35,625 - DEBUG -    ExifImageWidth: (0xA002) Long=2339 @ 160
2025-03-14 13:54:35,625 - DEBUG -    ExifImageLength: (0xA003) Long=3088 @ 172
2025-03-14 13:54:35,625 - DEBUG -    SceneCaptureType: (0xA406) Short=Standard @ 184
2025-03-14 13:54:35,625 - DEBUG -   Found 13 metadata tags
2025-03-14 13:54:35,625 - DEBUG -   Completed Reading metadata in 0.00s
2025-03-14 13:54:35,625 - DEBUG -   Starting Analyzing metadata fields...
2025-03-14 13:54:35,625 - DEBUG -   Completed Analyzing metadata fields in 0.00s
2025-03-14 13:54:35,625 - INFO - [123.57s]   [123.57s]   No suspicious large metadata fields found
2025-03-14 13:54:35,625 - DEBUG -   Completed large_metadata analysis in 0.00s
2025-03-14 13:54:35,626 - INFO - [123.57s]   [123.57s]   Progress: 12/12 analysis steps completed (100.0%)
2025-03-14 13:54:35,626 - INFO - [123.57s]   [123.57s]   Analysis complete - 0 total findings
2025-03-14 13:54:35,626 - INFO - [123.57s]   [123.57s]   Completed Analyzing yews_2025-03-14_New_Immune_System_Defense_Discovered_3-13-25-8PM-9.jpg in 29.89s
2025-03-14 13:54:35,626 - INFO - [123.57s]   [123.57s]   Completed Analyzing yews_2025-03-14_New_Immune_System_Defense_Discovered_3-13-25-8PM-9.jpg in 29.89s
2025-03-14 13:54:35,626 - INFO - [123.57s]   [123.57s]   
Analyzing file 21/30: /Users/adam/Git/stego_tools/yews_images/yews_news/2025-03-14/yews_2025-03-14_U.S._Plans_To__Reclaim__Panama_Canal_3-13-25-8PM-1.jpg
2025-03-14 13:54:35,626 - INFO - [123.57s]   [123.57s]   Starting Analyzing yews_2025-03-14_U.S._Plans_To__Reclaim__Panama_Canal_3-13-25-8PM-1.jpg...
2025-03-14 13:54:35,626 - INFO - [123.57s]   [123.57s]   Starting Analyzing yews_2025-03-14_U.S._Plans_To__Reclaim__Panama_Canal_3-13-25-8PM-1.jpg...
2025-03-14 13:54:35,626 - INFO - [123.57s]   [123.57s]   File size: 100,970 bytes
2025-03-14 13:54:35,626 - DEBUG -   Starting metadata analysis...
2025-03-14 13:54:35,626 - INFO - [123.57s]   [123.57s]   Checking metadata...
2025-03-14 13:54:35,626 - DEBUG -   Starting Reading EXIF data...
2025-03-14 13:54:35,626 - DEBUG -   JPEG format recognized data[0:2]=0xFFD8
2025-03-14 13:54:35,626 - DEBUG -   data[2]=0xFF data[3]=0xE1 data[6:10]=b'Exif'
2025-03-14 13:54:35,626 - DEBUG -    Segment base 0x2
2025-03-14 13:54:35,626 - DEBUG -     APP1 at base 0x2
2025-03-14 13:54:35,627 - DEBUG -     Length: 0x1 0x34
2025-03-14 13:54:35,627 - DEBUG -     Code: b'Exif'
2025-03-14 13:54:35,627 - DEBUG -     Decrement base by 2 to get to pre-segment header (for compatibility with later code)
2025-03-14 13:54:35,627 - DEBUG -   Endian format is M (Motorola)
2025-03-14 13:54:35,627 - DEBUG -   IFD 0 (Image) at offset 8:
2025-03-14 13:54:35,627 - DEBUG -    Orientation: (0x0112) Short=Horizontal (normal) @ 18
2025-03-14 13:54:35,627 - DEBUG -    XResolution: (0x011A) Ratio=1/100 @ 110
2025-03-14 13:54:35,627 - DEBUG -    YResolution: (0x011B) Ratio=1/100 @ 118
2025-03-14 13:54:35,627 - DEBUG -    ResolutionUnit: (0x0128) Short=Pixels/Inch @ 54
2025-03-14 13:54:35,627 - DEBUG -    Software: (0x0131) ASCII=Adobe Photoshop CS2 Macintosh @ 126
2025-03-14 13:54:35,627 - DEBUG -    DateTime: (0x0132) ASCII=2008:06:18 09:42:37 @ 156
2025-03-14 13:54:35,627 - DEBUG -    YCbCrPositioning: (0x0213) Short=Centered @ 90
2025-03-14 13:54:35,627 - DEBUG -    ExifOffset: (0x8769) Long=176 @ 102
2025-03-14 13:54:35,627 - DEBUG -   Exif SubIFD at offset 176:
2025-03-14 13:54:35,627 - DEBUG -    ExifVersion: (0x9000) Undefined=0221 @ 186
2025-03-14 13:54:35,627 - DEBUG -    DateTimeDigitized: (0x9004) ASCII=2008:06:11 10:26:43 @ 278
2025-03-14 13:54:35,627 - DEBUG -    ComponentsConfiguration: (0x9101) Undefined=YCbCr @ 210
2025-03-14 13:54:35,627 - DEBUG -    FlashPixVersion: (0xA000) Undefined=0100 @ 222
2025-03-14 13:54:35,627 - DEBUG -    ColorSpace: (0xA001) Short=Uncalibrated @ 234
2025-03-14 13:54:35,627 - DEBUG -    ExifImageWidth: (0xA002) Long=572 @ 246
2025-03-14 13:54:35,627 - DEBUG -    ExifImageLength: (0xA003) Long=933 @ 258
2025-03-14 13:54:35,627 - DEBUG -    SceneCaptureType: (0xA406) Short=Standard @ 270
2025-03-14 13:54:35,627 - DEBUG -   Found 16 EXIF tags
2025-03-14 13:54:35,627 - DEBUG -   Completed Reading EXIF data in 0.00s
2025-03-14 13:54:35,627 - DEBUG -   Starting Analyzing metadata content...
2025-03-14 13:54:35,627 - INFO - [123.57s]   [123.57s]   No suspicious patterns found in metadata
2025-03-14 13:54:35,627 - DEBUG -   Completed Analyzing metadata content in 0.00s
2025-03-14 13:54:35,627 - DEBUG -   Completed metadata analysis in 0.00s
2025-03-14 13:54:35,627 - INFO - [123.57s]   [123.57s]   Progress: 1/12 analysis steps completed (8.3%)
2025-03-14 13:54:35,627 - DEBUG -   Starting raw_bytes analysis...
2025-03-14 13:54:35,627 - INFO - [123.57s]   [123.57s]   Checking raw bytes...
2025-03-14 13:54:35,627 - DEBUG -   Starting Reading file content...
2025-03-14 13:54:35,628 - DEBUG -   Read 100,970 bytes
2025-03-14 13:54:35,628 - DEBUG -   Completed Reading file content in 0.00s
2025-03-14 13:54:35,628 - DEBUG -   Starting Analyzing ASCII content...
2025-03-14 13:54:35,628 - DEBUG -   Completed Analyzing ASCII content in 0.00s
2025-03-14 13:54:35,628 - DEBUG -   Starting Analyzing hex content...
2025-03-14 13:54:35,629 - DEBUG -   Completed Analyzing hex content in 0.00s
2025-03-14 13:54:35,629 - DEBUG -   Starting Checking base64 variants...
2025-03-14 13:54:35,629 - DEBUG -   Completed Checking base64 variants in 0.00s
2025-03-14 13:54:35,629 - DEBUG -   Starting Analyzing suspicious patterns...
2025-03-14 13:54:35,641 - WARNING - [123.59s]   [123.59s]   Suspicious substring in raw data: Steganography tool reference: f5
2025-03-14 13:54:35,641 - DEBUG -   Completed Analyzing suspicious patterns in 0.01s
2025-03-14 13:54:35,641 - INFO - [123.59s]   [123.59s]   Found 1 suspicious patterns in raw bytes
2025-03-14 13:54:35,641 - DEBUG -   Completed raw_bytes analysis in 0.01s
2025-03-14 13:54:35,641 - INFO - [123.59s]   [123.59s]   Progress: 2/12 analysis steps completed (16.7%)
2025-03-14 13:54:35,641 - DEBUG -   Starting binary_patterns analysis...
2025-03-14 13:54:35,746 - DEBUG -   Completed binary_patterns analysis in 0.11s
2025-03-14 13:54:35,746 - INFO - [123.69s]   [123.69s]   Progress: 3/12 analysis steps completed (25.0%)
2025-03-14 13:54:35,747 - DEBUG -   Starting lsb analysis...
2025-03-14 13:54:35,747 - DEBUG -   tag: Orientation (274) - type: short (3) - value: b'\x00\x01'
2025-03-14 13:54:35,747 - DEBUG -   tag: XResolution (282) - type: rational (5) Tag Location: 34 - Data Location: 110 - value: b'\x00\x00\x00\x01\x00\x00\x00d'
2025-03-14 13:54:35,747 - DEBUG -   tag: YResolution (283) - type: rational (5) Tag Location: 46 - Data Location: 118 - value: b'\x00\x00\x00\x01\x00\x00\x00d'
2025-03-14 13:54:35,747 - DEBUG -   tag: ResolutionUnit (296) - type: short (3) - value: b'\x00\x02'
2025-03-14 13:54:35,747 - DEBUG -   tag: Software (305) - type: string (2) Tag Location: 70 - Data Location: 126 - value: b'Adobe Photoshop CS2 Macintosh\x00'
2025-03-14 13:54:35,747 - DEBUG -   tag: DateTime (306) - type: string (2) Tag Location: 82 - Data Location: 156 - value: b'2008:06:18 09:42:37\x00'
2025-03-14 13:54:35,747 - DEBUG -   tag: YCbCrPositioning (531) - type: short (3) - value: b'\x00\x01'
2025-03-14 13:54:35,747 - DEBUG -   tag: ExifIFD (34665) - type: long (4) - value: b'\x00\x00\x00\xb0'
2025-03-14 13:54:36,549 - DEBUG -   Completed lsb analysis in 0.80s
2025-03-14 13:54:36,549 - INFO - [124.50s]   [124.50s]   Progress: 4/12 analysis steps completed (33.3%)
2025-03-14 13:54:36,549 - DEBUG -   Starting channels analysis...
2025-03-14 13:54:36,550 - DEBUG -   tag: Orientation (274) - type: short (3) - value: b'\x00\x01'
2025-03-14 13:54:36,550 - DEBUG -   tag: XResolution (282) - type: rational (5) Tag Location: 34 - Data Location: 110 - value: b'\x00\x00\x00\x01\x00\x00\x00d'
2025-03-14 13:54:36,550 - DEBUG -   tag: YResolution (283) - type: rational (5) Tag Location: 46 - Data Location: 118 - value: b'\x00\x00\x00\x01\x00\x00\x00d'
2025-03-14 13:54:36,550 - DEBUG -   tag: ResolutionUnit (296) - type: short (3) - value: b'\x00\x02'
2025-03-14 13:54:36,550 - DEBUG -   tag: Software (305) - type: string (2) Tag Location: 70 - Data Location: 126 - value: b'Adobe Photoshop CS2 Macintosh\x00'
2025-03-14 13:54:36,550 - DEBUG -   tag: DateTime (306) - type: string (2) Tag Location: 82 - Data Location: 156 - value: b'2008:06:18 09:42:37\x00'
2025-03-14 13:54:36,550 - DEBUG -   tag: YCbCrPositioning (531) - type: short (3) - value: b'\x00\x01'
2025-03-14 13:54:36,550 - DEBUG -   tag: ExifIFD (34665) - type: long (4) - value: b'\x00\x00\x00\xb0'
2025-03-14 13:54:36,649 - DEBUG -   Completed channels analysis in 0.10s
2025-03-14 13:54:36,650 - INFO - [124.60s]   [124.60s]   Progress: 5/12 analysis steps completed (41.7%)
2025-03-14 13:54:36,650 - DEBUG -   Starting binwalk analysis...
2025-03-14 13:54:36,685 - DEBUG -   Completed binwalk analysis in 0.04s
2025-03-14 13:54:36,686 - INFO - [124.63s]   [124.63s]   Progress: 6/12 analysis steps completed (50.0%)
2025-03-14 13:54:36,686 - DEBUG -   Starting icc_profile analysis...
2025-03-14 13:54:36,686 - DEBUG -   tag: Orientation (274) - type: short (3) - value: b'\x00\x01'
2025-03-14 13:54:36,686 - DEBUG -   tag: XResolution (282) - type: rational (5) Tag Location: 34 - Data Location: 110 - value: b'\x00\x00\x00\x01\x00\x00\x00d'
2025-03-14 13:54:36,686 - DEBUG -   tag: YResolution (283) - type: rational (5) Tag Location: 46 - Data Location: 118 - value: b'\x00\x00\x00\x01\x00\x00\x00d'
2025-03-14 13:54:36,686 - DEBUG -   tag: ResolutionUnit (296) - type: short (3) - value: b'\x00\x02'
2025-03-14 13:54:36,686 - DEBUG -   tag: Software (305) - type: string (2) Tag Location: 70 - Data Location: 126 - value: b'Adobe Photoshop CS2 Macintosh\x00'
2025-03-14 13:54:36,686 - DEBUG -   tag: DateTime (306) - type: string (2) Tag Location: 82 - Data Location: 156 - value: b'2008:06:18 09:42:37\x00'
2025-03-14 13:54:36,686 - DEBUG -   tag: YCbCrPositioning (531) - type: short (3) - value: b'\x00\x01'
2025-03-14 13:54:36,686 - DEBUG -   tag: ExifIFD (34665) - type: long (4) - value: b'\x00\x00\x00\xb0'
2025-03-14 13:54:36,686 - DEBUG -   Completed icc_profile analysis in 0.00s
2025-03-14 13:54:36,686 - INFO - [124.63s]   [124.63s]   Progress: 7/12 analysis steps completed (58.3%)
2025-03-14 13:54:36,687 - DEBUG -   Starting zip_signatures analysis...
2025-03-14 13:54:36,695 - DEBUG -   Completed zip_signatures analysis in 0.01s
2025-03-14 13:54:36,695 - INFO - [124.64s]   [124.64s]   Progress: 8/12 analysis steps completed (66.7%)
2025-03-14 13:54:36,695 - DEBUG -   Starting appended_data analysis...
2025-03-14 13:54:36,695 - INFO - [124.64s]   [124.64s]   Checking for appended data...
2025-03-14 13:54:36,695 - DEBUG -   Starting Reading file...
2025-03-14 13:54:36,695 - DEBUG -   Read 100,970 bytes
2025-03-14 13:54:36,695 - DEBUG -   Completed Reading file in 0.00s
2025-03-14 13:54:36,695 - DEBUG -   Starting Analyzing file format...
2025-03-14 13:54:36,702 - DEBUG -   Found 1 EOI markers
2025-03-14 13:54:36,702 - DEBUG -   Completed Analyzing file format in 0.01s
2025-03-14 13:54:36,702 - INFO - [124.65s]   [124.65s]   No appended data found
2025-03-14 13:54:36,702 - DEBUG -   Completed appended_data analysis in 0.01s
2025-03-14 13:54:36,702 - INFO - [124.65s]   [124.65s]   Progress: 9/12 analysis steps completed (75.0%)
2025-03-14 13:54:36,702 - DEBUG -   Starting histogram analysis...
2025-03-14 13:54:36,702 - DEBUG -   tag: Orientation (274) - type: short (3) - value: b'\x00\x01'
2025-03-14 13:54:36,702 - DEBUG -   tag: XResolution (282) - type: rational (5) Tag Location: 34 - Data Location: 110 - value: b'\x00\x00\x00\x01\x00\x00\x00d'
2025-03-14 13:54:36,702 - DEBUG -   tag: YResolution (283) - type: rational (5) Tag Location: 46 - Data Location: 118 - value: b'\x00\x00\x00\x01\x00\x00\x00d'
2025-03-14 13:54:36,702 - DEBUG -   tag: ResolutionUnit (296) - type: short (3) - value: b'\x00\x02'
2025-03-14 13:54:36,702 - DEBUG -   tag: Software (305) - type: string (2) Tag Location: 70 - Data Location: 126 - value: b'Adobe Photoshop CS2 Macintosh\x00'
2025-03-14 13:54:36,702 - DEBUG -   tag: DateTime (306) - type: string (2) Tag Location: 82 - Data Location: 156 - value: b'2008:06:18 09:42:37\x00'
2025-03-14 13:54:36,702 - DEBUG -   tag: YCbCrPositioning (531) - type: short (3) - value: b'\x00\x01'
2025-03-14 13:54:36,702 - DEBUG -   tag: ExifIFD (34665) - type: long (4) - value: b'\x00\x00\x00\xb0'
2025-03-14 13:54:36,747 - DEBUG -   Completed histogram analysis in 0.05s
2025-03-14 13:54:36,748 - INFO - [124.69s]   [124.69s]   Progress: 10/12 analysis steps completed (83.3%)
2025-03-14 13:54:36,748 - DEBUG -   Starting jpeg_comments analysis...
2025-03-14 13:54:36,748 - INFO - [124.69s]   [124.69s]   Checking JPEG comment segments...
2025-03-14 13:54:36,748 - DEBUG -   Starting Reading JPEG file...
2025-03-14 13:54:36,748 - DEBUG -   Completed Reading JPEG file in 0.00s
2025-03-14 13:54:36,748 - DEBUG -   Starting Analyzing comment segments...
2025-03-14 13:54:36,754 - DEBUG -   Completed Analyzing comment segments in 0.01s
2025-03-14 13:54:36,754 - INFO - [124.70s]   [124.70s]   No suspicious patterns found in JPEG comments
2025-03-14 13:54:36,754 - DEBUG -   Completed jpeg_comments analysis in 0.01s
2025-03-14 13:54:36,754 - INFO - [124.70s]   [124.70s]   Progress: 11/12 analysis steps completed (91.7%)
2025-03-14 13:54:36,754 - DEBUG -   Starting large_metadata analysis...
2025-03-14 13:54:36,754 - INFO - [124.70s]   [124.70s]   Checking for large metadata fields...
2025-03-14 13:54:36,755 - DEBUG -   Starting Reading metadata...
2025-03-14 13:54:36,755 - DEBUG -   JPEG format recognized data[0:2]=0xFFD8
2025-03-14 13:54:36,755 - DEBUG -   data[2]=0xFF data[3]=0xE1 data[6:10]=b'Exif'
2025-03-14 13:54:36,755 - DEBUG -    Segment base 0x2
2025-03-14 13:54:36,755 - DEBUG -     APP1 at base 0x2
2025-03-14 13:54:36,755 - DEBUG -     Length: 0x1 0x34
2025-03-14 13:54:36,755 - DEBUG -     Code: b'Exif'
2025-03-14 13:54:36,755 - DEBUG -     Decrement base by 2 to get to pre-segment header (for compatibility with later code)
2025-03-14 13:54:36,755 - DEBUG -   Endian format is M (Motorola)
2025-03-14 13:54:36,755 - DEBUG -   IFD 0 (Image) at offset 8:
2025-03-14 13:54:36,755 - DEBUG -    Orientation: (0x0112) Short=Horizontal (normal) @ 18
2025-03-14 13:54:36,755 - DEBUG -    XResolution: (0x011A) Ratio=1/100 @ 110
2025-03-14 13:54:36,755 - DEBUG -    YResolution: (0x011B) Ratio=1/100 @ 118
2025-03-14 13:54:36,755 - DEBUG -    ResolutionUnit: (0x0128) Short=Pixels/Inch @ 54
2025-03-14 13:54:36,755 - DEBUG -    Software: (0x0131) ASCII=Adobe Photoshop CS2 Macintosh @ 126
2025-03-14 13:54:36,755 - DEBUG -    DateTime: (0x0132) ASCII=2008:06:18 09:42:37 @ 156
2025-03-14 13:54:36,755 - DEBUG -    YCbCrPositioning: (0x0213) Short=Centered @ 90
2025-03-14 13:54:36,755 - DEBUG -    ExifOffset: (0x8769) Long=176 @ 102
2025-03-14 13:54:36,755 - DEBUG -   Exif SubIFD at offset 176:
2025-03-14 13:54:36,755 - DEBUG -    ExifVersion: (0x9000) Undefined=0221 @ 186
2025-03-14 13:54:36,755 - DEBUG -    DateTimeDigitized: (0x9004) ASCII=2008:06:11 10:26:43 @ 278
2025-03-14 13:54:36,755 - DEBUG -    ComponentsConfiguration: (0x9101) Undefined=YCbCr @ 210
2025-03-14 13:54:36,755 - DEBUG -    FlashPixVersion: (0xA000) Undefined=0100 @ 222
2025-03-14 13:54:36,755 - DEBUG -    ColorSpace: (0xA001) Short=Uncalibrated @ 234
2025-03-14 13:54:36,755 - DEBUG -    ExifImageWidth: (0xA002) Long=572 @ 246
2025-03-14 13:54:36,755 - DEBUG -    ExifImageLength: (0xA003) Long=933 @ 258
2025-03-14 13:54:36,755 - DEBUG -    SceneCaptureType: (0xA406) Short=Standard @ 270
2025-03-14 13:54:36,755 - DEBUG -   Found 16 metadata tags
2025-03-14 13:54:36,755 - DEBUG -   Completed Reading metadata in 0.00s
2025-03-14 13:54:36,755 - DEBUG -   Starting Analyzing metadata fields...
2025-03-14 13:54:36,755 - DEBUG -   Completed Analyzing metadata fields in 0.00s
2025-03-14 13:54:36,755 - INFO - [124.70s]   [124.70s]   No suspicious large metadata fields found
2025-03-14 13:54:36,755 - DEBUG -   Completed large_metadata analysis in 0.00s
2025-03-14 13:54:36,755 - INFO - [124.70s]   [124.70s]   Progress: 12/12 analysis steps completed (100.0%)
2025-03-14 13:54:36,756 - INFO - [124.70s]   [124.70s]   Analysis complete - 0 total findings
2025-03-14 13:54:36,756 - INFO - [124.70s]   [124.70s]   Completed Analyzing yews_2025-03-14_U.S._Plans_To__Reclaim__Panama_Canal_3-13-25-8PM-1.jpg in 1.13s
2025-03-14 13:54:36,756 - INFO - [124.70s]   [124.70s]   Completed Analyzing yews_2025-03-14_U.S._Plans_To__Reclaim__Panama_Canal_3-13-25-8PM-1.jpg in 1.13s
2025-03-14 13:54:36,756 - INFO - [124.70s]   [124.70s]   
Analyzing file 22/30: /Users/adam/Git/stego_tools/yews_images/yews_news/2025-03-14/yews_2025-03-14_Michael_Bloomberg_Donated__3.7B_In_2024_3-13-25-3PM-2.jpg
2025-03-14 13:54:36,756 - INFO - [124.70s]   [124.70s]   Starting Analyzing yews_2025-03-14_Michael_Bloomberg_Donated__3.7B_In_2024_3-13-25-3PM-2.jpg...
2025-03-14 13:54:36,756 - INFO - [124.70s]   [124.70s]   Starting Analyzing yews_2025-03-14_Michael_Bloomberg_Donated__3.7B_In_2024_3-13-25-3PM-2.jpg...
2025-03-14 13:54:36,756 - INFO - [124.70s]   [124.70s]   File size: 128,504 bytes
2025-03-14 13:54:36,756 - DEBUG -   Starting metadata analysis...
2025-03-14 13:54:36,756 - INFO - [124.70s]   [124.70s]   Checking metadata...
2025-03-14 13:54:36,756 - DEBUG -   Starting Reading EXIF data...
2025-03-14 13:54:36,756 - DEBUG -   JPEG format recognized data[0:2]=0xFFD8
2025-03-14 13:54:36,756 - DEBUG -   data[2]=0xFF data[3]=0xE1 data[6:10]=b'Exif'
2025-03-14 13:54:36,756 - DEBUG -    Segment base 0x2
2025-03-14 13:54:36,756 - DEBUG -     APP1 at base 0x2
2025-03-14 13:54:36,756 - DEBUG -     Length: 0x1 0x2A
2025-03-14 13:54:36,756 - DEBUG -     Code: b'Exif'
2025-03-14 13:54:36,756 - DEBUG -     Decrement base by 2 to get to pre-segment header (for compatibility with later code)
2025-03-14 13:54:36,756 - DEBUG -   Endian format is M (Motorola)
2025-03-14 13:54:36,756 - DEBUG -   IFD 0 (Image) at offset 8:
2025-03-14 13:54:36,756 - DEBUG -    Orientation: (0x0112) Short=Horizontal (normal) @ 18
2025-03-14 13:54:36,756 - DEBUG -    XResolution: (0x011A) Ratio=100 @ 110
2025-03-14 13:54:36,756 - DEBUG -    YResolution: (0x011B) Ratio=100 @ 118
2025-03-14 13:54:36,756 - DEBUG -    ResolutionUnit: (0x0128) Short=Pixels/Inch @ 54
2025-03-14 13:54:36,756 - DEBUG -    Software: (0x0131) ASCII=Adobe Photoshop 7.0 @ 126
2025-03-14 13:54:36,756 - DEBUG -    DateTime: (0x0132) ASCII=2005:05:09 13:25:53 @ 146
2025-03-14 13:54:36,756 - DEBUG -    YCbCrPositioning: (0x0213) Short=Centered @ 90
2025-03-14 13:54:36,756 - DEBUG -    ExifOffset: (0x8769) Long=166 @ 102
2025-03-14 13:54:36,756 - DEBUG -   Exif SubIFD at offset 166:
2025-03-14 13:54:36,756 - DEBUG -    ExifVersion: (0x9000) Undefined=0221 @ 176
2025-03-14 13:54:36,756 - DEBUG -    DateTimeDigitized: (0x9004) ASCII=2003:03:24 13:04:08 @ 268
2025-03-14 13:54:36,756 - DEBUG -    ComponentsConfiguration: (0x9101) Undefined=YCbCr @ 200
2025-03-14 13:54:36,756 - DEBUG -    FlashPixVersion: (0xA000) Undefined=0100 @ 212
2025-03-14 13:54:36,756 - DEBUG -    ColorSpace: (0xA001) Short=sRGB @ 224
2025-03-14 13:54:36,757 - DEBUG -    ExifImageWidth: (0xA002) Long=600 @ 236
2025-03-14 13:54:36,757 - DEBUG -    ExifImageLength: (0xA003) Long=457 @ 248
2025-03-14 13:54:36,757 - DEBUG -    SceneCaptureType: (0xA406) Short=Standard @ 260
2025-03-14 13:54:36,757 - DEBUG -   Found 16 EXIF tags
2025-03-14 13:54:36,757 - DEBUG -   Completed Reading EXIF data in 0.00s
2025-03-14 13:54:36,757 - DEBUG -   Starting Analyzing metadata content...
2025-03-14 13:54:36,757 - INFO - [124.70s]   [124.70s]   No suspicious patterns found in metadata
2025-03-14 13:54:36,757 - DEBUG -   Completed Analyzing metadata content in 0.00s
2025-03-14 13:54:36,757 - DEBUG -   Completed metadata analysis in 0.00s
2025-03-14 13:54:36,757 - INFO - [124.70s]   [124.70s]   Progress: 1/12 analysis steps completed (8.3%)
2025-03-14 13:54:36,757 - DEBUG -   Starting raw_bytes analysis...
2025-03-14 13:54:36,757 - INFO - [124.70s]   [124.70s]   Checking raw bytes...
2025-03-14 13:54:36,757 - DEBUG -   Starting Reading file content...
2025-03-14 13:54:36,757 - DEBUG -   Read 128,504 bytes
2025-03-14 13:54:36,757 - DEBUG -   Completed Reading file content in 0.00s
2025-03-14 13:54:36,757 - DEBUG -   Starting Analyzing ASCII content...
2025-03-14 13:54:36,758 - DEBUG -   Completed Analyzing ASCII content in 0.00s
2025-03-14 13:54:36,758 - DEBUG -   Starting Analyzing hex content...
2025-03-14 13:54:36,758 - DEBUG -   Completed Analyzing hex content in 0.00s
2025-03-14 13:54:36,759 - DEBUG -   Starting Checking base64 variants...
2025-03-14 13:54:36,759 - DEBUG -   Completed Checking base64 variants in 0.00s
2025-03-14 13:54:36,759 - DEBUG -   Starting Analyzing suspicious patterns...
2025-03-14 13:54:36,773 - DEBUG -   Completed Analyzing suspicious patterns in 0.01s
2025-03-14 13:54:36,773 - INFO - [124.72s]   [124.72s]   No suspicious patterns found in raw bytes
2025-03-14 13:54:36,773 - DEBUG -   Completed raw_bytes analysis in 0.02s
2025-03-14 13:54:36,773 - INFO - [124.72s]   [124.72s]   Progress: 2/12 analysis steps completed (16.7%)
2025-03-14 13:54:36,773 - DEBUG -   Starting binary_patterns analysis...
2025-03-14 13:54:36,894 - DEBUG -   Completed binary_patterns analysis in 0.12s
2025-03-14 13:54:36,894 - INFO - [124.84s]   [124.84s]   Progress: 3/12 analysis steps completed (25.0%)
2025-03-14 13:54:36,894 - DEBUG -   Starting lsb analysis...
2025-03-14 13:54:36,894 - DEBUG -   tag: Orientation (274) - type: short (3) - value: b'\x00\x01'
2025-03-14 13:54:36,894 - DEBUG -   tag: XResolution (282) - type: rational (5) Tag Location: 34 - Data Location: 110 - value: b'\x00\x00\x00d\x00\x00\x00\x01'
2025-03-14 13:54:36,894 - DEBUG -   tag: YResolution (283) - type: rational (5) Tag Location: 46 - Data Location: 118 - value: b'\x00\x00\x00d\x00\x00\x00\x01'
2025-03-14 13:54:36,894 - DEBUG -   tag: ResolutionUnit (296) - type: short (3) - value: b'\x00\x02'
2025-03-14 13:54:36,894 - DEBUG -   tag: Software (305) - type: string (2) Tag Location: 70 - Data Location: 126 - value: b'Adobe Photoshop 7.0\x00'
2025-03-14 13:54:36,894 - DEBUG -   tag: DateTime (306) - type: string (2) Tag Location: 82 - Data Location: 146 - value: b'2005:05:09 13:25:53\x00'
2025-03-14 13:54:36,894 - DEBUG -   tag: YCbCrPositioning (531) - type: short (3) - value: b'\x00\x01'
2025-03-14 13:54:36,894 - DEBUG -   tag: ExifIFD (34665) - type: long (4) - value: b'\x00\x00\x00\xa6'
2025-03-14 13:54:37,674 - DEBUG -   Completed lsb analysis in 0.78s
2025-03-14 13:54:37,674 - INFO - [125.62s]   [125.62s]   Progress: 4/12 analysis steps completed (33.3%)
2025-03-14 13:54:37,674 - DEBUG -   Starting channels analysis...
2025-03-14 13:54:37,674 - DEBUG -   tag: Orientation (274) - type: short (3) - value: b'\x00\x01'
2025-03-14 13:54:37,674 - DEBUG -   tag: XResolution (282) - type: rational (5) Tag Location: 34 - Data Location: 110 - value: b'\x00\x00\x00d\x00\x00\x00\x01'
2025-03-14 13:54:37,674 - DEBUG -   tag: YResolution (283) - type: rational (5) Tag Location: 46 - Data Location: 118 - value: b'\x00\x00\x00d\x00\x00\x00\x01'
2025-03-14 13:54:37,674 - DEBUG -   tag: ResolutionUnit (296) - type: short (3) - value: b'\x00\x02'
2025-03-14 13:54:37,674 - DEBUG -   tag: Software (305) - type: string (2) Tag Location: 70 - Data Location: 126 - value: b'Adobe Photoshop 7.0\x00'
2025-03-14 13:54:37,674 - DEBUG -   tag: DateTime (306) - type: string (2) Tag Location: 82 - Data Location: 146 - value: b'2005:05:09 13:25:53\x00'
2025-03-14 13:54:37,674 - DEBUG -   tag: YCbCrPositioning (531) - type: short (3) - value: b'\x00\x01'
2025-03-14 13:54:37,674 - DEBUG -   tag: ExifIFD (34665) - type: long (4) - value: b'\x00\x00\x00\xa6'
2025-03-14 13:54:37,799 - DEBUG -   Completed channels analysis in 0.13s
2025-03-14 13:54:37,800 - INFO - [125.75s]   [125.75s]   Progress: 5/12 analysis steps completed (41.7%)
2025-03-14 13:54:37,800 - DEBUG -   Starting binwalk analysis...
2025-03-14 13:54:37,817 - DEBUG -   Completed binwalk analysis in 0.02s
2025-03-14 13:54:37,817 - INFO - [125.76s]   [125.76s]   Progress: 6/12 analysis steps completed (50.0%)
2025-03-14 13:54:37,817 - DEBUG -   Starting icc_profile analysis...
2025-03-14 13:54:37,817 - DEBUG -   tag: Orientation (274) - type: short (3) - value: b'\x00\x01'
2025-03-14 13:54:37,817 - DEBUG -   tag: XResolution (282) - type: rational (5) Tag Location: 34 - Data Location: 110 - value: b'\x00\x00\x00d\x00\x00\x00\x01'
2025-03-14 13:54:37,817 - DEBUG -   tag: YResolution (283) - type: rational (5) Tag Location: 46 - Data Location: 118 - value: b'\x00\x00\x00d\x00\x00\x00\x01'
2025-03-14 13:54:37,818 - DEBUG -   tag: ResolutionUnit (296) - type: short (3) - value: b'\x00\x02'
2025-03-14 13:54:37,818 - DEBUG -   tag: Software (305) - type: string (2) Tag Location: 70 - Data Location: 126 - value: b'Adobe Photoshop 7.0\x00'
2025-03-14 13:54:37,818 - DEBUG -   tag: DateTime (306) - type: string (2) Tag Location: 82 - Data Location: 146 - value: b'2005:05:09 13:25:53\x00'
2025-03-14 13:54:37,818 - DEBUG -   tag: YCbCrPositioning (531) - type: short (3) - value: b'\x00\x01'
2025-03-14 13:54:37,818 - DEBUG -   tag: ExifIFD (34665) - type: long (4) - value: b'\x00\x00\x00\xa6'
2025-03-14 13:54:37,818 - DEBUG -   Completed icc_profile analysis in 0.00s
2025-03-14 13:54:37,818 - INFO - [125.76s]   [125.76s]   Progress: 7/12 analysis steps completed (58.3%)
2025-03-14 13:54:37,818 - DEBUG -   Starting zip_signatures analysis...
2025-03-14 13:54:37,829 - DEBUG -   Completed zip_signatures analysis in 0.01s
2025-03-14 13:54:37,829 - INFO - [125.78s]   [125.78s]   Progress: 8/12 analysis steps completed (66.7%)
2025-03-14 13:54:37,829 - DEBUG -   Starting appended_data analysis...
2025-03-14 13:54:37,829 - INFO - [125.78s]   [125.78s]   Checking for appended data...
2025-03-14 13:54:37,829 - DEBUG -   Starting Reading file...
2025-03-14 13:54:37,829 - DEBUG -   Read 128,504 bytes
2025-03-14 13:54:37,829 - DEBUG -   Completed Reading file in 0.00s
2025-03-14 13:54:37,829 - DEBUG -   Starting Analyzing file format...
2025-03-14 13:54:37,837 - DEBUG -   Found 1 EOI markers
2025-03-14 13:54:37,837 - DEBUG -   Completed Analyzing file format in 0.01s
2025-03-14 13:54:37,837 - INFO - [125.78s]   [125.78s]   No appended data found
2025-03-14 13:54:37,837 - DEBUG -   Completed appended_data analysis in 0.01s
2025-03-14 13:54:37,837 - INFO - [125.78s]   [125.78s]   Progress: 9/12 analysis steps completed (75.0%)
2025-03-14 13:54:37,837 - DEBUG -   Starting histogram analysis...
2025-03-14 13:54:37,837 - DEBUG -   tag: Orientation (274) - type: short (3) - value: b'\x00\x01'
2025-03-14 13:54:37,838 - DEBUG -   tag: XResolution (282) - type: rational (5) Tag Location: 34 - Data Location: 110 - value: b'\x00\x00\x00d\x00\x00\x00\x01'
2025-03-14 13:54:37,838 - DEBUG -   tag: YResolution (283) - type: rational (5) Tag Location: 46 - Data Location: 118 - value: b'\x00\x00\x00d\x00\x00\x00\x01'
2025-03-14 13:54:37,838 - DEBUG -   tag: ResolutionUnit (296) - type: short (3) - value: b'\x00\x02'
2025-03-14 13:54:37,838 - DEBUG -   tag: Software (305) - type: string (2) Tag Location: 70 - Data Location: 126 - value: b'Adobe Photoshop 7.0\x00'
2025-03-14 13:54:37,838 - DEBUG -   tag: DateTime (306) - type: string (2) Tag Location: 82 - Data Location: 146 - value: b'2005:05:09 13:25:53\x00'
2025-03-14 13:54:37,838 - DEBUG -   tag: YCbCrPositioning (531) - type: short (3) - value: b'\x00\x01'
2025-03-14 13:54:37,838 - DEBUG -   tag: ExifIFD (34665) - type: long (4) - value: b'\x00\x00\x00\xa6'
2025-03-14 13:54:37,897 - DEBUG -   Completed histogram analysis in 0.06s
2025-03-14 13:54:37,897 - INFO - [125.84s]   [125.84s]   Progress: 10/12 analysis steps completed (83.3%)
2025-03-14 13:54:37,897 - DEBUG -   Starting jpeg_comments analysis...
2025-03-14 13:54:37,897 - INFO - [125.84s]   [125.84s]   Checking JPEG comment segments...
2025-03-14 13:54:37,897 - DEBUG -   Starting Reading JPEG file...
2025-03-14 13:54:37,897 - DEBUG -   Completed Reading JPEG file in 0.00s
2025-03-14 13:54:37,897 - DEBUG -   Starting Analyzing comment segments...
2025-03-14 13:54:37,905 - DEBUG -   Completed Analyzing comment segments in 0.01s
2025-03-14 13:54:37,905 - INFO - [125.85s]   [125.85s]   No suspicious patterns found in JPEG comments
2025-03-14 13:54:37,905 - DEBUG -   Completed jpeg_comments analysis in 0.01s
2025-03-14 13:54:37,905 - INFO - [125.85s]   [125.85s]   Progress: 11/12 analysis steps completed (91.7%)
2025-03-14 13:54:37,906 - DEBUG -   Starting large_metadata analysis...
2025-03-14 13:54:37,906 - INFO - [125.85s]   [125.85s]   Checking for large metadata fields...
2025-03-14 13:54:37,906 - DEBUG -   Starting Reading metadata...
2025-03-14 13:54:37,906 - DEBUG -   JPEG format recognized data[0:2]=0xFFD8
2025-03-14 13:54:37,906 - DEBUG -   data[2]=0xFF data[3]=0xE1 data[6:10]=b'Exif'
2025-03-14 13:54:37,906 - DEBUG -    Segment base 0x2
2025-03-14 13:54:37,906 - DEBUG -     APP1 at base 0x2
2025-03-14 13:54:37,906 - DEBUG -     Length: 0x1 0x2A
2025-03-14 13:54:37,906 - DEBUG -     Code: b'Exif'
2025-03-14 13:54:37,906 - DEBUG -     Decrement base by 2 to get to pre-segment header (for compatibility with later code)
2025-03-14 13:54:37,906 - DEBUG -   Endian format is M (Motorola)
2025-03-14 13:54:37,906 - DEBUG -   IFD 0 (Image) at offset 8:
2025-03-14 13:54:37,906 - DEBUG -    Orientation: (0x0112) Short=Horizontal (normal) @ 18
2025-03-14 13:54:37,906 - DEBUG -    XResolution: (0x011A) Ratio=100 @ 110
2025-03-14 13:54:37,906 - DEBUG -    YResolution: (0x011B) Ratio=100 @ 118
2025-03-14 13:54:37,906 - DEBUG -    ResolutionUnit: (0x0128) Short=Pixels/Inch @ 54
2025-03-14 13:54:37,906 - DEBUG -    Software: (0x0131) ASCII=Adobe Photoshop 7.0 @ 126
2025-03-14 13:54:37,906 - DEBUG -    DateTime: (0x0132) ASCII=2005:05:09 13:25:53 @ 146
2025-03-14 13:54:37,906 - DEBUG -    YCbCrPositioning: (0x0213) Short=Centered @ 90
2025-03-14 13:54:37,906 - DEBUG -    ExifOffset: (0x8769) Long=166 @ 102
2025-03-14 13:54:37,906 - DEBUG -   Exif SubIFD at offset 166:
2025-03-14 13:54:37,906 - DEBUG -    ExifVersion: (0x9000) Undefined=0221 @ 176
2025-03-14 13:54:37,906 - DEBUG -    DateTimeDigitized: (0x9004) ASCII=2003:03:24 13:04:08 @ 268
2025-03-14 13:54:37,906 - DEBUG -    ComponentsConfiguration: (0x9101) Undefined=YCbCr @ 200
2025-03-14 13:54:37,906 - DEBUG -    FlashPixVersion: (0xA000) Undefined=0100 @ 212
2025-03-14 13:54:37,906 - DEBUG -    ColorSpace: (0xA001) Short=sRGB @ 224
2025-03-14 13:54:37,906 - DEBUG -    ExifImageWidth: (0xA002) Long=600 @ 236
2025-03-14 13:54:37,906 - DEBUG -    ExifImageLength: (0xA003) Long=457 @ 248
2025-03-14 13:54:37,906 - DEBUG -    SceneCaptureType: (0xA406) Short=Standard @ 260
2025-03-14 13:54:37,906 - DEBUG -   Found 16 metadata tags
2025-03-14 13:54:37,906 - DEBUG -   Completed Reading metadata in 0.00s
2025-03-14 13:54:37,906 - DEBUG -   Starting Analyzing metadata fields...
2025-03-14 13:54:37,906 - DEBUG -   Completed Analyzing metadata fields in 0.00s
2025-03-14 13:54:37,906 - INFO - [125.85s]   [125.85s]   No suspicious large metadata fields found
2025-03-14 13:54:37,906 - DEBUG -   Completed large_metadata analysis in 0.00s
2025-03-14 13:54:37,906 - INFO - [125.85s]   [125.85s]   Progress: 12/12 analysis steps completed (100.0%)
2025-03-14 13:54:37,906 - INFO - [125.85s]   [125.85s]   Analysis complete - 0 total findings
2025-03-14 13:54:37,906 - INFO - [125.85s]   [125.85s]   Completed Analyzing yews_2025-03-14_Michael_Bloomberg_Donated__3.7B_In_2024_3-13-25-3PM-2.jpg in 1.15s
2025-03-14 13:54:37,907 - INFO - [125.85s]   [125.85s]   Completed Analyzing yews_2025-03-14_Michael_Bloomberg_Donated__3.7B_In_2024_3-13-25-3PM-2.jpg in 1.15s
2025-03-14 13:54:37,907 - INFO - [125.85s]   [125.85s]   
Analyzing file 23/30: /Users/adam/Git/stego_tools/yews_images/yews_news/2025-03-14/yews_2025-03-14_ICE__U.S._Immigrant_Jails_Overflowing_3-13-25-10AM-3.jpg
2025-03-14 13:54:37,907 - INFO - [125.85s]   [125.85s]   Starting Analyzing yews_2025-03-14_ICE__U.S._Immigrant_Jails_Overflowing_3-13-25-10AM-3.jpg...
2025-03-14 13:54:37,907 - INFO - [125.85s]   [125.85s]   Starting Analyzing yews_2025-03-14_ICE__U.S._Immigrant_Jails_Overflowing_3-13-25-10AM-3.jpg...
2025-03-14 13:54:37,907 - INFO - [125.85s]   [125.85s]   File size: 3,100,426 bytes
2025-03-14 13:54:37,907 - DEBUG -   Starting metadata analysis...
2025-03-14 13:54:37,907 - INFO - [125.85s]   [125.85s]   Checking metadata...
2025-03-14 13:54:37,907 - DEBUG -   Starting Reading EXIF data...
2025-03-14 13:54:37,907 - DEBUG -   JPEG format recognized data[0:2]=0xFFD8
2025-03-14 13:54:37,907 - DEBUG -   data[2]=0xFF data[3]=0xE1 data[6:10]=b'Exif'
2025-03-14 13:54:37,907 - DEBUG -    Segment base 0x2
2025-03-14 13:54:37,907 - DEBUG -     APP1 at base 0x2
2025-03-14 13:54:37,907 - DEBUG -     Length: 0xF 0x38
2025-03-14 13:54:37,907 - DEBUG -     Code: b'Exif'
2025-03-14 13:54:37,907 - DEBUG -     Decrement base by 2 to get to pre-segment header (for compatibility with later code)
2025-03-14 13:54:37,907 - DEBUG -   Endian format is M (Motorola)
2025-03-14 13:54:37,907 - DEBUG -   IFD 0 (Image) at offset 8:
2025-03-14 13:54:37,907 - DEBUG -    PhotometricInterpretation: (0x0106) Short=2 @ 18
2025-03-14 13:54:37,907 - DEBUG -    Orientation: (0x0112) Short=Horizontal (normal) @ 30
2025-03-14 13:54:37,907 - DEBUG -    XResolution: (0x011A) Ratio=72 @ 98
2025-03-14 13:54:37,907 - DEBUG -    YResolution: (0x011B) Ratio=72 @ 106
2025-03-14 13:54:37,907 - DEBUG -    ResolutionUnit: (0x0128) Short=Pixels/Inch @ 66
2025-03-14 13:54:37,907 - DEBUG -    YCbCrPositioning: (0x0213) Short=Centered @ 78
2025-03-14 13:54:37,907 - DEBUG -    ExifOffset: (0x8769) Long=114 @ 90
2025-03-14 13:54:37,907 - DEBUG -   Exif SubIFD at offset 114:
2025-03-14 13:54:37,907 - DEBUG -    ExifVersion: (0x9000) Undefined=0221 @ 124
2025-03-14 13:54:37,907 - DEBUG -    ComponentsConfiguration: (0x9101) Undefined=YCbCr @ 136
2025-03-14 13:54:37,907 - DEBUG -    UserComment: (0x9286) Undefined= @ 216
2025-03-14 13:54:37,907 - DEBUG -    FlashPixVersion: (0xA000) Undefined=0100 @ 160
2025-03-14 13:54:37,907 - DEBUG -    ColorSpace: (0xA001) Short=sRGB @ 172
2025-03-14 13:54:37,907 - DEBUG -    ExifImageWidth: (0xA002) Long=2265 @ 184
2025-03-14 13:54:37,907 - DEBUG -    ExifImageLength: (0xA003) Long=1600 @ 196
2025-03-14 13:54:37,907 - DEBUG -    SceneCaptureType: (0xA406) Short=Standard @ 208
2025-03-14 13:54:37,907 - DEBUG -   Found 15 EXIF tags
2025-03-14 13:54:37,907 - DEBUG -   Completed Reading EXIF data in 0.00s
2025-03-14 13:54:37,907 - DEBUG -   Starting Analyzing metadata content...
2025-03-14 13:54:37,908 - INFO - [125.85s]   [125.85s]   No suspicious patterns found in metadata
2025-03-14 13:54:37,908 - DEBUG -   Completed Analyzing metadata content in 0.00s
2025-03-14 13:54:37,908 - DEBUG -   Completed metadata analysis in 0.00s
2025-03-14 13:54:37,908 - INFO - [125.85s]   [125.85s]   Progress: 1/12 analysis steps completed (8.3%)
2025-03-14 13:54:37,908 - DEBUG -   Starting raw_bytes analysis...
2025-03-14 13:54:37,908 - INFO - [125.85s]   [125.85s]   Checking raw bytes...
2025-03-14 13:54:37,908 - DEBUG -   Starting Reading file content...
2025-03-14 13:54:37,909 - DEBUG -   Read 3,100,426 bytes
2025-03-14 13:54:37,909 - DEBUG -   Completed Reading file content in 0.00s
2025-03-14 13:54:37,909 - DEBUG -   Starting Analyzing ASCII content...
2025-03-14 13:54:37,930 - DEBUG -   Completed Analyzing ASCII content in 0.02s
2025-03-14 13:54:37,931 - DEBUG -   Starting Analyzing hex content...
2025-03-14 13:54:37,941 - DEBUG -   Completed Analyzing hex content in 0.01s
2025-03-14 13:54:37,941 - DEBUG -   Starting Checking base64 variants...
2025-03-14 13:54:37,950 - DEBUG -   Completed Checking base64 variants in 0.01s
2025-03-14 13:54:37,951 - DEBUG -   Starting Analyzing suspicious patterns...
2025-03-14 13:54:38,272 - WARNING - [126.22s]   [126.22s]   Suspicious substring in raw data: Steganography tool reference: f5
2025-03-14 13:54:38,272 - DEBUG -   Completed Analyzing suspicious patterns in 0.32s
2025-03-14 13:54:38,272 - INFO - [126.22s]   [126.22s]   Found 1 suspicious patterns in raw bytes
2025-03-14 13:54:38,273 - DEBUG -   Completed raw_bytes analysis in 0.37s
2025-03-14 13:54:38,273 - INFO - [126.22s]   [126.22s]   Progress: 2/12 analysis steps completed (16.7%)
2025-03-14 13:54:38,273 - DEBUG -   Starting binary_patterns analysis...
2025-03-14 13:54:41,375 - DEBUG -   Completed binary_patterns analysis in 3.10s
2025-03-14 13:54:41,375 - INFO - [129.32s]   [129.32s]   Progress: 3/12 analysis steps completed (25.0%)
2025-03-14 13:54:41,375 - DEBUG -   Starting lsb analysis...
2025-03-14 13:54:41,376 - DEBUG -   tag: PhotometricInterpretation (262) - type: short (3) - value: b'\x00\x02'
2025-03-14 13:54:41,376 - DEBUG -   tag: Orientation (274) - type: short (3) - value: b'\x00\x01'
2025-03-14 13:54:41,376 - DEBUG -   tag: XResolution (282) - type: rational (5) Tag Location: 46 - Data Location: 98 - value: b'\x00\x00\x00H\x00\x00\x00\x01'
2025-03-14 13:54:41,376 - DEBUG -   tag: YResolution (283) - type: rational (5) Tag Location: 58 - Data Location: 106 - value: b'\x00\x00\x00H\x00\x00\x00\x01'
2025-03-14 13:54:41,376 - DEBUG -   tag: ResolutionUnit (296) - type: short (3) - value: b'\x00\x02'
2025-03-14 13:54:41,376 - DEBUG -   tag: YCbCrPositioning (531) - type: short (3) - value: b'\x00\x01'
2025-03-14 13:54:41,376 - DEBUG -   tag: ExifIFD (34665) - type: long (4) - value: b'\x00\x00\x00r'
2025-03-14 13:54:53,502 - DEBUG -   Completed lsb analysis in 12.13s
2025-03-14 13:54:53,503 - INFO - [141.45s]   [141.45s]   Progress: 4/12 analysis steps completed (33.3%)
2025-03-14 13:54:53,503 - DEBUG -   Starting channels analysis...
2025-03-14 13:54:53,504 - DEBUG -   tag: PhotometricInterpretation (262) - type: short (3) - value: b'\x00\x02'
2025-03-14 13:54:53,504 - DEBUG -   tag: Orientation (274) - type: short (3) - value: b'\x00\x01'
2025-03-14 13:54:53,504 - DEBUG -   tag: XResolution (282) - type: rational (5) Tag Location: 46 - Data Location: 98 - value: b'\x00\x00\x00H\x00\x00\x00\x01'
2025-03-14 13:54:53,504 - DEBUG -   tag: YResolution (283) - type: rational (5) Tag Location: 58 - Data Location: 106 - value: b'\x00\x00\x00H\x00\x00\x00\x01'
2025-03-14 13:54:53,504 - DEBUG -   tag: ResolutionUnit (296) - type: short (3) - value: b'\x00\x02'
2025-03-14 13:54:53,504 - DEBUG -   tag: YCbCrPositioning (531) - type: short (3) - value: b'\x00\x01'
2025-03-14 13:54:53,504 - DEBUG -   tag: ExifIFD (34665) - type: long (4) - value: b'\x00\x00\x00r'
2025-03-14 13:54:55,221 - DEBUG -   Completed channels analysis in 1.72s
2025-03-14 13:54:55,221 - INFO - [143.17s]   [143.17s]   Progress: 5/12 analysis steps completed (41.7%)
2025-03-14 13:54:55,221 - DEBUG -   Starting binwalk analysis...
2025-03-14 13:54:55,291 - DEBUG -   Completed binwalk analysis in 0.07s
2025-03-14 13:54:55,292 - INFO - [143.24s]   [143.24s]   Progress: 6/12 analysis steps completed (50.0%)
2025-03-14 13:54:55,292 - DEBUG -   Starting icc_profile analysis...
2025-03-14 13:54:55,292 - DEBUG -   tag: PhotometricInterpretation (262) - type: short (3) - value: b'\x00\x02'
2025-03-14 13:54:55,292 - DEBUG -   tag: Orientation (274) - type: short (3) - value: b'\x00\x01'
2025-03-14 13:54:55,292 - DEBUG -   tag: XResolution (282) - type: rational (5) Tag Location: 46 - Data Location: 98 - value: b'\x00\x00\x00H\x00\x00\x00\x01'
2025-03-14 13:54:55,292 - DEBUG -   tag: YResolution (283) - type: rational (5) Tag Location: 58 - Data Location: 106 - value: b'\x00\x00\x00H\x00\x00\x00\x01'
2025-03-14 13:54:55,292 - DEBUG -   tag: ResolutionUnit (296) - type: short (3) - value: b'\x00\x02'
2025-03-14 13:54:55,292 - DEBUG -   tag: YCbCrPositioning (531) - type: short (3) - value: b'\x00\x01'
2025-03-14 13:54:55,292 - DEBUG -   tag: ExifIFD (34665) - type: long (4) - value: b'\x00\x00\x00r'
2025-03-14 13:54:55,292 - DEBUG -   Completed icc_profile analysis in 0.00s
2025-03-14 13:54:55,292 - INFO - [143.24s]   [143.24s]   Progress: 7/12 analysis steps completed (58.3%)
2025-03-14 13:54:55,292 - DEBUG -   Starting zip_signatures analysis...
2025-03-14 13:54:55,541 - DEBUG -   Completed zip_signatures analysis in 0.25s
2025-03-14 13:54:55,541 - INFO - [143.49s]   [143.49s]   Progress: 8/12 analysis steps completed (66.7%)
2025-03-14 13:54:55,541 - DEBUG -   Starting appended_data analysis...
2025-03-14 13:54:55,541 - INFO - [143.49s]   [143.49s]   Checking for appended data...
2025-03-14 13:54:55,541 - DEBUG -   Starting Reading file...
2025-03-14 13:54:55,542 - DEBUG -   Read 3,100,426 bytes
2025-03-14 13:54:55,542 - DEBUG -   Completed Reading file in 0.00s
2025-03-14 13:54:55,542 - DEBUG -   Starting Analyzing file format...
2025-03-14 13:54:55,723 - DEBUG -   Found 1 EOI markers
2025-03-14 13:54:55,723 - DEBUG -   Completed Analyzing file format in 0.18s
2025-03-14 13:54:55,723 - INFO - [143.67s]   [143.67s]   No appended data found
2025-03-14 13:54:55,723 - DEBUG -   Completed appended_data analysis in 0.18s
2025-03-14 13:54:55,723 - INFO - [143.67s]   [143.67s]   Progress: 9/12 analysis steps completed (75.0%)
2025-03-14 13:54:55,723 - DEBUG -   Starting histogram analysis...
2025-03-14 13:54:55,723 - DEBUG -   tag: PhotometricInterpretation (262) - type: short (3) - value: b'\x00\x02'
2025-03-14 13:54:55,724 - DEBUG -   tag: Orientation (274) - type: short (3) - value: b'\x00\x01'
2025-03-14 13:54:55,724 - DEBUG -   tag: XResolution (282) - type: rational (5) Tag Location: 46 - Data Location: 98 - value: b'\x00\x00\x00H\x00\x00\x00\x01'
2025-03-14 13:54:55,724 - DEBUG -   tag: YResolution (283) - type: rational (5) Tag Location: 58 - Data Location: 106 - value: b'\x00\x00\x00H\x00\x00\x00\x01'
2025-03-14 13:54:55,724 - DEBUG -   tag: ResolutionUnit (296) - type: short (3) - value: b'\x00\x02'
2025-03-14 13:54:55,724 - DEBUG -   tag: YCbCrPositioning (531) - type: short (3) - value: b'\x00\x01'
2025-03-14 13:54:55,724 - DEBUG -   tag: ExifIFD (34665) - type: long (4) - value: b'\x00\x00\x00r'
2025-03-14 13:54:56,560 - DEBUG -   Completed histogram analysis in 0.84s
2025-03-14 13:54:56,560 - INFO - [144.51s]   [144.51s]   Progress: 10/12 analysis steps completed (83.3%)
2025-03-14 13:54:56,560 - DEBUG -   Starting jpeg_comments analysis...
2025-03-14 13:54:56,560 - INFO - [144.51s]   [144.51s]   Checking JPEG comment segments...
2025-03-14 13:54:56,560 - DEBUG -   Starting Reading JPEG file...
2025-03-14 13:54:56,561 - DEBUG -   Completed Reading JPEG file in 0.00s
2025-03-14 13:54:56,561 - DEBUG -   Starting Analyzing comment segments...
2025-03-14 13:54:56,751 - DEBUG -   Completed Analyzing comment segments in 0.19s
2025-03-14 13:54:56,751 - INFO - [144.70s]   [144.70s]   No suspicious patterns found in JPEG comments
2025-03-14 13:54:56,751 - DEBUG -   Completed jpeg_comments analysis in 0.19s
2025-03-14 13:54:56,751 - INFO - [144.70s]   [144.70s]   Progress: 11/12 analysis steps completed (91.7%)
2025-03-14 13:54:56,751 - DEBUG -   Starting large_metadata analysis...
2025-03-14 13:54:56,751 - INFO - [144.70s]   [144.70s]   Checking for large metadata fields...
2025-03-14 13:54:56,751 - DEBUG -   Starting Reading metadata...
2025-03-14 13:54:56,752 - DEBUG -   JPEG format recognized data[0:2]=0xFFD8
2025-03-14 13:54:56,752 - DEBUG -   data[2]=0xFF data[3]=0xE1 data[6:10]=b'Exif'
2025-03-14 13:54:56,752 - DEBUG -    Segment base 0x2
2025-03-14 13:54:56,752 - DEBUG -     APP1 at base 0x2
2025-03-14 13:54:56,752 - DEBUG -     Length: 0xF 0x38
2025-03-14 13:54:56,752 - DEBUG -     Code: b'Exif'
2025-03-14 13:54:56,752 - DEBUG -     Decrement base by 2 to get to pre-segment header (for compatibility with later code)
2025-03-14 13:54:56,752 - DEBUG -   Endian format is M (Motorola)
2025-03-14 13:54:56,752 - DEBUG -   IFD 0 (Image) at offset 8:
2025-03-14 13:54:56,752 - DEBUG -    PhotometricInterpretation: (0x0106) Short=2 @ 18
2025-03-14 13:54:56,752 - DEBUG -    Orientation: (0x0112) Short=Horizontal (normal) @ 30
2025-03-14 13:54:56,752 - DEBUG -    XResolution: (0x011A) Ratio=72 @ 98
2025-03-14 13:54:56,752 - DEBUG -    YResolution: (0x011B) Ratio=72 @ 106
2025-03-14 13:54:56,752 - DEBUG -    ResolutionUnit: (0x0128) Short=Pixels/Inch @ 66
2025-03-14 13:54:56,752 - DEBUG -    YCbCrPositioning: (0x0213) Short=Centered @ 78
2025-03-14 13:54:56,752 - DEBUG -    ExifOffset: (0x8769) Long=114 @ 90
2025-03-14 13:54:56,752 - DEBUG -   Exif SubIFD at offset 114:
2025-03-14 13:54:56,752 - DEBUG -    ExifVersion: (0x9000) Undefined=0221 @ 124
2025-03-14 13:54:56,752 - DEBUG -    ComponentsConfiguration: (0x9101) Undefined=YCbCr @ 136
2025-03-14 13:54:56,752 - DEBUG -    UserComment: (0x9286) Undefined= @ 216
2025-03-14 13:54:56,752 - DEBUG -    FlashPixVersion: (0xA000) Undefined=0100 @ 160
2025-03-14 13:54:56,752 - DEBUG -    ColorSpace: (0xA001) Short=sRGB @ 172
2025-03-14 13:54:56,752 - DEBUG -    ExifImageWidth: (0xA002) Long=2265 @ 184
2025-03-14 13:54:56,752 - DEBUG -    ExifImageLength: (0xA003) Long=1600 @ 196
2025-03-14 13:54:56,752 - DEBUG -    SceneCaptureType: (0xA406) Short=Standard @ 208
2025-03-14 13:54:56,752 - DEBUG -   Found 15 metadata tags
2025-03-14 13:54:56,752 - DEBUG -   Completed Reading metadata in 0.00s
2025-03-14 13:54:56,752 - DEBUG -   Starting Analyzing metadata fields...
2025-03-14 13:54:56,752 - DEBUG -   Completed Analyzing metadata fields in 0.00s
2025-03-14 13:54:56,752 - INFO - [144.70s]   [144.70s]   No suspicious large metadata fields found
2025-03-14 13:54:56,752 - DEBUG -   Completed large_metadata analysis in 0.00s
2025-03-14 13:54:56,752 - INFO - [144.70s]   [144.70s]   Progress: 12/12 analysis steps completed (100.0%)
2025-03-14 13:54:56,752 - INFO - [144.70s]   [144.70s]   Analysis complete - 0 total findings
2025-03-14 13:54:56,752 - INFO - [144.70s]   [144.70s]   Completed Analyzing yews_2025-03-14_ICE__U.S._Immigrant_Jails_Overflowing_3-13-25-10AM-3.jpg in 18.85s
2025-03-14 13:54:56,752 - INFO - [144.70s]   [144.70s]   Completed Analyzing yews_2025-03-14_ICE__U.S._Immigrant_Jails_Overflowing_3-13-25-10AM-3.jpg in 18.85s
2025-03-14 13:54:56,752 - INFO - [144.70s]   [144.70s]   
Analyzing file 24/30: /Users/adam/Git/stego_tools/yews_images/yews_news/2025-03-14/yews_2025-03-14_New_Distraction-Free_Phone_Unveiled_3-13-25-8PM-7.jpg
2025-03-14 13:54:56,752 - INFO - [144.70s]   [144.70s]   Starting Analyzing yews_2025-03-14_New_Distraction-Free_Phone_Unveiled_3-13-25-8PM-7.jpg...
2025-03-14 13:54:56,752 - INFO - [144.70s]   [144.70s]   Starting Analyzing yews_2025-03-14_New_Distraction-Free_Phone_Unveiled_3-13-25-8PM-7.jpg...
2025-03-14 13:54:56,753 - INFO - [144.70s]   [144.70s]   File size: 651,838 bytes
2025-03-14 13:54:56,753 - DEBUG -   Starting metadata analysis...
2025-03-14 13:54:56,753 - INFO - [144.70s]   [144.70s]   Checking metadata...
2025-03-14 13:54:56,753 - DEBUG -   Starting Reading EXIF data...
2025-03-14 13:54:56,755 - DEBUG -   JPEG format recognized data[0:2]=0xFFD8
2025-03-14 13:54:56,755 - DEBUG -   data[2]=0xFF data[3]=0xE1 data[6:10]=b'Exif'
2025-03-14 13:54:56,755 - DEBUG -    Segment base 0x2
2025-03-14 13:54:56,756 - DEBUG -     APP1 at base 0x2
2025-03-14 13:54:56,756 - DEBUG -     Length: 0xF 0xFE
2025-03-14 13:54:56,756 - DEBUG -     Code: b'Exif'
2025-03-14 13:54:56,757 - DEBUG -     Decrement base by 2 to get to pre-segment header (for compatibility with later code)
2025-03-14 13:54:56,757 - DEBUG -   Endian format is M (Motorola)
2025-03-14 13:54:56,757 - DEBUG -   IFD 0 (Image) at offset 8:
2025-03-14 13:54:56,767 - DEBUG -    Orientation: (0x0112) Short=Horizontal (normal) @ 18
2025-03-14 13:54:56,767 - DEBUG -    XResolution: (0x011A) Ratio=96 @ 86
2025-03-14 13:54:56,769 - DEBUG -    YResolution: (0x011B) Ratio=96 @ 94
2025-03-14 13:54:56,769 - DEBUG -    ResolutionUnit: (0x0128) Short=Pixels/Inch @ 54
2025-03-14 13:54:56,769 - DEBUG -    YCbCrPositioning: (0x0213) Short=Centered @ 66
2025-03-14 13:54:56,769 - DEBUG -    ExifOffset: (0x8769) Long=102 @ 78
2025-03-14 13:54:56,769 - DEBUG -   Exif SubIFD at offset 102:
2025-03-14 13:54:56,769 - DEBUG -    ExifVersion: (0x9000) Undefined=0221 @ 112
2025-03-14 13:54:56,769 - DEBUG -    ComponentsConfiguration: (0x9101) Undefined=YCbCr @ 124
2025-03-14 13:54:56,769 - DEBUG -    FlashPixVersion: (0xA000) Undefined=0100 @ 136
2025-03-14 13:54:56,769 - DEBUG -    ColorSpace: (0xA001) Short=sRGB @ 148
2025-03-14 13:54:56,769 - DEBUG -    ExifImageWidth: (0xA002) Long=1065 @ 160
2025-03-14 13:54:56,769 - DEBUG -    ExifImageLength: (0xA003) Long=1469 @ 172
2025-03-14 13:54:56,770 - DEBUG -    SceneCaptureType: (0xA406) Short=Standard @ 184
2025-03-14 13:54:56,770 - DEBUG -   Found 13 EXIF tags
2025-03-14 13:54:56,770 - DEBUG -   Completed Reading EXIF data in 0.02s
2025-03-14 13:54:56,770 - DEBUG -   Starting Analyzing metadata content...
2025-03-14 13:54:56,771 - INFO - [144.72s]   [144.72s]   No suspicious patterns found in metadata
2025-03-14 13:54:56,771 - DEBUG -   Completed Analyzing metadata content in 0.00s
2025-03-14 13:54:56,771 - DEBUG -   Completed metadata analysis in 0.02s
2025-03-14 13:54:56,771 - INFO - [144.72s]   [144.72s]   Progress: 1/12 analysis steps completed (8.3%)
2025-03-14 13:54:56,771 - DEBUG -   Starting raw_bytes analysis...
2025-03-14 13:54:56,771 - INFO - [144.72s]   [144.72s]   Checking raw bytes...
2025-03-14 13:54:56,772 - DEBUG -   Starting Reading file content...
2025-03-14 13:54:56,773 - DEBUG -   Read 651,838 bytes
2025-03-14 13:54:56,773 - DEBUG -   Completed Reading file content in 0.00s
2025-03-14 13:54:56,773 - DEBUG -   Starting Analyzing ASCII content...
2025-03-14 13:54:56,786 - DEBUG -   Completed Analyzing ASCII content in 0.01s
2025-03-14 13:54:56,786 - DEBUG -   Starting Analyzing hex content...
2025-03-14 13:54:56,788 - DEBUG -   Completed Analyzing hex content in 0.00s
2025-03-14 13:54:56,788 - DEBUG -   Starting Checking base64 variants...
2025-03-14 13:54:56,803 - DEBUG -   Completed Checking base64 variants in 0.02s
2025-03-14 13:54:56,803 - DEBUG -   Starting Analyzing suspicious patterns...
2025-03-14 13:54:57,015 - WARNING - [144.96s]   [144.96s]   Suspicious substring in raw data: Steganography tool reference: f5
2025-03-14 13:54:57,015 - DEBUG -   Completed Analyzing suspicious patterns in 0.21s
2025-03-14 13:54:57,015 - INFO - [144.96s]   [144.96s]   Found 1 suspicious patterns in raw bytes
2025-03-14 13:54:57,016 - DEBUG -   Completed raw_bytes analysis in 0.24s
2025-03-14 13:54:57,016 - INFO - [144.96s]   [144.96s]   Progress: 2/12 analysis steps completed (16.7%)
2025-03-14 13:54:57,016 - DEBUG -   Starting binary_patterns analysis...
2025-03-14 13:54:57,638 - DEBUG -   Completed binary_patterns analysis in 0.62s
2025-03-14 13:54:57,638 - INFO - [145.58s]   [145.58s]   Progress: 3/12 analysis steps completed (25.0%)
2025-03-14 13:54:57,638 - DEBUG -   Starting lsb analysis...
2025-03-14 13:54:57,638 - DEBUG -   tag: Orientation (274) - type: short (3) - value: b'\x00\x01'
2025-03-14 13:54:57,638 - DEBUG -   tag: XResolution (282) - type: rational (5) Tag Location: 34 - Data Location: 86 - value: b'\x00\x00\x00`\x00\x00\x00\x01'
2025-03-14 13:54:57,638 - DEBUG -   tag: YResolution (283) - type: rational (5) Tag Location: 46 - Data Location: 94 - value: b'\x00\x00\x00`\x00\x00\x00\x01'
2025-03-14 13:54:57,638 - DEBUG -   tag: ResolutionUnit (296) - type: short (3) - value: b'\x00\x02'
2025-03-14 13:54:57,638 - DEBUG -   tag: YCbCrPositioning (531) - type: short (3) - value: b'\x00\x01'
2025-03-14 13:54:57,638 - DEBUG -   tag: ExifIFD (34665) - type: long (4) - value: b'\x00\x00\x00f'
2025-03-14 13:55:02,397 - DEBUG -   Completed lsb analysis in 4.76s
2025-03-14 13:55:02,397 - INFO - [150.34s]   [150.34s]   Progress: 4/12 analysis steps completed (33.3%)
2025-03-14 13:55:02,397 - DEBUG -   Starting channels analysis...
2025-03-14 13:55:02,397 - DEBUG -   tag: Orientation (274) - type: short (3) - value: b'\x00\x01'
2025-03-14 13:55:02,397 - DEBUG -   tag: XResolution (282) - type: rational (5) Tag Location: 34 - Data Location: 86 - value: b'\x00\x00\x00`\x00\x00\x00\x01'
2025-03-14 13:55:02,397 - DEBUG -   tag: YResolution (283) - type: rational (5) Tag Location: 46 - Data Location: 94 - value: b'\x00\x00\x00`\x00\x00\x00\x01'
2025-03-14 13:55:02,397 - DEBUG -   tag: ResolutionUnit (296) - type: short (3) - value: b'\x00\x02'
2025-03-14 13:55:02,397 - DEBUG -   tag: YCbCrPositioning (531) - type: short (3) - value: b'\x00\x01'
2025-03-14 13:55:02,397 - DEBUG -   tag: ExifIFD (34665) - type: long (4) - value: b'\x00\x00\x00f'
2025-03-14 13:55:03,126 - DEBUG -   Completed channels analysis in 0.73s
2025-03-14 13:55:03,126 - INFO - [151.07s]   [151.07s]   Progress: 5/12 analysis steps completed (41.7%)
2025-03-14 13:55:03,126 - DEBUG -   Starting binwalk analysis...
2025-03-14 13:55:03,148 - DEBUG -   Completed binwalk analysis in 0.02s
2025-03-14 13:55:03,148 - INFO - [151.09s]   [151.09s]   Progress: 6/12 analysis steps completed (50.0%)
2025-03-14 13:55:03,148 - DEBUG -   Starting icc_profile analysis...
2025-03-14 13:55:03,148 - DEBUG -   tag: Orientation (274) - type: short (3) - value: b'\x00\x01'
2025-03-14 13:55:03,148 - DEBUG -   tag: XResolution (282) - type: rational (5) Tag Location: 34 - Data Location: 86 - value: b'\x00\x00\x00`\x00\x00\x00\x01'
2025-03-14 13:55:03,148 - DEBUG -   tag: YResolution (283) - type: rational (5) Tag Location: 46 - Data Location: 94 - value: b'\x00\x00\x00`\x00\x00\x00\x01'
2025-03-14 13:55:03,148 - DEBUG -   tag: ResolutionUnit (296) - type: short (3) - value: b'\x00\x02'
2025-03-14 13:55:03,148 - DEBUG -   tag: YCbCrPositioning (531) - type: short (3) - value: b'\x00\x01'
2025-03-14 13:55:03,148 - DEBUG -   tag: ExifIFD (34665) - type: long (4) - value: b'\x00\x00\x00f'
2025-03-14 13:55:03,149 - DEBUG -   Completed icc_profile analysis in 0.00s
2025-03-14 13:55:03,149 - INFO - [151.10s]   [151.10s]   Progress: 7/12 analysis steps completed (58.3%)
2025-03-14 13:55:03,149 - DEBUG -   Starting zip_signatures analysis...
2025-03-14 13:55:03,200 - DEBUG -   Completed zip_signatures analysis in 0.05s
2025-03-14 13:55:03,200 - INFO - [151.15s]   [151.15s]   Progress: 8/12 analysis steps completed (66.7%)
2025-03-14 13:55:03,200 - DEBUG -   Starting appended_data analysis...
2025-03-14 13:55:03,201 - INFO - [151.15s]   [151.15s]   Checking for appended data...
2025-03-14 13:55:03,201 - DEBUG -   Starting Reading file...
2025-03-14 13:55:03,201 - DEBUG -   Read 651,838 bytes
2025-03-14 13:55:03,201 - DEBUG -   Completed Reading file in 0.00s
2025-03-14 13:55:03,201 - DEBUG -   Starting Analyzing file format...
2025-03-14 13:55:03,239 - DEBUG -   Found 1 EOI markers
2025-03-14 13:55:03,240 - DEBUG -   Completed Analyzing file format in 0.04s
2025-03-14 13:55:03,240 - INFO - [151.19s]   [151.19s]   No appended data found
2025-03-14 13:55:03,240 - DEBUG -   Completed appended_data analysis in 0.04s
2025-03-14 13:55:03,240 - INFO - [151.19s]   [151.19s]   Progress: 9/12 analysis steps completed (75.0%)
2025-03-14 13:55:03,240 - DEBUG -   Starting histogram analysis...
2025-03-14 13:55:03,240 - DEBUG -   tag: Orientation (274) - type: short (3) - value: b'\x00\x01'
2025-03-14 13:55:03,240 - DEBUG -   tag: XResolution (282) - type: rational (5) Tag Location: 34 - Data Location: 86 - value: b'\x00\x00\x00`\x00\x00\x00\x01'
2025-03-14 13:55:03,240 - DEBUG -   tag: YResolution (283) - type: rational (5) Tag Location: 46 - Data Location: 94 - value: b'\x00\x00\x00`\x00\x00\x00\x01'
2025-03-14 13:55:03,240 - DEBUG -   tag: ResolutionUnit (296) - type: short (3) - value: b'\x00\x02'
2025-03-14 13:55:03,240 - DEBUG -   tag: YCbCrPositioning (531) - type: short (3) - value: b'\x00\x01'
2025-03-14 13:55:03,240 - DEBUG -   tag: ExifIFD (34665) - type: long (4) - value: b'\x00\x00\x00f'
2025-03-14 13:55:03,574 - DEBUG -   Completed histogram analysis in 0.33s
2025-03-14 13:55:03,574 - INFO - [151.52s]   [151.52s]   Progress: 10/12 analysis steps completed (83.3%)
2025-03-14 13:55:03,575 - DEBUG -   Starting jpeg_comments analysis...
2025-03-14 13:55:03,575 - INFO - [151.52s]   [151.52s]   Checking JPEG comment segments...
2025-03-14 13:55:03,575 - DEBUG -   Starting Reading JPEG file...
2025-03-14 13:55:03,575 - DEBUG -   Completed Reading JPEG file in 0.00s
2025-03-14 13:55:03,575 - DEBUG -   Starting Analyzing comment segments...
2025-03-14 13:55:03,615 - DEBUG -   Completed Analyzing comment segments in 0.04s
2025-03-14 13:55:03,615 - INFO - [151.56s]   [151.56s]   No suspicious patterns found in JPEG comments
2025-03-14 13:55:03,615 - DEBUG -   Completed jpeg_comments analysis in 0.04s
2025-03-14 13:55:03,615 - INFO - [151.56s]   [151.56s]   Progress: 11/12 analysis steps completed (91.7%)
2025-03-14 13:55:03,615 - DEBUG -   Starting large_metadata analysis...
2025-03-14 13:55:03,615 - INFO - [151.56s]   [151.56s]   Checking for large metadata fields...
2025-03-14 13:55:03,615 - DEBUG -   Starting Reading metadata...
2025-03-14 13:55:03,615 - DEBUG -   JPEG format recognized data[0:2]=0xFFD8
2025-03-14 13:55:03,615 - DEBUG -   data[2]=0xFF data[3]=0xE1 data[6:10]=b'Exif'
2025-03-14 13:55:03,615 - DEBUG -    Segment base 0x2
2025-03-14 13:55:03,615 - DEBUG -     APP1 at base 0x2
2025-03-14 13:55:03,615 - DEBUG -     Length: 0xF 0xFE
2025-03-14 13:55:03,616 - DEBUG -     Code: b'Exif'
2025-03-14 13:55:03,616 - DEBUG -     Decrement base by 2 to get to pre-segment header (for compatibility with later code)
2025-03-14 13:55:03,616 - DEBUG -   Endian format is M (Motorola)
2025-03-14 13:55:03,616 - DEBUG -   IFD 0 (Image) at offset 8:
2025-03-14 13:55:03,616 - DEBUG -    Orientation: (0x0112) Short=Horizontal (normal) @ 18
2025-03-14 13:55:03,616 - DEBUG -    XResolution: (0x011A) Ratio=96 @ 86
2025-03-14 13:55:03,616 - DEBUG -    YResolution: (0x011B) Ratio=96 @ 94
2025-03-14 13:55:03,616 - DEBUG -    ResolutionUnit: (0x0128) Short=Pixels/Inch @ 54
2025-03-14 13:55:03,616 - DEBUG -    YCbCrPositioning: (0x0213) Short=Centered @ 66
2025-03-14 13:55:03,616 - DEBUG -    ExifOffset: (0x8769) Long=102 @ 78
2025-03-14 13:55:03,616 - DEBUG -   Exif SubIFD at offset 102:
2025-03-14 13:55:03,616 - DEBUG -    ExifVersion: (0x9000) Undefined=0221 @ 112
2025-03-14 13:55:03,616 - DEBUG -    ComponentsConfiguration: (0x9101) Undefined=YCbCr @ 124
2025-03-14 13:55:03,616 - DEBUG -    FlashPixVersion: (0xA000) Undefined=0100 @ 136
2025-03-14 13:55:03,616 - DEBUG -    ColorSpace: (0xA001) Short=sRGB @ 148
2025-03-14 13:55:03,616 - DEBUG -    ExifImageWidth: (0xA002) Long=1065 @ 160
2025-03-14 13:55:03,616 - DEBUG -    ExifImageLength: (0xA003) Long=1469 @ 172
2025-03-14 13:55:03,616 - DEBUG -    SceneCaptureType: (0xA406) Short=Standard @ 184
2025-03-14 13:55:03,616 - DEBUG -   Found 13 metadata tags
2025-03-14 13:55:03,616 - DEBUG -   Completed Reading metadata in 0.00s
2025-03-14 13:55:03,616 - DEBUG -   Starting Analyzing metadata fields...
2025-03-14 13:55:03,616 - DEBUG -   Completed Analyzing metadata fields in 0.00s
2025-03-14 13:55:03,616 - INFO - [151.56s]   [151.56s]   No suspicious large metadata fields found
2025-03-14 13:55:03,616 - DEBUG -   Completed large_metadata analysis in 0.00s
2025-03-14 13:55:03,616 - INFO - [151.56s]   [151.56s]   Progress: 12/12 analysis steps completed (100.0%)
2025-03-14 13:55:03,616 - INFO - [151.56s]   [151.56s]   Analysis complete - 0 total findings
2025-03-14 13:55:03,616 - INFO - [151.56s]   [151.56s]   Completed Analyzing yews_2025-03-14_New_Distraction-Free_Phone_Unveiled_3-13-25-8PM-7.jpg in 6.86s
2025-03-14 13:55:03,616 - INFO - [151.56s]   [151.56s]   Completed Analyzing yews_2025-03-14_New_Distraction-Free_Phone_Unveiled_3-13-25-8PM-7.jpg in 6.86s
2025-03-14 13:55:03,616 - INFO - [151.56s]   [151.56s]   
Analyzing file 25/30: /Users/adam/Git/stego_tools/yews_images/yews_news/2025-03-14/yews_2025-03-14_China_s_AI_Robots_Outpacing_U.S._3-13-25-8PM-8.jpg
2025-03-14 13:55:03,616 - INFO - [151.56s]   [151.56s]   Starting Analyzing yews_2025-03-14_China_s_AI_Robots_Outpacing_U.S._3-13-25-8PM-8.jpg...
2025-03-14 13:55:03,616 - INFO - [151.56s]   [151.56s]   Starting Analyzing yews_2025-03-14_China_s_AI_Robots_Outpacing_U.S._3-13-25-8PM-8.jpg...
2025-03-14 13:55:03,616 - INFO - [151.56s]   [151.56s]   File size: 567,384 bytes
2025-03-14 13:55:03,616 - DEBUG -   Starting metadata analysis...
2025-03-14 13:55:03,616 - INFO - [151.56s]   [151.56s]   Checking metadata...
2025-03-14 13:55:03,616 - DEBUG -   Starting Reading EXIF data...
2025-03-14 13:55:03,618 - DEBUG -   JPEG format recognized data[0:2]=0xFFD8
2025-03-14 13:55:03,618 - DEBUG -   data[2]=0xFF data[3]=0xE1 data[6:10]=b'Exif'
2025-03-14 13:55:03,618 - DEBUG -    Segment base 0x2
2025-03-14 13:55:03,618 - DEBUG -     APP1 at base 0x2
2025-03-14 13:55:03,618 - DEBUG -     Length: 0xF 0xFE
2025-03-14 13:55:03,618 - DEBUG -     Code: b'Exif'
2025-03-14 13:55:03,618 - DEBUG -     Decrement base by 2 to get to pre-segment header (for compatibility with later code)
2025-03-14 13:55:03,618 - DEBUG -   Endian format is M (Motorola)
2025-03-14 13:55:03,618 - DEBUG -   IFD 0 (Image) at offset 8:
2025-03-14 13:55:03,618 - DEBUG -    Orientation: (0x0112) Short=Horizontal (normal) @ 18
2025-03-14 13:55:03,618 - DEBUG -    XResolution: (0x011A) Ratio=300 @ 110
2025-03-14 13:55:03,618 - DEBUG -    YResolution: (0x011B) Ratio=300 @ 118
2025-03-14 13:55:03,618 - DEBUG -    ResolutionUnit: (0x0128) Short=Pixels/Inch @ 54
2025-03-14 13:55:03,618 - DEBUG -    Software: (0x0131) ASCII=Adobe Photoshop Elements 2.0 @ 126
2025-03-14 13:55:03,618 - DEBUG -    DateTime: (0x0132) ASCII=2005:01:25 11:55:59 @ 156
2025-03-14 13:55:03,618 - DEBUG -    YCbCrPositioning: (0x0213) Short=Centered @ 90
2025-03-14 13:55:03,618 - DEBUG -    ExifOffset: (0x8769) Long=176 @ 102
2025-03-14 13:55:03,618 - DEBUG -   Exif SubIFD at offset 176:
2025-03-14 13:55:03,618 - DEBUG -    ExifVersion: (0x9000) Undefined=0221 @ 186
2025-03-14 13:55:03,618 - DEBUG -    ComponentsConfiguration: (0x9101) Undefined=YCbCr @ 198
2025-03-14 13:55:03,618 - DEBUG -    FlashPixVersion: (0xA000) Undefined=0100 @ 210
2025-03-14 13:55:03,618 - DEBUG -    ColorSpace: (0xA001) Short=Uncalibrated @ 222
2025-03-14 13:55:03,618 - DEBUG -    ExifImageWidth: (0xA002) Long=1063 @ 234
2025-03-14 13:55:03,618 - DEBUG -    ExifImageLength: (0xA003) Long=1382 @ 246
2025-03-14 13:55:03,618 - DEBUG -    SceneCaptureType: (0xA406) Short=Standard @ 258
2025-03-14 13:55:03,618 - DEBUG -   Found 15 EXIF tags
2025-03-14 13:55:03,618 - DEBUG -   Completed Reading EXIF data in 0.00s
2025-03-14 13:55:03,618 - DEBUG -   Starting Analyzing metadata content...
2025-03-14 13:55:03,618 - INFO - [151.57s]   [151.57s]   No suspicious patterns found in metadata
2025-03-14 13:55:03,618 - DEBUG -   Completed Analyzing metadata content in 0.00s
2025-03-14 13:55:03,618 - DEBUG -   Completed metadata analysis in 0.00s
2025-03-14 13:55:03,618 - INFO - [151.57s]   [151.57s]   Progress: 1/12 analysis steps completed (8.3%)
2025-03-14 13:55:03,618 - DEBUG -   Starting raw_bytes analysis...
2025-03-14 13:55:03,618 - INFO - [151.57s]   [151.57s]   Checking raw bytes...
2025-03-14 13:55:03,618 - DEBUG -   Starting Reading file content...
2025-03-14 13:55:03,619 - DEBUG -   Read 567,384 bytes
2025-03-14 13:55:03,619 - DEBUG -   Completed Reading file content in 0.00s
2025-03-14 13:55:03,619 - DEBUG -   Starting Analyzing ASCII content...
2025-03-14 13:55:03,623 - DEBUG -   Completed Analyzing ASCII content in 0.00s
2025-03-14 13:55:03,623 - DEBUG -   Starting Analyzing hex content...
2025-03-14 13:55:03,625 - DEBUG -   Completed Analyzing hex content in 0.00s
2025-03-14 13:55:03,625 - DEBUG -   Starting Checking base64 variants...
2025-03-14 13:55:03,627 - DEBUG -   Completed Checking base64 variants in 0.00s
2025-03-14 13:55:03,627 - DEBUG -   Starting Analyzing suspicious patterns...
2025-03-14 13:55:03,688 - WARNING - [151.63s]   [151.63s]   Suspicious substring in raw data: Steganography tool reference: f5
2025-03-14 13:55:03,688 - DEBUG -   Completed Analyzing suspicious patterns in 0.06s
2025-03-14 13:55:03,688 - INFO - [151.63s]   [151.63s]   Found 1 suspicious patterns in raw bytes
2025-03-14 13:55:03,688 - DEBUG -   Completed raw_bytes analysis in 0.07s
2025-03-14 13:55:03,688 - INFO - [151.64s]   [151.64s]   Progress: 2/12 analysis steps completed (16.7%)
2025-03-14 13:55:03,688 - DEBUG -   Starting binary_patterns analysis...
2025-03-14 13:55:04,220 - DEBUG -   Completed binary_patterns analysis in 0.53s
2025-03-14 13:55:04,220 - INFO - [152.17s]   [152.17s]   Progress: 3/12 analysis steps completed (25.0%)
2025-03-14 13:55:04,221 - DEBUG -   Starting lsb analysis...
2025-03-14 13:55:04,221 - DEBUG -   tag: Orientation (274) - type: short (3) - value: b'\x00\x01'
2025-03-14 13:55:04,221 - DEBUG -   tag: XResolution (282) - type: rational (5) Tag Location: 34 - Data Location: 110 - value: b'\x00\x00\x01,\x00\x00\x00\x01'
2025-03-14 13:55:04,221 - DEBUG -   tag: YResolution (283) - type: rational (5) Tag Location: 46 - Data Location: 118 - value: b'\x00\x00\x01,\x00\x00\x00\x01'
2025-03-14 13:55:04,221 - DEBUG -   tag: ResolutionUnit (296) - type: short (3) - value: b'\x00\x02'
2025-03-14 13:55:04,221 - DEBUG -   tag: Software (305) - type: string (2) Tag Location: 70 - Data Location: 126 - value: b'Adobe Photoshop Elements 2.0\x00'
2025-03-14 13:55:04,221 - DEBUG -   tag: DateTime (306) - type: string (2) Tag Location: 82 - Data Location: 156 - value: b'2005:01:25 11:55:59\x00'
2025-03-14 13:55:04,221 - DEBUG -   tag: YCbCrPositioning (531) - type: short (3) - value: b'\x00\x01'
2025-03-14 13:55:04,221 - DEBUG -   tag: ExifIFD (34665) - type: long (4) - value: b'\x00\x00\x00\xb0'
2025-03-14 13:55:07,549 - DEBUG -   Completed lsb analysis in 3.33s
2025-03-14 13:55:07,549 - INFO - [155.50s]   [155.50s]   Progress: 4/12 analysis steps completed (33.3%)
2025-03-14 13:55:07,549 - DEBUG -   Starting channels analysis...
2025-03-14 13:55:07,550 - DEBUG -   tag: Orientation (274) - type: short (3) - value: b'\x00\x01'
2025-03-14 13:55:07,550 - DEBUG -   tag: XResolution (282) - type: rational (5) Tag Location: 34 - Data Location: 110 - value: b'\x00\x00\x01,\x00\x00\x00\x01'
2025-03-14 13:55:07,550 - DEBUG -   tag: YResolution (283) - type: rational (5) Tag Location: 46 - Data Location: 118 - value: b'\x00\x00\x01,\x00\x00\x00\x01'
2025-03-14 13:55:07,550 - DEBUG -   tag: ResolutionUnit (296) - type: short (3) - value: b'\x00\x02'
2025-03-14 13:55:07,550 - DEBUG -   tag: Software (305) - type: string (2) Tag Location: 70 - Data Location: 126 - value: b'Adobe Photoshop Elements 2.0\x00'
2025-03-14 13:55:07,550 - DEBUG -   tag: DateTime (306) - type: string (2) Tag Location: 82 - Data Location: 156 - value: b'2005:01:25 11:55:59\x00'
2025-03-14 13:55:07,550 - DEBUG -   tag: YCbCrPositioning (531) - type: short (3) - value: b'\x00\x01'
2025-03-14 13:55:07,550 - DEBUG -   tag: ExifIFD (34665) - type: long (4) - value: b'\x00\x00\x00\xb0'
2025-03-14 13:55:08,032 - DEBUG -   Completed channels analysis in 0.48s
2025-03-14 13:55:08,033 - INFO - [155.98s]   [155.98s]   Progress: 5/12 analysis steps completed (41.7%)
2025-03-14 13:55:08,033 - DEBUG -   Starting binwalk analysis...
2025-03-14 13:55:08,057 - DEBUG -   Completed binwalk analysis in 0.02s
2025-03-14 13:55:08,057 - INFO - [156.00s]   [156.00s]   Progress: 6/12 analysis steps completed (50.0%)
2025-03-14 13:55:08,057 - DEBUG -   Starting icc_profile analysis...
2025-03-14 13:55:08,057 - DEBUG -   tag: Orientation (274) - type: short (3) - value: b'\x00\x01'
2025-03-14 13:55:08,057 - DEBUG -   tag: XResolution (282) - type: rational (5) Tag Location: 34 - Data Location: 110 - value: b'\x00\x00\x01,\x00\x00\x00\x01'
2025-03-14 13:55:08,057 - DEBUG -   tag: YResolution (283) - type: rational (5) Tag Location: 46 - Data Location: 118 - value: b'\x00\x00\x01,\x00\x00\x00\x01'
2025-03-14 13:55:08,057 - DEBUG -   tag: ResolutionUnit (296) - type: short (3) - value: b'\x00\x02'
2025-03-14 13:55:08,057 - DEBUG -   tag: Software (305) - type: string (2) Tag Location: 70 - Data Location: 126 - value: b'Adobe Photoshop Elements 2.0\x00'
2025-03-14 13:55:08,057 - DEBUG -   tag: DateTime (306) - type: string (2) Tag Location: 82 - Data Location: 156 - value: b'2005:01:25 11:55:59\x00'
2025-03-14 13:55:08,057 - DEBUG -   tag: YCbCrPositioning (531) - type: short (3) - value: b'\x00\x01'
2025-03-14 13:55:08,057 - DEBUG -   tag: ExifIFD (34665) - type: long (4) - value: b'\x00\x00\x00\xb0'
2025-03-14 13:55:08,057 - DEBUG -   Completed icc_profile analysis in 0.00s
2025-03-14 13:55:08,057 - INFO - [156.00s]   [156.00s]   Progress: 7/12 analysis steps completed (58.3%)
2025-03-14 13:55:08,057 - DEBUG -   Starting zip_signatures analysis...
2025-03-14 13:55:08,104 - DEBUG -   Completed zip_signatures analysis in 0.05s
2025-03-14 13:55:08,104 - INFO - [156.05s]   [156.05s]   Progress: 8/12 analysis steps completed (66.7%)
2025-03-14 13:55:08,104 - DEBUG -   Starting appended_data analysis...
2025-03-14 13:55:08,104 - INFO - [156.05s]   [156.05s]   Checking for appended data...
2025-03-14 13:55:08,104 - DEBUG -   Starting Reading file...
2025-03-14 13:55:08,104 - DEBUG -   Read 567,384 bytes
2025-03-14 13:55:08,104 - DEBUG -   Completed Reading file in 0.00s
2025-03-14 13:55:08,104 - DEBUG -   Starting Analyzing file format...
2025-03-14 13:55:08,137 - DEBUG -   Found 1 EOI markers
2025-03-14 13:55:08,137 - DEBUG -   Completed Analyzing file format in 0.03s
2025-03-14 13:55:08,137 - INFO - [156.08s]   [156.08s]   No appended data found
2025-03-14 13:55:08,137 - DEBUG -   Completed appended_data analysis in 0.03s
2025-03-14 13:55:08,137 - INFO - [156.08s]   [156.08s]   Progress: 9/12 analysis steps completed (75.0%)
2025-03-14 13:55:08,137 - DEBUG -   Starting histogram analysis...
2025-03-14 13:55:08,138 - DEBUG -   tag: Orientation (274) - type: short (3) - value: b'\x00\x01'
2025-03-14 13:55:08,138 - DEBUG -   tag: XResolution (282) - type: rational (5) Tag Location: 34 - Data Location: 110 - value: b'\x00\x00\x01,\x00\x00\x00\x01'
2025-03-14 13:55:08,138 - DEBUG -   tag: YResolution (283) - type: rational (5) Tag Location: 46 - Data Location: 118 - value: b'\x00\x00\x01,\x00\x00\x00\x01'
2025-03-14 13:55:08,138 - DEBUG -   tag: ResolutionUnit (296) - type: short (3) - value: b'\x00\x02'
2025-03-14 13:55:08,138 - DEBUG -   tag: Software (305) - type: string (2) Tag Location: 70 - Data Location: 126 - value: b'Adobe Photoshop Elements 2.0\x00'
2025-03-14 13:55:08,138 - DEBUG -   tag: DateTime (306) - type: string (2) Tag Location: 82 - Data Location: 156 - value: b'2005:01:25 11:55:59\x00'
2025-03-14 13:55:08,138 - DEBUG -   tag: YCbCrPositioning (531) - type: short (3) - value: b'\x00\x01'
2025-03-14 13:55:08,138 - DEBUG -   tag: ExifIFD (34665) - type: long (4) - value: b'\x00\x00\x00\xb0'
2025-03-14 13:55:08,370 - DEBUG -   Completed histogram analysis in 0.23s
2025-03-14 13:55:08,370 - INFO - [156.32s]   [156.32s]   Progress: 10/12 analysis steps completed (83.3%)
2025-03-14 13:55:08,370 - DEBUG -   Starting jpeg_comments analysis...
2025-03-14 13:55:08,370 - INFO - [156.32s]   [156.32s]   Checking JPEG comment segments...
2025-03-14 13:55:08,370 - DEBUG -   Starting Reading JPEG file...
2025-03-14 13:55:08,371 - DEBUG -   Completed Reading JPEG file in 0.00s
2025-03-14 13:55:08,371 - DEBUG -   Starting Analyzing comment segments...
2025-03-14 13:55:08,404 - DEBUG -   Completed Analyzing comment segments in 0.03s
2025-03-14 13:55:08,404 - INFO - [156.35s]   [156.35s]   No suspicious patterns found in JPEG comments
2025-03-14 13:55:08,405 - DEBUG -   Completed jpeg_comments analysis in 0.03s
2025-03-14 13:55:08,405 - INFO - [156.35s]   [156.35s]   Progress: 11/12 analysis steps completed (91.7%)
2025-03-14 13:55:08,405 - DEBUG -   Starting large_metadata analysis...
2025-03-14 13:55:08,405 - INFO - [156.35s]   [156.35s]   Checking for large metadata fields...
2025-03-14 13:55:08,405 - DEBUG -   Starting Reading metadata...
2025-03-14 13:55:08,405 - DEBUG -   JPEG format recognized data[0:2]=0xFFD8
2025-03-14 13:55:08,405 - DEBUG -   data[2]=0xFF data[3]=0xE1 data[6:10]=b'Exif'
2025-03-14 13:55:08,405 - DEBUG -    Segment base 0x2
2025-03-14 13:55:08,405 - DEBUG -     APP1 at base 0x2
2025-03-14 13:55:08,405 - DEBUG -     Length: 0xF 0xFE
2025-03-14 13:55:08,405 - DEBUG -     Code: b'Exif'
2025-03-14 13:55:08,405 - DEBUG -     Decrement base by 2 to get to pre-segment header (for compatibility with later code)
2025-03-14 13:55:08,405 - DEBUG -   Endian format is M (Motorola)
2025-03-14 13:55:08,405 - DEBUG -   IFD 0 (Image) at offset 8:
2025-03-14 13:55:08,405 - DEBUG -    Orientation: (0x0112) Short=Horizontal (normal) @ 18
2025-03-14 13:55:08,405 - DEBUG -    XResolution: (0x011A) Ratio=300 @ 110
2025-03-14 13:55:08,405 - DEBUG -    YResolution: (0x011B) Ratio=300 @ 118
2025-03-14 13:55:08,405 - DEBUG -    ResolutionUnit: (0x0128) Short=Pixels/Inch @ 54
2025-03-14 13:55:08,405 - DEBUG -    Software: (0x0131) ASCII=Adobe Photoshop Elements 2.0 @ 126
2025-03-14 13:55:08,405 - DEBUG -    DateTime: (0x0132) ASCII=2005:01:25 11:55:59 @ 156
2025-03-14 13:55:08,405 - DEBUG -    YCbCrPositioning: (0x0213) Short=Centered @ 90
2025-03-14 13:55:08,405 - DEBUG -    ExifOffset: (0x8769) Long=176 @ 102
2025-03-14 13:55:08,405 - DEBUG -   Exif SubIFD at offset 176:
2025-03-14 13:55:08,405 - DEBUG -    ExifVersion: (0x9000) Undefined=0221 @ 186
2025-03-14 13:55:08,405 - DEBUG -    ComponentsConfiguration: (0x9101) Undefined=YCbCr @ 198
2025-03-14 13:55:08,405 - DEBUG -    FlashPixVersion: (0xA000) Undefined=0100 @ 210
2025-03-14 13:55:08,406 - DEBUG -    ColorSpace: (0xA001) Short=Uncalibrated @ 222
2025-03-14 13:55:08,406 - DEBUG -    ExifImageWidth: (0xA002) Long=1063 @ 234
2025-03-14 13:55:08,406 - DEBUG -    ExifImageLength: (0xA003) Long=1382 @ 246
2025-03-14 13:55:08,406 - DEBUG -    SceneCaptureType: (0xA406) Short=Standard @ 258
2025-03-14 13:55:08,406 - DEBUG -   Found 15 metadata tags
2025-03-14 13:55:08,406 - DEBUG -   Completed Reading metadata in 0.00s
2025-03-14 13:55:08,406 - DEBUG -   Starting Analyzing metadata fields...
2025-03-14 13:55:08,406 - DEBUG -   Completed Analyzing metadata fields in 0.00s
2025-03-14 13:55:08,406 - INFO - [156.35s]   [156.35s]   No suspicious large metadata fields found
2025-03-14 13:55:08,406 - DEBUG -   Completed large_metadata analysis in 0.00s
2025-03-14 13:55:08,406 - INFO - [156.35s]   [156.35s]   Progress: 12/12 analysis steps completed (100.0%)
2025-03-14 13:55:08,406 - INFO - [156.35s]   [156.35s]   Analysis complete - 0 total findings
2025-03-14 13:55:08,406 - INFO - [156.35s]   [156.35s]   Completed Analyzing yews_2025-03-14_China_s_AI_Robots_Outpacing_U.S._3-13-25-8PM-8.jpg in 4.79s
2025-03-14 13:55:08,406 - INFO - [156.35s]   [156.35s]   Completed Analyzing yews_2025-03-14_China_s_AI_Robots_Outpacing_U.S._3-13-25-8PM-8.jpg in 4.79s
2025-03-14 13:55:08,406 - INFO - [156.35s]   [156.35s]   
Analyzing file 26/30: /Users/adam/Git/stego_tools/yews_images/yews_news/2025-03-14/yews_2025-03-14_Anti-Aging_Guru_Plans_Food_Safety_Tests_3-13-25-8PM-5.jpg
2025-03-14 13:55:08,406 - INFO - [156.35s]   [156.35s]   Starting Analyzing yews_2025-03-14_Anti-Aging_Guru_Plans_Food_Safety_Tests_3-13-25-8PM-5.jpg...
2025-03-14 13:55:08,406 - INFO - [156.35s]   [156.35s]   Starting Analyzing yews_2025-03-14_Anti-Aging_Guru_Plans_Food_Safety_Tests_3-13-25-8PM-5.jpg...
2025-03-14 13:55:08,406 - INFO - [156.35s]   [156.35s]   File size: 487,992 bytes
2025-03-14 13:55:08,406 - DEBUG -   Starting metadata analysis...
2025-03-14 13:55:08,406 - INFO - [156.35s]   [156.35s]   Checking metadata...
2025-03-14 13:55:08,406 - DEBUG -   Starting Reading EXIF data...
2025-03-14 13:55:08,407 - DEBUG -   JPEG format recognized data[0:2]=0xFFD8
2025-03-14 13:55:08,407 - DEBUG -   data[2]=0xFF data[3]=0xE1 data[6:10]=b'Exif'
2025-03-14 13:55:08,407 - DEBUG -    Segment base 0x2
2025-03-14 13:55:08,407 - DEBUG -     APP1 at base 0x2
2025-03-14 13:55:08,407 - DEBUG -     Length: 0x1 0x46
2025-03-14 13:55:08,407 - DEBUG -     Code: b'Exif'
2025-03-14 13:55:08,407 - DEBUG -     Decrement base by 2 to get to pre-segment header (for compatibility with later code)
2025-03-14 13:55:08,407 - DEBUG -   Endian format is M (Motorola)
2025-03-14 13:55:08,407 - DEBUG -   IFD 0 (Image) at offset 8:
2025-03-14 13:55:08,407 - DEBUG -    PhotometricInterpretation: (0x0106) Short=2 @ 18
2025-03-14 13:55:08,407 - DEBUG -    Orientation: (0x0112) Short=Horizontal (normal) @ 30
2025-03-14 13:55:08,407 - DEBUG -    XResolution: (0x011A) Ratio=300 @ 122
2025-03-14 13:55:08,407 - DEBUG -    YResolution: (0x011B) Ratio=300 @ 130
2025-03-14 13:55:08,407 - DEBUG -    ResolutionUnit: (0x0128) Short=Pixels/Inch @ 66
2025-03-14 13:55:08,407 - DEBUG -    Software: (0x0131) ASCII=Adobe Photoshop CC 2017 (Macintosh) @ 138
2025-03-14 13:55:08,407 - DEBUG -    DateTime: (0x0132) ASCII=2017:11:21 10:06:06 @ 174
2025-03-14 13:55:08,407 - DEBUG -    YCbCrPositioning: (0x0213) Short=Centered @ 102
2025-03-14 13:55:08,407 - DEBUG -    ExifOffset: (0x8769) Long=194 @ 114
2025-03-14 13:55:08,407 - DEBUG -   Exif SubIFD at offset 194:
2025-03-14 13:55:08,407 - DEBUG -    ExifVersion: (0x9000) Undefined=0221 @ 204
2025-03-14 13:55:08,407 - DEBUG -    DateTimeDigitized: (0x9004) ASCII=2013:01:31 18:26:53 @ 296
2025-03-14 13:55:08,407 - DEBUG -    ComponentsConfiguration: (0x9101) Undefined=YCbCr @ 228
2025-03-14 13:55:08,407 - DEBUG -    FlashPixVersion: (0xA000) Undefined=0100 @ 240
2025-03-14 13:55:08,407 - DEBUG -    ColorSpace: (0xA001) Short=Uncalibrated @ 252
2025-03-14 13:55:08,407 - DEBUG -    ExifImageWidth: (0xA002) Long=868 @ 264
2025-03-14 13:55:08,408 - DEBUG -    ExifImageLength: (0xA003) Long=1110 @ 276
2025-03-14 13:55:08,408 - DEBUG -    SceneCaptureType: (0xA406) Short=Standard @ 288
2025-03-14 13:55:08,408 - DEBUG -   Found 17 EXIF tags
2025-03-14 13:55:08,408 - DEBUG -   Completed Reading EXIF data in 0.00s
2025-03-14 13:55:08,408 - DEBUG -   Starting Analyzing metadata content...
2025-03-14 13:55:08,408 - INFO - [156.35s]   [156.35s]   No suspicious patterns found in metadata
2025-03-14 13:55:08,408 - DEBUG -   Completed Analyzing metadata content in 0.00s
2025-03-14 13:55:08,408 - DEBUG -   Completed metadata analysis in 0.00s
2025-03-14 13:55:08,408 - INFO - [156.35s]   [156.35s]   Progress: 1/12 analysis steps completed (8.3%)
2025-03-14 13:55:08,408 - DEBUG -   Starting raw_bytes analysis...
2025-03-14 13:55:08,408 - INFO - [156.35s]   [156.35s]   Checking raw bytes...
2025-03-14 13:55:08,408 - DEBUG -   Starting Reading file content...
2025-03-14 13:55:08,408 - DEBUG -   Read 487,992 bytes
2025-03-14 13:55:08,408 - DEBUG -   Completed Reading file content in 0.00s
2025-03-14 13:55:08,408 - DEBUG -   Starting Analyzing ASCII content...
2025-03-14 13:55:08,412 - DEBUG -   Completed Analyzing ASCII content in 0.00s
2025-03-14 13:55:08,412 - DEBUG -   Starting Analyzing hex content...
2025-03-14 13:55:08,413 - DEBUG -   Completed Analyzing hex content in 0.00s
2025-03-14 13:55:08,413 - DEBUG -   Starting Checking base64 variants...
2025-03-14 13:55:08,415 - DEBUG -   Completed Checking base64 variants in 0.00s
2025-03-14 13:55:08,415 - DEBUG -   Starting Analyzing suspicious patterns...
2025-03-14 13:55:08,465 - WARNING - [156.41s]   [156.41s]   Suspicious substring in raw data: Steganography tool reference: f5
2025-03-14 13:55:08,465 - DEBUG -   Completed Analyzing suspicious patterns in 0.05s
2025-03-14 13:55:08,465 - INFO - [156.41s]   [156.41s]   Found 1 suspicious patterns in raw bytes
2025-03-14 13:55:08,465 - DEBUG -   Completed raw_bytes analysis in 0.06s
2025-03-14 13:55:08,465 - INFO - [156.41s]   [156.41s]   Progress: 2/12 analysis steps completed (16.7%)
2025-03-14 13:55:08,465 - DEBUG -   Starting binary_patterns analysis...
2025-03-14 13:55:08,913 - DEBUG -   Completed binary_patterns analysis in 0.45s
2025-03-14 13:55:08,913 - INFO - [156.86s]   [156.86s]   Progress: 3/12 analysis steps completed (25.0%)
2025-03-14 13:55:08,913 - DEBUG -   Starting lsb analysis...
2025-03-14 13:55:08,913 - DEBUG -   tag: PhotometricInterpretation (262) - type: short (3) - value: b'\x00\x02'
2025-03-14 13:55:08,913 - DEBUG -   tag: Orientation (274) - type: short (3) - value: b'\x00\x01'
2025-03-14 13:55:08,913 - DEBUG -   tag: XResolution (282) - type: rational (5) Tag Location: 46 - Data Location: 122 - value: b'\x00\x00\x01,\x00\x00\x00\x01'
2025-03-14 13:55:08,913 - DEBUG -   tag: YResolution (283) - type: rational (5) Tag Location: 58 - Data Location: 130 - value: b'\x00\x00\x01,\x00\x00\x00\x01'
2025-03-14 13:55:08,913 - DEBUG -   tag: ResolutionUnit (296) - type: short (3) - value: b'\x00\x02'
2025-03-14 13:55:08,913 - DEBUG -   tag: Software (305) - type: string (2) Tag Location: 82 - Data Location: 138 - value: <table: 36 bytes>
2025-03-14 13:55:08,913 - DEBUG -   tag: DateTime (306) - type: string (2) Tag Location: 94 - Data Location: 174 - value: b'2017:11:21 10:06:06\x00'
2025-03-14 13:55:08,913 - DEBUG -   tag: YCbCrPositioning (531) - type: short (3) - value: b'\x00\x01'
2025-03-14 13:55:08,913 - DEBUG -   tag: ExifIFD (34665) - type: long (4) - value: b'\x00\x00\x00\xc2'
2025-03-14 13:55:11,690 - DEBUG -   Completed lsb analysis in 2.78s
2025-03-14 13:55:11,690 - INFO - [159.64s]   [159.64s]   Progress: 4/12 analysis steps completed (33.3%)
2025-03-14 13:55:11,691 - DEBUG -   Starting channels analysis...
2025-03-14 13:55:11,691 - DEBUG -   tag: PhotometricInterpretation (262) - type: short (3) - value: b'\x00\x02'
2025-03-14 13:55:11,691 - DEBUG -   tag: Orientation (274) - type: short (3) - value: b'\x00\x01'
2025-03-14 13:55:11,691 - DEBUG -   tag: XResolution (282) - type: rational (5) Tag Location: 46 - Data Location: 122 - value: b'\x00\x00\x01,\x00\x00\x00\x01'
2025-03-14 13:55:11,691 - DEBUG -   tag: YResolution (283) - type: rational (5) Tag Location: 58 - Data Location: 130 - value: b'\x00\x00\x01,\x00\x00\x00\x01'
2025-03-14 13:55:11,691 - DEBUG -   tag: ResolutionUnit (296) - type: short (3) - value: b'\x00\x02'
2025-03-14 13:55:11,691 - DEBUG -   tag: Software (305) - type: string (2) Tag Location: 82 - Data Location: 138 - value: <table: 36 bytes>
2025-03-14 13:55:11,691 - DEBUG -   tag: DateTime (306) - type: string (2) Tag Location: 94 - Data Location: 174 - value: b'2017:11:21 10:06:06\x00'
2025-03-14 13:55:11,691 - DEBUG -   tag: YCbCrPositioning (531) - type: short (3) - value: b'\x00\x01'
2025-03-14 13:55:11,691 - DEBUG -   tag: ExifIFD (34665) - type: long (4) - value: b'\x00\x00\x00\xc2'
2025-03-14 13:55:12,119 - DEBUG -   Completed channels analysis in 0.43s
2025-03-14 13:55:12,119 - INFO - [160.07s]   [160.07s]   Progress: 5/12 analysis steps completed (41.7%)
2025-03-14 13:55:12,119 - DEBUG -   Starting binwalk analysis...
2025-03-14 13:55:12,160 - DEBUG -   Completed binwalk analysis in 0.04s
2025-03-14 13:55:12,160 - INFO - [160.11s]   [160.11s]   Progress: 6/12 analysis steps completed (50.0%)
2025-03-14 13:55:12,160 - DEBUG -   Starting icc_profile analysis...
2025-03-14 13:55:12,160 - DEBUG -   tag: PhotometricInterpretation (262) - type: short (3) - value: b'\x00\x02'
2025-03-14 13:55:12,160 - DEBUG -   tag: Orientation (274) - type: short (3) - value: b'\x00\x01'
2025-03-14 13:55:12,160 - DEBUG -   tag: XResolution (282) - type: rational (5) Tag Location: 46 - Data Location: 122 - value: b'\x00\x00\x01,\x00\x00\x00\x01'
2025-03-14 13:55:12,160 - DEBUG -   tag: YResolution (283) - type: rational (5) Tag Location: 58 - Data Location: 130 - value: b'\x00\x00\x01,\x00\x00\x00\x01'
2025-03-14 13:55:12,160 - DEBUG -   tag: ResolutionUnit (296) - type: short (3) - value: b'\x00\x02'
2025-03-14 13:55:12,160 - DEBUG -   tag: Software (305) - type: string (2) Tag Location: 82 - Data Location: 138 - value: <table: 36 bytes>
2025-03-14 13:55:12,160 - DEBUG -   tag: DateTime (306) - type: string (2) Tag Location: 94 - Data Location: 174 - value: b'2017:11:21 10:06:06\x00'
2025-03-14 13:55:12,160 - DEBUG -   tag: YCbCrPositioning (531) - type: short (3) - value: b'\x00\x01'
2025-03-14 13:55:12,160 - DEBUG -   tag: ExifIFD (34665) - type: long (4) - value: b'\x00\x00\x00\xc2'
2025-03-14 13:55:12,161 - DEBUG -   Completed icc_profile analysis in 0.00s
2025-03-14 13:55:12,161 - INFO - [160.11s]   [160.11s]   Progress: 7/12 analysis steps completed (58.3%)
2025-03-14 13:55:12,161 - DEBUG -   Starting zip_signatures analysis...
2025-03-14 13:55:12,200 - DEBUG -   Completed zip_signatures analysis in 0.04s
2025-03-14 13:55:12,200 - INFO - [160.15s]   [160.15s]   Progress: 8/12 analysis steps completed (66.7%)
2025-03-14 13:55:12,200 - DEBUG -   Starting appended_data analysis...
2025-03-14 13:55:12,200 - INFO - [160.15s]   [160.15s]   Checking for appended data...
2025-03-14 13:55:12,200 - DEBUG -   Starting Reading file...
2025-03-14 13:55:12,200 - DEBUG -   Read 487,992 bytes
2025-03-14 13:55:12,200 - DEBUG -   Completed Reading file in 0.00s
2025-03-14 13:55:12,200 - DEBUG -   Starting Analyzing file format...
2025-03-14 13:55:12,231 - DEBUG -   Found 1 EOI markers
2025-03-14 13:55:12,231 - DEBUG -   Completed Analyzing file format in 0.03s
2025-03-14 13:55:12,231 - INFO - [160.18s]   [160.18s]   No appended data found
2025-03-14 13:55:12,231 - DEBUG -   Completed appended_data analysis in 0.03s
2025-03-14 13:55:12,231 - INFO - [160.18s]   [160.18s]   Progress: 9/12 analysis steps completed (75.0%)
2025-03-14 13:55:12,231 - DEBUG -   Starting histogram analysis...
2025-03-14 13:55:12,231 - DEBUG -   tag: PhotometricInterpretation (262) - type: short (3) - value: b'\x00\x02'
2025-03-14 13:55:12,231 - DEBUG -   tag: Orientation (274) - type: short (3) - value: b'\x00\x01'
2025-03-14 13:55:12,231 - DEBUG -   tag: XResolution (282) - type: rational (5) Tag Location: 46 - Data Location: 122 - value: b'\x00\x00\x01,\x00\x00\x00\x01'
2025-03-14 13:55:12,231 - DEBUG -   tag: YResolution (283) - type: rational (5) Tag Location: 58 - Data Location: 130 - value: b'\x00\x00\x01,\x00\x00\x00\x01'
2025-03-14 13:55:12,231 - DEBUG -   tag: ResolutionUnit (296) - type: short (3) - value: b'\x00\x02'
2025-03-14 13:55:12,231 - DEBUG -   tag: Software (305) - type: string (2) Tag Location: 82 - Data Location: 138 - value: <table: 36 bytes>
2025-03-14 13:55:12,231 - DEBUG -   tag: DateTime (306) - type: string (2) Tag Location: 94 - Data Location: 174 - value: b'2017:11:21 10:06:06\x00'
2025-03-14 13:55:12,231 - DEBUG -   tag: YCbCrPositioning (531) - type: short (3) - value: b'\x00\x01'
2025-03-14 13:55:12,231 - DEBUG -   tag: ExifIFD (34665) - type: long (4) - value: b'\x00\x00\x00\xc2'
2025-03-14 13:55:12,430 - DEBUG -   Completed histogram analysis in 0.20s
2025-03-14 13:55:12,431 - INFO - [160.38s]   [160.38s]   Progress: 10/12 analysis steps completed (83.3%)
2025-03-14 13:55:12,431 - DEBUG -   Starting jpeg_comments analysis...
2025-03-14 13:55:12,431 - INFO - [160.38s]   [160.38s]   Checking JPEG comment segments...
2025-03-14 13:55:12,431 - DEBUG -   Starting Reading JPEG file...
2025-03-14 13:55:12,431 - DEBUG -   Completed Reading JPEG file in 0.00s
2025-03-14 13:55:12,431 - DEBUG -   Starting Analyzing comment segments...
2025-03-14 13:55:12,462 - DEBUG -   Completed Analyzing comment segments in 0.03s
2025-03-14 13:55:12,462 - INFO - [160.41s]   [160.41s]   No suspicious patterns found in JPEG comments
2025-03-14 13:55:12,462 - DEBUG -   Completed jpeg_comments analysis in 0.03s
2025-03-14 13:55:12,462 - INFO - [160.41s]   [160.41s]   Progress: 11/12 analysis steps completed (91.7%)
2025-03-14 13:55:12,462 - DEBUG -   Starting large_metadata analysis...
2025-03-14 13:55:12,462 - INFO - [160.41s]   [160.41s]   Checking for large metadata fields...
2025-03-14 13:55:12,462 - DEBUG -   Starting Reading metadata...
2025-03-14 13:55:12,462 - DEBUG -   JPEG format recognized data[0:2]=0xFFD8
2025-03-14 13:55:12,462 - DEBUG -   data[2]=0xFF data[3]=0xE1 data[6:10]=b'Exif'
2025-03-14 13:55:12,462 - DEBUG -    Segment base 0x2
2025-03-14 13:55:12,462 - DEBUG -     APP1 at base 0x2
2025-03-14 13:55:12,462 - DEBUG -     Length: 0x1 0x46
2025-03-14 13:55:12,462 - DEBUG -     Code: b'Exif'
2025-03-14 13:55:12,462 - DEBUG -     Decrement base by 2 to get to pre-segment header (for compatibility with later code)
2025-03-14 13:55:12,462 - DEBUG -   Endian format is M (Motorola)
2025-03-14 13:55:12,462 - DEBUG -   IFD 0 (Image) at offset 8:
2025-03-14 13:55:12,462 - DEBUG -    PhotometricInterpretation: (0x0106) Short=2 @ 18
2025-03-14 13:55:12,462 - DEBUG -    Orientation: (0x0112) Short=Horizontal (normal) @ 30
2025-03-14 13:55:12,462 - DEBUG -    XResolution: (0x011A) Ratio=300 @ 122
2025-03-14 13:55:12,462 - DEBUG -    YResolution: (0x011B) Ratio=300 @ 130
2025-03-14 13:55:12,463 - DEBUG -    ResolutionUnit: (0x0128) Short=Pixels/Inch @ 66
2025-03-14 13:55:12,463 - DEBUG -    Software: (0x0131) ASCII=Adobe Photoshop CC 2017 (Macintosh) @ 138
2025-03-14 13:55:12,463 - DEBUG -    DateTime: (0x0132) ASCII=2017:11:21 10:06:06 @ 174
2025-03-14 13:55:12,463 - DEBUG -    YCbCrPositioning: (0x0213) Short=Centered @ 102
2025-03-14 13:55:12,463 - DEBUG -    ExifOffset: (0x8769) Long=194 @ 114
2025-03-14 13:55:12,463 - DEBUG -   Exif SubIFD at offset 194:
2025-03-14 13:55:12,463 - DEBUG -    ExifVersion: (0x9000) Undefined=0221 @ 204
2025-03-14 13:55:12,463 - DEBUG -    DateTimeDigitized: (0x9004) ASCII=2013:01:31 18:26:53 @ 296
2025-03-14 13:55:12,463 - DEBUG -    ComponentsConfiguration: (0x9101) Undefined=YCbCr @ 228
2025-03-14 13:55:12,463 - DEBUG -    FlashPixVersion: (0xA000) Undefined=0100 @ 240
2025-03-14 13:55:12,463 - DEBUG -    ColorSpace: (0xA001) Short=Uncalibrated @ 252
2025-03-14 13:55:12,463 - DEBUG -    ExifImageWidth: (0xA002) Long=868 @ 264
2025-03-14 13:55:12,463 - DEBUG -    ExifImageLength: (0xA003) Long=1110 @ 276
2025-03-14 13:55:12,463 - DEBUG -    SceneCaptureType: (0xA406) Short=Standard @ 288
2025-03-14 13:55:12,463 - DEBUG -   Found 17 metadata tags
2025-03-14 13:55:12,463 - DEBUG -   Completed Reading metadata in 0.00s
2025-03-14 13:55:12,463 - DEBUG -   Starting Analyzing metadata fields...
2025-03-14 13:55:12,463 - DEBUG -   Completed Analyzing metadata fields in 0.00s
2025-03-14 13:55:12,463 - INFO - [160.41s]   [160.41s]   No suspicious large metadata fields found
2025-03-14 13:55:12,463 - DEBUG -   Completed large_metadata analysis in 0.00s
2025-03-14 13:55:12,463 - INFO - [160.41s]   [160.41s]   Progress: 12/12 analysis steps completed (100.0%)
2025-03-14 13:55:12,463 - INFO - [160.41s]   [160.41s]   Analysis complete - 0 total findings
2025-03-14 13:55:12,463 - INFO - [160.41s]   [160.41s]   Completed Analyzing yews_2025-03-14_Anti-Aging_Guru_Plans_Food_Safety_Tests_3-13-25-8PM-5.jpg in 4.06s
2025-03-14 13:55:12,463 - INFO - [160.41s]   [160.41s]   Completed Analyzing yews_2025-03-14_Anti-Aging_Guru_Plans_Food_Safety_Tests_3-13-25-8PM-5.jpg in 4.06s
2025-03-14 13:55:12,463 - INFO - [160.41s]   [160.41s]   
Analyzing file 27/30: /Users/adam/Git/stego_tools/yews_images/yews_news/2025-03-14/yews_2025-03-14_Amazon_Still_Hosting_Stalkerware_Data_3-13-25-3PM-4.jpg
2025-03-14 13:55:12,463 - INFO - [160.41s]   [160.41s]   Starting Analyzing yews_2025-03-14_Amazon_Still_Hosting_Stalkerware_Data_3-13-25-3PM-4.jpg...
2025-03-14 13:55:12,463 - INFO - [160.41s]   [160.41s]   Starting Analyzing yews_2025-03-14_Amazon_Still_Hosting_Stalkerware_Data_3-13-25-3PM-4.jpg...
2025-03-14 13:55:12,463 - INFO - [160.41s]   [160.41s]   File size: 158,226 bytes
2025-03-14 13:55:12,463 - DEBUG -   Starting metadata analysis...
2025-03-14 13:55:12,463 - INFO - [160.41s]   [160.41s]   Checking metadata...
2025-03-14 13:55:12,463 - DEBUG -   Starting Reading EXIF data...
2025-03-14 13:55:12,464 - DEBUG -   JPEG format recognized data[0:2]=0xFFD8
2025-03-14 13:55:12,464 - DEBUG -   data[2]=0xFF data[3]=0xE1 data[6:10]=b'Exif'
2025-03-14 13:55:12,464 - DEBUG -    Segment base 0x2
2025-03-14 13:55:12,464 - DEBUG -     APP1 at base 0x2
2025-03-14 13:55:12,464 - DEBUG -     Length: 0xF 0xFE
2025-03-14 13:55:12,464 - DEBUG -     Code: b'Exif'
2025-03-14 13:55:12,464 - DEBUG -     Decrement base by 2 to get to pre-segment header (for compatibility with later code)
2025-03-14 13:55:12,464 - DEBUG -   Endian format is M (Motorola)
2025-03-14 13:55:12,464 - DEBUG -   IFD 0 (Image) at offset 8:
2025-03-14 13:55:12,464 - DEBUG -    PhotometricInterpretation: (0x0106) Short=2 @ 18
2025-03-14 13:55:12,464 - DEBUG -    Orientation: (0x0112) Short=Horizontal (normal) @ 30
2025-03-14 13:55:12,464 - DEBUG -    XResolution: (0x011A) Ratio=72 @ 98
2025-03-14 13:55:12,465 - DEBUG -    YResolution: (0x011B) Ratio=72 @ 106
2025-03-14 13:55:12,465 - DEBUG -    ResolutionUnit: (0x0128) Short=Pixels/Inch @ 66
2025-03-14 13:55:12,465 - DEBUG -    YCbCrPositioning: (0x0213) Short=Centered @ 78
2025-03-14 13:55:12,465 - DEBUG -    ExifOffset: (0x8769) Long=114 @ 90
2025-03-14 13:55:12,465 - DEBUG -   Exif SubIFD at offset 114:
2025-03-14 13:55:12,465 - DEBUG -    ExifVersion: (0x9000) Undefined=0221 @ 124
2025-03-14 13:55:12,465 - DEBUG -    ComponentsConfiguration: (0x9101) Undefined=YCbCr @ 136
2025-03-14 13:55:12,465 - DEBUG -    FlashPixVersion: (0xA000) Undefined=0100 @ 148
2025-03-14 13:55:12,465 - DEBUG -    ColorSpace: (0xA001) Short=sRGB @ 160
2025-03-14 13:55:12,465 - DEBUG -    ExifImageWidth: (0xA002) Long=600 @ 172
2025-03-14 13:55:12,465 - DEBUG -    ExifImageLength: (0xA003) Long=488 @ 184
2025-03-14 13:55:12,465 - DEBUG -    SceneCaptureType: (0xA406) Short=Standard @ 196
2025-03-14 13:55:12,465 - DEBUG -   Found 14 EXIF tags
2025-03-14 13:55:12,465 - DEBUG -   Completed Reading EXIF data in 0.00s
2025-03-14 13:55:12,465 - DEBUG -   Starting Analyzing metadata content...
2025-03-14 13:55:12,465 - INFO - [160.41s]   [160.41s]   No suspicious patterns found in metadata
2025-03-14 13:55:12,465 - DEBUG -   Completed Analyzing metadata content in 0.00s
2025-03-14 13:55:12,465 - DEBUG -   Completed metadata analysis in 0.00s
2025-03-14 13:55:12,465 - INFO - [160.41s]   [160.41s]   Progress: 1/12 analysis steps completed (8.3%)
2025-03-14 13:55:12,465 - DEBUG -   Starting raw_bytes analysis...
2025-03-14 13:55:12,465 - INFO - [160.41s]   [160.41s]   Checking raw bytes...
2025-03-14 13:55:12,465 - DEBUG -   Starting Reading file content...
2025-03-14 13:55:12,465 - DEBUG -   Read 158,226 bytes
2025-03-14 13:55:12,465 - DEBUG -   Completed Reading file content in 0.00s
2025-03-14 13:55:12,465 - DEBUG -   Starting Analyzing ASCII content...
2025-03-14 13:55:12,466 - DEBUG -   Completed Analyzing ASCII content in 0.00s
2025-03-14 13:55:12,466 - DEBUG -   Starting Analyzing hex content...
2025-03-14 13:55:12,467 - DEBUG -   Completed Analyzing hex content in 0.00s
2025-03-14 13:55:12,467 - DEBUG -   Starting Checking base64 variants...
2025-03-14 13:55:12,467 - DEBUG -   Completed Checking base64 variants in 0.00s
2025-03-14 13:55:12,467 - DEBUG -   Starting Analyzing suspicious patterns...
2025-03-14 13:55:12,483 - WARNING - [160.43s]   [160.43s]   Suspicious substring in raw data: Steganography tool reference: f5
2025-03-14 13:55:12,483 - DEBUG -   Completed Analyzing suspicious patterns in 0.02s
2025-03-14 13:55:12,483 - INFO - [160.43s]   [160.43s]   Found 1 suspicious patterns in raw bytes
2025-03-14 13:55:12,484 - DEBUG -   Completed raw_bytes analysis in 0.02s
2025-03-14 13:55:12,484 - INFO - [160.43s]   [160.43s]   Progress: 2/12 analysis steps completed (16.7%)
2025-03-14 13:55:12,484 - DEBUG -   Starting binary_patterns analysis...
2025-03-14 13:55:12,627 - DEBUG -   Completed binary_patterns analysis in 0.14s
2025-03-14 13:55:12,627 - INFO - [160.57s]   [160.57s]   Progress: 3/12 analysis steps completed (25.0%)
2025-03-14 13:55:12,627 - DEBUG -   Starting lsb analysis...
2025-03-14 13:55:12,627 - DEBUG -   tag: PhotometricInterpretation (262) - type: short (3) - value: b'\x00\x02'
2025-03-14 13:55:12,627 - DEBUG -   tag: Orientation (274) - type: short (3) - value: b'\x00\x01'
2025-03-14 13:55:12,627 - DEBUG -   tag: XResolution (282) - type: rational (5) Tag Location: 46 - Data Location: 98 - value: b'\x00\x00\x00H\x00\x00\x00\x01'
2025-03-14 13:55:12,627 - DEBUG -   tag: YResolution (283) - type: rational (5) Tag Location: 58 - Data Location: 106 - value: b'\x00\x00\x00H\x00\x00\x00\x01'
2025-03-14 13:55:12,627 - DEBUG -   tag: ResolutionUnit (296) - type: short (3) - value: b'\x00\x02'
2025-03-14 13:55:12,627 - DEBUG -   tag: YCbCrPositioning (531) - type: short (3) - value: b'\x00\x01'
2025-03-14 13:55:12,627 - DEBUG -   tag: ExifIFD (34665) - type: long (4) - value: b'\x00\x00\x00r'
2025-03-14 13:55:13,456 - DEBUG -   Completed lsb analysis in 0.83s
2025-03-14 13:55:13,456 - INFO - [161.40s]   [161.40s]   Progress: 4/12 analysis steps completed (33.3%)
2025-03-14 13:55:13,456 - DEBUG -   Starting channels analysis...
2025-03-14 13:55:13,456 - DEBUG -   tag: PhotometricInterpretation (262) - type: short (3) - value: b'\x00\x02'
2025-03-14 13:55:13,456 - DEBUG -   tag: Orientation (274) - type: short (3) - value: b'\x00\x01'
2025-03-14 13:55:13,456 - DEBUG -   tag: XResolution (282) - type: rational (5) Tag Location: 46 - Data Location: 98 - value: b'\x00\x00\x00H\x00\x00\x00\x01'
2025-03-14 13:55:13,456 - DEBUG -   tag: YResolution (283) - type: rational (5) Tag Location: 58 - Data Location: 106 - value: b'\x00\x00\x00H\x00\x00\x00\x01'
2025-03-14 13:55:13,456 - DEBUG -   tag: ResolutionUnit (296) - type: short (3) - value: b'\x00\x02'
2025-03-14 13:55:13,456 - DEBUG -   tag: YCbCrPositioning (531) - type: short (3) - value: b'\x00\x01'
2025-03-14 13:55:13,456 - DEBUG -   tag: ExifIFD (34665) - type: long (4) - value: b'\x00\x00\x00r'
2025-03-14 13:55:13,587 - DEBUG -   Completed channels analysis in 0.13s
2025-03-14 13:55:13,587 - INFO - [161.53s]   [161.53s]   Progress: 5/12 analysis steps completed (41.7%)
2025-03-14 13:55:13,587 - DEBUG -   Starting binwalk analysis...
2025-03-14 13:55:13,605 - DEBUG -   Completed binwalk analysis in 0.02s
2025-03-14 13:55:13,606 - INFO - [161.55s]   [161.55s]   Progress: 6/12 analysis steps completed (50.0%)
2025-03-14 13:55:13,606 - DEBUG -   Starting icc_profile analysis...
2025-03-14 13:55:13,606 - DEBUG -   tag: PhotometricInterpretation (262) - type: short (3) - value: b'\x00\x02'
2025-03-14 13:55:13,606 - DEBUG -   tag: Orientation (274) - type: short (3) - value: b'\x00\x01'
2025-03-14 13:55:13,606 - DEBUG -   tag: XResolution (282) - type: rational (5) Tag Location: 46 - Data Location: 98 - value: b'\x00\x00\x00H\x00\x00\x00\x01'
2025-03-14 13:55:13,606 - DEBUG -   tag: YResolution (283) - type: rational (5) Tag Location: 58 - Data Location: 106 - value: b'\x00\x00\x00H\x00\x00\x00\x01'
2025-03-14 13:55:13,606 - DEBUG -   tag: ResolutionUnit (296) - type: short (3) - value: b'\x00\x02'
2025-03-14 13:55:13,606 - DEBUG -   tag: YCbCrPositioning (531) - type: short (3) - value: b'\x00\x01'
2025-03-14 13:55:13,606 - DEBUG -   tag: ExifIFD (34665) - type: long (4) - value: b'\x00\x00\x00r'
2025-03-14 13:55:13,606 - DEBUG -   Completed icc_profile analysis in 0.00s
2025-03-14 13:55:13,606 - INFO - [161.55s]   [161.55s]   Progress: 7/12 analysis steps completed (58.3%)
2025-03-14 13:55:13,606 - DEBUG -   Starting zip_signatures analysis...
2025-03-14 13:55:13,619 - DEBUG -   Completed zip_signatures analysis in 0.01s
2025-03-14 13:55:13,619 - INFO - [161.57s]   [161.57s]   Progress: 8/12 analysis steps completed (66.7%)
2025-03-14 13:55:13,619 - DEBUG -   Starting appended_data analysis...
2025-03-14 13:55:13,619 - INFO - [161.57s]   [161.57s]   Checking for appended data...
2025-03-14 13:55:13,619 - DEBUG -   Starting Reading file...
2025-03-14 13:55:13,619 - DEBUG -   Read 158,226 bytes
2025-03-14 13:55:13,619 - DEBUG -   Completed Reading file in 0.00s
2025-03-14 13:55:13,619 - DEBUG -   Starting Analyzing file format...
2025-03-14 13:55:13,629 - DEBUG -   Found 1 EOI markers
2025-03-14 13:55:13,630 - DEBUG -   Completed Analyzing file format in 0.01s
2025-03-14 13:55:13,630 - INFO - [161.58s]   [161.58s]   No appended data found
2025-03-14 13:55:13,630 - DEBUG -   Completed appended_data analysis in 0.01s
2025-03-14 13:55:13,630 - INFO - [161.58s]   [161.58s]   Progress: 9/12 analysis steps completed (75.0%)
2025-03-14 13:55:13,630 - DEBUG -   Starting histogram analysis...
2025-03-14 13:55:13,630 - DEBUG -   tag: PhotometricInterpretation (262) - type: short (3) - value: b'\x00\x02'
2025-03-14 13:55:13,630 - DEBUG -   tag: Orientation (274) - type: short (3) - value: b'\x00\x01'
2025-03-14 13:55:13,630 - DEBUG -   tag: XResolution (282) - type: rational (5) Tag Location: 46 - Data Location: 98 - value: b'\x00\x00\x00H\x00\x00\x00\x01'
2025-03-14 13:55:13,630 - DEBUG -   tag: YResolution (283) - type: rational (5) Tag Location: 58 - Data Location: 106 - value: b'\x00\x00\x00H\x00\x00\x00\x01'
2025-03-14 13:55:13,630 - DEBUG -   tag: ResolutionUnit (296) - type: short (3) - value: b'\x00\x02'
2025-03-14 13:55:13,630 - DEBUG -   tag: YCbCrPositioning (531) - type: short (3) - value: b'\x00\x01'
2025-03-14 13:55:13,630 - DEBUG -   tag: ExifIFD (34665) - type: long (4) - value: b'\x00\x00\x00r'
2025-03-14 13:55:13,691 - DEBUG -   Completed histogram analysis in 0.06s
2025-03-14 13:55:13,691 - INFO - [161.64s]   [161.64s]   Progress: 10/12 analysis steps completed (83.3%)
2025-03-14 13:55:13,691 - DEBUG -   Starting jpeg_comments analysis...
2025-03-14 13:55:13,691 - INFO - [161.64s]   [161.64s]   Checking JPEG comment segments...
2025-03-14 13:55:13,691 - DEBUG -   Starting Reading JPEG file...
2025-03-14 13:55:13,691 - DEBUG -   Completed Reading JPEG file in 0.00s
2025-03-14 13:55:13,691 - DEBUG -   Starting Analyzing comment segments...
2025-03-14 13:55:13,702 - DEBUG -   Completed Analyzing comment segments in 0.01s
2025-03-14 13:55:13,702 - INFO - [161.65s]   [161.65s]   No suspicious patterns found in JPEG comments
2025-03-14 13:55:13,702 - DEBUG -   Completed jpeg_comments analysis in 0.01s
2025-03-14 13:55:13,702 - INFO - [161.65s]   [161.65s]   Progress: 11/12 analysis steps completed (91.7%)
2025-03-14 13:55:13,702 - DEBUG -   Starting large_metadata analysis...
2025-03-14 13:55:13,702 - INFO - [161.65s]   [161.65s]   Checking for large metadata fields...
2025-03-14 13:55:13,702 - DEBUG -   Starting Reading metadata...
2025-03-14 13:55:13,702 - DEBUG -   JPEG format recognized data[0:2]=0xFFD8
2025-03-14 13:55:13,702 - DEBUG -   data[2]=0xFF data[3]=0xE1 data[6:10]=b'Exif'
2025-03-14 13:55:13,702 - DEBUG -    Segment base 0x2
2025-03-14 13:55:13,702 - DEBUG -     APP1 at base 0x2
2025-03-14 13:55:13,702 - DEBUG -     Length: 0xF 0xFE
2025-03-14 13:55:13,703 - DEBUG -     Code: b'Exif'
2025-03-14 13:55:13,703 - DEBUG -     Decrement base by 2 to get to pre-segment header (for compatibility with later code)
2025-03-14 13:55:13,703 - DEBUG -   Endian format is M (Motorola)
2025-03-14 13:55:13,703 - DEBUG -   IFD 0 (Image) at offset 8:
2025-03-14 13:55:13,703 - DEBUG -    PhotometricInterpretation: (0x0106) Short=2 @ 18
2025-03-14 13:55:13,703 - DEBUG -    Orientation: (0x0112) Short=Horizontal (normal) @ 30
2025-03-14 13:55:13,703 - DEBUG -    XResolution: (0x011A) Ratio=72 @ 98
2025-03-14 13:55:13,703 - DEBUG -    YResolution: (0x011B) Ratio=72 @ 106
2025-03-14 13:55:13,703 - DEBUG -    ResolutionUnit: (0x0128) Short=Pixels/Inch @ 66
2025-03-14 13:55:13,703 - DEBUG -    YCbCrPositioning: (0x0213) Short=Centered @ 78
2025-03-14 13:55:13,703 - DEBUG -    ExifOffset: (0x8769) Long=114 @ 90
2025-03-14 13:55:13,703 - DEBUG -   Exif SubIFD at offset 114:
2025-03-14 13:55:13,703 - DEBUG -    ExifVersion: (0x9000) Undefined=0221 @ 124
2025-03-14 13:55:13,703 - DEBUG -    ComponentsConfiguration: (0x9101) Undefined=YCbCr @ 136
2025-03-14 13:55:13,703 - DEBUG -    FlashPixVersion: (0xA000) Undefined=0100 @ 148
2025-03-14 13:55:13,703 - DEBUG -    ColorSpace: (0xA001) Short=sRGB @ 160
2025-03-14 13:55:13,703 - DEBUG -    ExifImageWidth: (0xA002) Long=600 @ 172
2025-03-14 13:55:13,703 - DEBUG -    ExifImageLength: (0xA003) Long=488 @ 184
2025-03-14 13:55:13,703 - DEBUG -    SceneCaptureType: (0xA406) Short=Standard @ 196
2025-03-14 13:55:13,703 - DEBUG -   Found 14 metadata tags
2025-03-14 13:55:13,703 - DEBUG -   Completed Reading metadata in 0.00s
2025-03-14 13:55:13,703 - DEBUG -   Starting Analyzing metadata fields...
2025-03-14 13:55:13,703 - DEBUG -   Completed Analyzing metadata fields in 0.00s
2025-03-14 13:55:13,703 - INFO - [161.65s]   [161.65s]   No suspicious large metadata fields found
2025-03-14 13:55:13,703 - DEBUG -   Completed large_metadata analysis in 0.00s
2025-03-14 13:55:13,703 - INFO - [161.65s]   [161.65s]   Progress: 12/12 analysis steps completed (100.0%)
2025-03-14 13:55:13,703 - INFO - [161.65s]   [161.65s]   Analysis complete - 0 total findings
2025-03-14 13:55:13,703 - INFO - [161.65s]   [161.65s]   Completed Analyzing yews_2025-03-14_Amazon_Still_Hosting_Stalkerware_Data_3-13-25-3PM-4.jpg in 1.24s
2025-03-14 13:55:13,703 - INFO - [161.65s]   [161.65s]   Completed Analyzing yews_2025-03-14_Amazon_Still_Hosting_Stalkerware_Data_3-13-25-3PM-4.jpg in 1.24s
2025-03-14 13:55:13,703 - INFO - [161.65s]   [161.65s]   
Analyzing file 28/30: /Users/adam/Git/stego_tools/yews_images/yews_news/2025-03-14/yews_2025-03-14_Donatella_Versace_Steps_Down_As_Designer_3-13-25-10AM-5.jpg
2025-03-14 13:55:13,703 - INFO - [161.65s]   [161.65s]   Starting Analyzing yews_2025-03-14_Donatella_Versace_Steps_Down_As_Designer_3-13-25-10AM-5.jpg...
2025-03-14 13:55:13,703 - INFO - [161.65s]   [161.65s]   Starting Analyzing yews_2025-03-14_Donatella_Versace_Steps_Down_As_Designer_3-13-25-10AM-5.jpg...
2025-03-14 13:55:13,703 - INFO - [161.65s]   [161.65s]   File size: 639,991 bytes
2025-03-14 13:55:13,703 - DEBUG -   Starting metadata analysis...
2025-03-14 13:55:13,703 - INFO - [161.65s]   [161.65s]   Checking metadata...
2025-03-14 13:55:13,703 - DEBUG -   Starting Reading EXIF data...
2025-03-14 13:55:13,704 - DEBUG -   JPEG format recognized data[0:2]=0xFFD8
2025-03-14 13:55:13,704 - DEBUG -   data[2]=0xFF data[3]=0xE1 data[6:10]=b'Exif'
2025-03-14 13:55:13,704 - DEBUG -    Segment base 0x2
2025-03-14 13:55:13,704 - DEBUG -     APP1 at base 0x2
2025-03-14 13:55:13,704 - DEBUG -     Length: 0xF 0xFE
2025-03-14 13:55:13,704 - DEBUG -     Code: b'Exif'
2025-03-14 13:55:13,704 - DEBUG -     Decrement base by 2 to get to pre-segment header (for compatibility with later code)
2025-03-14 13:55:13,704 - DEBUG -   Endian format is M (Motorola)
2025-03-14 13:55:13,704 - DEBUG -   IFD 0 (Image) at offset 8:
2025-03-14 13:55:13,704 - DEBUG -    Orientation: (0x0112) Short=Horizontal (normal) @ 18
2025-03-14 13:55:13,704 - DEBUG -    XResolution: (0x011A) Ratio=96 @ 86
2025-03-14 13:55:13,704 - DEBUG -    YResolution: (0x011B) Ratio=96 @ 94
2025-03-14 13:55:13,704 - DEBUG -    ResolutionUnit: (0x0128) Short=Pixels/Inch @ 54
2025-03-14 13:55:13,704 - DEBUG -    YCbCrPositioning: (0x0213) Short=Centered @ 66
2025-03-14 13:55:13,704 - DEBUG -    ExifOffset: (0x8769) Long=102 @ 78
2025-03-14 13:55:13,704 - DEBUG -   Exif SubIFD at offset 102:
2025-03-14 13:55:13,704 - DEBUG -    ExifVersion: (0x9000) Undefined=0221 @ 112
2025-03-14 13:55:13,704 - DEBUG -    ComponentsConfiguration: (0x9101) Undefined=YCbCr @ 124
2025-03-14 13:55:13,704 - DEBUG -    FlashPixVersion: (0xA000) Undefined=0100 @ 136
2025-03-14 13:55:13,704 - DEBUG -    ColorSpace: (0xA001) Short=sRGB @ 148
2025-03-14 13:55:13,704 - DEBUG -    ExifImageWidth: (0xA002) Long=883 @ 160
2025-03-14 13:55:13,704 - DEBUG -    ExifImageLength: (0xA003) Long=1182 @ 172
2025-03-14 13:55:13,704 - DEBUG -    SceneCaptureType: (0xA406) Short=Standard @ 184
2025-03-14 13:55:13,704 - DEBUG -   Found 13 EXIF tags
2025-03-14 13:55:13,704 - DEBUG -   Completed Reading EXIF data in 0.00s
2025-03-14 13:55:13,704 - DEBUG -   Starting Analyzing metadata content...
2025-03-14 13:55:13,704 - INFO - [161.65s]   [161.65s]   No suspicious patterns found in metadata
2025-03-14 13:55:13,704 - DEBUG -   Completed Analyzing metadata content in 0.00s
2025-03-14 13:55:13,704 - DEBUG -   Completed metadata analysis in 0.00s
2025-03-14 13:55:13,704 - INFO - [161.65s]   [161.65s]   Progress: 1/12 analysis steps completed (8.3%)
2025-03-14 13:55:13,705 - DEBUG -   Starting raw_bytes analysis...
2025-03-14 13:55:13,705 - INFO - [161.65s]   [161.65s]   Checking raw bytes...
2025-03-14 13:55:13,705 - DEBUG -   Starting Reading file content...
2025-03-14 13:55:13,705 - DEBUG -   Read 639,991 bytes
2025-03-14 13:55:13,705 - DEBUG -   Completed Reading file content in 0.00s
2025-03-14 13:55:13,705 - DEBUG -   Starting Analyzing ASCII content...
2025-03-14 13:55:13,710 - DEBUG -   Completed Analyzing ASCII content in 0.01s
2025-03-14 13:55:13,711 - DEBUG -   Starting Analyzing hex content...
2025-03-14 13:55:13,713 - DEBUG -   Completed Analyzing hex content in 0.00s
2025-03-14 13:55:13,713 - DEBUG -   Starting Checking base64 variants...
2025-03-14 13:55:13,715 - DEBUG -   Completed Checking base64 variants in 0.00s
2025-03-14 13:55:13,715 - DEBUG -   Starting Analyzing suspicious patterns...
2025-03-14 13:55:13,783 - WARNING - [161.73s]   [161.73s]   Suspicious substring in raw data: Steganography tool reference: f5
2025-03-14 13:55:13,783 - DEBUG -   Completed Analyzing suspicious patterns in 0.07s
2025-03-14 13:55:13,783 - INFO - [161.73s]   [161.73s]   Found 1 suspicious patterns in raw bytes
2025-03-14 13:55:13,784 - DEBUG -   Completed raw_bytes analysis in 0.08s
2025-03-14 13:55:13,784 - INFO - [161.73s]   [161.73s]   Progress: 2/12 analysis steps completed (16.7%)
2025-03-14 13:55:13,784 - DEBUG -   Starting binary_patterns analysis...
2025-03-14 13:55:14,364 - DEBUG -   Completed binary_patterns analysis in 0.58s
2025-03-14 13:55:14,365 - INFO - [162.31s]   [162.31s]   Progress: 3/12 analysis steps completed (25.0%)
2025-03-14 13:55:14,365 - DEBUG -   Starting lsb analysis...
2025-03-14 13:55:14,365 - DEBUG -   tag: Orientation (274) - type: short (3) - value: b'\x00\x01'
2025-03-14 13:55:14,365 - DEBUG -   tag: XResolution (282) - type: rational (5) Tag Location: 34 - Data Location: 86 - value: b'\x00\x00\x00`\x00\x00\x00\x01'
2025-03-14 13:55:14,365 - DEBUG -   tag: YResolution (283) - type: rational (5) Tag Location: 46 - Data Location: 94 - value: b'\x00\x00\x00`\x00\x00\x00\x01'
2025-03-14 13:55:14,365 - DEBUG -   tag: ResolutionUnit (296) - type: short (3) - value: b'\x00\x02'
2025-03-14 13:55:14,365 - DEBUG -   tag: YCbCrPositioning (531) - type: short (3) - value: b'\x00\x01'
2025-03-14 13:55:14,365 - DEBUG -   tag: ExifIFD (34665) - type: long (4) - value: b'\x00\x00\x00f'
2025-03-14 13:55:17,508 - DEBUG -   Completed lsb analysis in 3.14s
2025-03-14 13:55:17,508 - INFO - [165.45s]   [165.45s]   Progress: 4/12 analysis steps completed (33.3%)
2025-03-14 13:55:17,508 - DEBUG -   Starting channels analysis...
2025-03-14 13:55:17,508 - DEBUG -   tag: Orientation (274) - type: short (3) - value: b'\x00\x01'
2025-03-14 13:55:17,508 - DEBUG -   tag: XResolution (282) - type: rational (5) Tag Location: 34 - Data Location: 86 - value: b'\x00\x00\x00`\x00\x00\x00\x01'
2025-03-14 13:55:17,508 - DEBUG -   tag: YResolution (283) - type: rational (5) Tag Location: 46 - Data Location: 94 - value: b'\x00\x00\x00`\x00\x00\x00\x01'
2025-03-14 13:55:17,508 - DEBUG -   tag: ResolutionUnit (296) - type: short (3) - value: b'\x00\x02'
2025-03-14 13:55:17,508 - DEBUG -   tag: YCbCrPositioning (531) - type: short (3) - value: b'\x00\x01'
2025-03-14 13:55:17,508 - DEBUG -   tag: ExifIFD (34665) - type: long (4) - value: b'\x00\x00\x00f'
2025-03-14 13:55:17,993 - DEBUG -   Completed channels analysis in 0.48s
2025-03-14 13:55:17,993 - INFO - [165.94s]   [165.94s]   Progress: 5/12 analysis steps completed (41.7%)
2025-03-14 13:55:17,993 - DEBUG -   Starting binwalk analysis...
2025-03-14 13:55:18,014 - DEBUG -   Completed binwalk analysis in 0.02s
2025-03-14 13:55:18,014 - INFO - [165.96s]   [165.96s]   Progress: 6/12 analysis steps completed (50.0%)
2025-03-14 13:55:18,014 - DEBUG -   Starting icc_profile analysis...
2025-03-14 13:55:18,015 - DEBUG -   tag: Orientation (274) - type: short (3) - value: b'\x00\x01'
2025-03-14 13:55:18,015 - DEBUG -   tag: XResolution (282) - type: rational (5) Tag Location: 34 - Data Location: 86 - value: b'\x00\x00\x00`\x00\x00\x00\x01'
2025-03-14 13:55:18,015 - DEBUG -   tag: YResolution (283) - type: rational (5) Tag Location: 46 - Data Location: 94 - value: b'\x00\x00\x00`\x00\x00\x00\x01'
2025-03-14 13:55:18,015 - DEBUG -   tag: ResolutionUnit (296) - type: short (3) - value: b'\x00\x02'
2025-03-14 13:55:18,015 - DEBUG -   tag: YCbCrPositioning (531) - type: short (3) - value: b'\x00\x01'
2025-03-14 13:55:18,015 - DEBUG -   tag: ExifIFD (34665) - type: long (4) - value: b'\x00\x00\x00f'
2025-03-14 13:55:18,015 - DEBUG -   Completed icc_profile analysis in 0.00s
2025-03-14 13:55:18,015 - INFO - [165.96s]   [165.96s]   Progress: 7/12 analysis steps completed (58.3%)
2025-03-14 13:55:18,015 - DEBUG -   Starting zip_signatures analysis...
2025-03-14 13:55:18,066 - DEBUG -   Completed zip_signatures analysis in 0.05s
2025-03-14 13:55:18,067 - INFO - [166.01s]   [166.01s]   Progress: 8/12 analysis steps completed (66.7%)
2025-03-14 13:55:18,067 - DEBUG -   Starting appended_data analysis...
2025-03-14 13:55:18,067 - INFO - [166.01s]   [166.01s]   Checking for appended data...
2025-03-14 13:55:18,067 - DEBUG -   Starting Reading file...
2025-03-14 13:55:18,067 - DEBUG -   Read 639,991 bytes
2025-03-14 13:55:18,067 - DEBUG -   Completed Reading file in 0.00s
2025-03-14 13:55:18,067 - DEBUG -   Starting Analyzing file format...
2025-03-14 13:55:18,107 - DEBUG -   Found 1 EOI markers
2025-03-14 13:55:18,107 - DEBUG -   Completed Analyzing file format in 0.04s
2025-03-14 13:55:18,107 - INFO - [166.05s]   [166.05s]   No appended data found
2025-03-14 13:55:18,107 - DEBUG -   Completed appended_data analysis in 0.04s
2025-03-14 13:55:18,107 - INFO - [166.05s]   [166.05s]   Progress: 9/12 analysis steps completed (75.0%)
2025-03-14 13:55:18,107 - DEBUG -   Starting histogram analysis...
2025-03-14 13:55:18,107 - DEBUG -   tag: Orientation (274) - type: short (3) - value: b'\x00\x01'
2025-03-14 13:55:18,107 - DEBUG -   tag: XResolution (282) - type: rational (5) Tag Location: 34 - Data Location: 86 - value: b'\x00\x00\x00`\x00\x00\x00\x01'
2025-03-14 13:55:18,107 - DEBUG -   tag: YResolution (283) - type: rational (5) Tag Location: 46 - Data Location: 94 - value: b'\x00\x00\x00`\x00\x00\x00\x01'
2025-03-14 13:55:18,107 - DEBUG -   tag: ResolutionUnit (296) - type: short (3) - value: b'\x00\x02'
2025-03-14 13:55:18,107 - DEBUG -   tag: YCbCrPositioning (531) - type: short (3) - value: b'\x00\x01'
2025-03-14 13:55:18,107 - DEBUG -   tag: ExifIFD (34665) - type: long (4) - value: b'\x00\x00\x00f'
2025-03-14 13:55:18,334 - DEBUG -   Completed histogram analysis in 0.23s
2025-03-14 13:55:18,334 - INFO - [166.28s]   [166.28s]   Progress: 10/12 analysis steps completed (83.3%)
2025-03-14 13:55:18,334 - DEBUG -   Starting jpeg_comments analysis...
2025-03-14 13:55:18,334 - INFO - [166.28s]   [166.28s]   Checking JPEG comment segments...
2025-03-14 13:55:18,334 - DEBUG -   Starting Reading JPEG file...
2025-03-14 13:55:18,334 - DEBUG -   Completed Reading JPEG file in 0.00s
2025-03-14 13:55:18,334 - DEBUG -   Starting Analyzing comment segments...
2025-03-14 13:55:18,374 - DEBUG -   Completed Analyzing comment segments in 0.04s
2025-03-14 13:55:18,375 - INFO - [166.32s]   [166.32s]   No suspicious patterns found in JPEG comments
2025-03-14 13:55:18,375 - DEBUG -   Completed jpeg_comments analysis in 0.04s
2025-03-14 13:55:18,375 - INFO - [166.32s]   [166.32s]   Progress: 11/12 analysis steps completed (91.7%)
2025-03-14 13:55:18,375 - DEBUG -   Starting large_metadata analysis...
2025-03-14 13:55:18,375 - INFO - [166.32s]   [166.32s]   Checking for large metadata fields...
2025-03-14 13:55:18,375 - DEBUG -   Starting Reading metadata...
2025-03-14 13:55:18,375 - DEBUG -   JPEG format recognized data[0:2]=0xFFD8
2025-03-14 13:55:18,375 - DEBUG -   data[2]=0xFF data[3]=0xE1 data[6:10]=b'Exif'
2025-03-14 13:55:18,375 - DEBUG -    Segment base 0x2
2025-03-14 13:55:18,375 - DEBUG -     APP1 at base 0x2
2025-03-14 13:55:18,375 - DEBUG -     Length: 0xF 0xFE
2025-03-14 13:55:18,375 - DEBUG -     Code: b'Exif'
2025-03-14 13:55:18,375 - DEBUG -     Decrement base by 2 to get to pre-segment header (for compatibility with later code)
2025-03-14 13:55:18,375 - DEBUG -   Endian format is M (Motorola)
2025-03-14 13:55:18,375 - DEBUG -   IFD 0 (Image) at offset 8:
2025-03-14 13:55:18,375 - DEBUG -    Orientation: (0x0112) Short=Horizontal (normal) @ 18
2025-03-14 13:55:18,375 - DEBUG -    XResolution: (0x011A) Ratio=96 @ 86
2025-03-14 13:55:18,375 - DEBUG -    YResolution: (0x011B) Ratio=96 @ 94
2025-03-14 13:55:18,375 - DEBUG -    ResolutionUnit: (0x0128) Short=Pixels/Inch @ 54
2025-03-14 13:55:18,375 - DEBUG -    YCbCrPositioning: (0x0213) Short=Centered @ 66
2025-03-14 13:55:18,375 - DEBUG -    ExifOffset: (0x8769) Long=102 @ 78
2025-03-14 13:55:18,375 - DEBUG -   Exif SubIFD at offset 102:
2025-03-14 13:55:18,375 - DEBUG -    ExifVersion: (0x9000) Undefined=0221 @ 112
2025-03-14 13:55:18,375 - DEBUG -    ComponentsConfiguration: (0x9101) Undefined=YCbCr @ 124
2025-03-14 13:55:18,375 - DEBUG -    FlashPixVersion: (0xA000) Undefined=0100 @ 136
2025-03-14 13:55:18,375 - DEBUG -    ColorSpace: (0xA001) Short=sRGB @ 148
2025-03-14 13:55:18,375 - DEBUG -    ExifImageWidth: (0xA002) Long=883 @ 160
2025-03-14 13:55:18,375 - DEBUG -    ExifImageLength: (0xA003) Long=1182 @ 172
2025-03-14 13:55:18,375 - DEBUG -    SceneCaptureType: (0xA406) Short=Standard @ 184
2025-03-14 13:55:18,375 - DEBUG -   Found 13 metadata tags
2025-03-14 13:55:18,375 - DEBUG -   Completed Reading metadata in 0.00s
2025-03-14 13:55:18,375 - DEBUG -   Starting Analyzing metadata fields...
2025-03-14 13:55:18,375 - DEBUG -   Completed Analyzing metadata fields in 0.00s
2025-03-14 13:55:18,375 - INFO - [166.32s]   [166.32s]   No suspicious large metadata fields found
2025-03-14 13:55:18,375 - DEBUG -   Completed large_metadata analysis in 0.00s
2025-03-14 13:55:18,375 - INFO - [166.32s]   [166.32s]   Progress: 12/12 analysis steps completed (100.0%)
2025-03-14 13:55:18,375 - INFO - [166.32s]   [166.32s]   Analysis complete - 0 total findings
2025-03-14 13:55:18,375 - INFO - [166.32s]   [166.32s]   Completed Analyzing yews_2025-03-14_Donatella_Versace_Steps_Down_As_Designer_3-13-25-10AM-5.jpg in 4.67s
2025-03-14 13:55:18,375 - INFO - [166.32s]   [166.32s]   Completed Analyzing yews_2025-03-14_Donatella_Versace_Steps_Down_As_Designer_3-13-25-10AM-5.jpg in 4.67s
2025-03-14 13:55:18,375 - INFO - [166.32s]   [166.32s]   
Analyzing file 29/30: /Users/adam/Git/stego_tools/yews_images/yews_news/2025-03-14/yews_2025-03-14_Poll__Trump_s_Economy_Approval_At_44__3-13-25-10AM-2.jpg
2025-03-14 13:55:18,376 - INFO - [166.32s]   [166.32s]   Starting Analyzing yews_2025-03-14_Poll__Trump_s_Economy_Approval_At_44__3-13-25-10AM-2.jpg...
2025-03-14 13:55:18,376 - INFO - [166.32s]   [166.32s]   Starting Analyzing yews_2025-03-14_Poll__Trump_s_Economy_Approval_At_44__3-13-25-10AM-2.jpg...
2025-03-14 13:55:18,376 - INFO - [166.32s]   [166.32s]   File size: 640,854 bytes
2025-03-14 13:55:18,376 - DEBUG -   Starting metadata analysis...
2025-03-14 13:55:18,376 - INFO - [166.32s]   [166.32s]   Checking metadata...
2025-03-14 13:55:18,376 - DEBUG -   Starting Reading EXIF data...
2025-03-14 13:55:18,377 - DEBUG -   JPEG format recognized data[0:2]=0xFFD8
2025-03-14 13:55:18,377 - DEBUG -   data[2]=0xFF data[3]=0xE1 data[6:10]=b'Exif'
2025-03-14 13:55:18,377 - DEBUG -    Segment base 0x2
2025-03-14 13:55:18,377 - DEBUG -     APP1 at base 0x2
2025-03-14 13:55:18,377 - DEBUG -     Length: 0x1 0x40
2025-03-14 13:55:18,377 - DEBUG -     Code: b'Exif'
2025-03-14 13:55:18,377 - DEBUG -     Decrement base by 2 to get to pre-segment header (for compatibility with later code)
2025-03-14 13:55:18,377 - DEBUG -   Endian format is M (Motorola)
2025-03-14 13:55:18,377 - DEBUG -   IFD 0 (Image) at offset 8:
2025-03-14 13:55:18,377 - DEBUG -    PhotometricInterpretation: (0x0106) Short=2 @ 18
2025-03-14 13:55:18,377 - DEBUG -    Orientation: (0x0112) Short=Horizontal (normal) @ 30
2025-03-14 13:55:18,377 - DEBUG -    XResolution: (0x011A) Ratio=300 @ 122
2025-03-14 13:55:18,377 - DEBUG -    YResolution: (0x011B) Ratio=300 @ 130
2025-03-14 13:55:18,377 - DEBUG -    ResolutionUnit: (0x0128) Short=Pixels/Inch @ 66
2025-03-14 13:55:18,377 - DEBUG -    Software: (0x0131) ASCII=Adobe Photoshop CS2 Macintosh @ 138
2025-03-14 13:55:18,377 - DEBUG -    DateTime: (0x0132) ASCII=2008:06:18 11:49:18 @ 168
2025-03-14 13:55:18,377 - DEBUG -    YCbCrPositioning: (0x0213) Short=Centered @ 102
2025-03-14 13:55:18,377 - DEBUG -    ExifOffset: (0x8769) Long=188 @ 114
2025-03-14 13:55:18,377 - DEBUG -   Exif SubIFD at offset 188:
2025-03-14 13:55:18,377 - DEBUG -    ExifVersion: (0x9000) Undefined=0221 @ 198
2025-03-14 13:55:18,377 - DEBUG -    DateTimeDigitized: (0x9004) ASCII=2008:06:18 11:49:17 @ 290
2025-03-14 13:55:18,377 - DEBUG -    ComponentsConfiguration: (0x9101) Undefined=YCbCr @ 222
2025-03-14 13:55:18,377 - DEBUG -    FlashPixVersion: (0xA000) Undefined=0100 @ 234
2025-03-14 13:55:18,377 - DEBUG -    ColorSpace: (0xA001) Short=Uncalibrated @ 246
2025-03-14 13:55:18,377 - DEBUG -    ExifImageWidth: (0xA002) Long=865 @ 258
2025-03-14 13:55:18,377 - DEBUG -    ExifImageLength: (0xA003) Long=1726 @ 270
2025-03-14 13:55:18,377 - DEBUG -    SceneCaptureType: (0xA406) Short=Standard @ 282
2025-03-14 13:55:18,377 - DEBUG -   Found 17 EXIF tags
2025-03-14 13:55:18,377 - DEBUG -   Completed Reading EXIF data in 0.00s
2025-03-14 13:55:18,377 - DEBUG -   Starting Analyzing metadata content...
2025-03-14 13:55:18,377 - INFO - [166.32s]   [166.32s]   No suspicious patterns found in metadata
2025-03-14 13:55:18,377 - DEBUG -   Completed Analyzing metadata content in 0.00s
2025-03-14 13:55:18,377 - DEBUG -   Completed metadata analysis in 0.00s
2025-03-14 13:55:18,377 - INFO - [166.32s]   [166.32s]   Progress: 1/12 analysis steps completed (8.3%)
2025-03-14 13:55:18,377 - DEBUG -   Starting raw_bytes analysis...
2025-03-14 13:55:18,377 - INFO - [166.32s]   [166.32s]   Checking raw bytes...
2025-03-14 13:55:18,378 - DEBUG -   Starting Reading file content...
2025-03-14 13:55:18,378 - DEBUG -   Read 640,854 bytes
2025-03-14 13:55:18,378 - DEBUG -   Completed Reading file content in 0.00s
2025-03-14 13:55:18,378 - DEBUG -   Starting Analyzing ASCII content...
2025-03-14 13:55:18,382 - DEBUG -   Completed Analyzing ASCII content in 0.00s
2025-03-14 13:55:18,382 - DEBUG -   Starting Analyzing hex content...
2025-03-14 13:55:18,384 - DEBUG -   Completed Analyzing hex content in 0.00s
2025-03-14 13:55:18,384 - DEBUG -   Starting Checking base64 variants...
2025-03-14 13:55:18,386 - DEBUG -   Completed Checking base64 variants in 0.00s
2025-03-14 13:55:18,386 - DEBUG -   Starting Analyzing suspicious patterns...
2025-03-14 13:55:18,451 - WARNING - [166.40s]   [166.40s]   Suspicious substring in raw data: Steganography tool reference: f5
2025-03-14 13:55:18,451 - DEBUG -   Completed Analyzing suspicious patterns in 0.06s
2025-03-14 13:55:18,451 - INFO - [166.40s]   [166.40s]   Found 1 suspicious patterns in raw bytes
2025-03-14 13:55:18,452 - DEBUG -   Completed raw_bytes analysis in 0.07s
2025-03-14 13:55:18,452 - INFO - [166.40s]   [166.40s]   Progress: 2/12 analysis steps completed (16.7%)
2025-03-14 13:55:18,452 - DEBUG -   Starting binary_patterns analysis...
2025-03-14 13:55:19,046 - DEBUG -   Completed binary_patterns analysis in 0.59s
2025-03-14 13:55:19,046 - INFO - [166.99s]   [166.99s]   Progress: 3/12 analysis steps completed (25.0%)
2025-03-14 13:55:19,046 - DEBUG -   Starting lsb analysis...
2025-03-14 13:55:19,046 - DEBUG -   tag: PhotometricInterpretation (262) - type: short (3) - value: b'\x00\x02'
2025-03-14 13:55:19,046 - DEBUG -   tag: Orientation (274) - type: short (3) - value: b'\x00\x01'
2025-03-14 13:55:19,046 - DEBUG -   tag: XResolution (282) - type: rational (5) Tag Location: 46 - Data Location: 122 - value: b'\x00\x00\x01,\x00\x00\x00\x01'
2025-03-14 13:55:19,046 - DEBUG -   tag: YResolution (283) - type: rational (5) Tag Location: 58 - Data Location: 130 - value: b'\x00\x00\x01,\x00\x00\x00\x01'
2025-03-14 13:55:19,046 - DEBUG -   tag: ResolutionUnit (296) - type: short (3) - value: b'\x00\x02'
2025-03-14 13:55:19,046 - DEBUG -   tag: Software (305) - type: string (2) Tag Location: 82 - Data Location: 138 - value: b'Adobe Photoshop CS2 Macintosh\x00'
2025-03-14 13:55:19,046 - DEBUG -   tag: DateTime (306) - type: string (2) Tag Location: 94 - Data Location: 168 - value: b'2008:06:18 11:49:18\x00'
2025-03-14 13:55:19,046 - DEBUG -   tag: YCbCrPositioning (531) - type: short (3) - value: b'\x00\x01'
2025-03-14 13:55:19,046 - DEBUG -   tag: ExifIFD (34665) - type: long (4) - value: b'\x00\x00\x00\xbc'
2025-03-14 13:55:22,244 - DEBUG -   Completed lsb analysis in 3.20s
2025-03-14 13:55:22,245 - INFO - [170.19s]   [170.19s]   Progress: 4/12 analysis steps completed (33.3%)
2025-03-14 13:55:22,245 - DEBUG -   Starting channels analysis...
2025-03-14 13:55:22,245 - DEBUG -   tag: PhotometricInterpretation (262) - type: short (3) - value: b'\x00\x02'
2025-03-14 13:55:22,245 - DEBUG -   tag: Orientation (274) - type: short (3) - value: b'\x00\x01'
2025-03-14 13:55:22,245 - DEBUG -   tag: XResolution (282) - type: rational (5) Tag Location: 46 - Data Location: 122 - value: b'\x00\x00\x01,\x00\x00\x00\x01'
2025-03-14 13:55:22,245 - DEBUG -   tag: YResolution (283) - type: rational (5) Tag Location: 58 - Data Location: 130 - value: b'\x00\x00\x01,\x00\x00\x00\x01'
2025-03-14 13:55:22,245 - DEBUG -   tag: ResolutionUnit (296) - type: short (3) - value: b'\x00\x02'
2025-03-14 13:55:22,245 - DEBUG -   tag: Software (305) - type: string (2) Tag Location: 82 - Data Location: 138 - value: b'Adobe Photoshop CS2 Macintosh\x00'
2025-03-14 13:55:22,245 - DEBUG -   tag: DateTime (306) - type: string (2) Tag Location: 94 - Data Location: 168 - value: b'2008:06:18 11:49:18\x00'
2025-03-14 13:55:22,245 - DEBUG -   tag: YCbCrPositioning (531) - type: short (3) - value: b'\x00\x01'
2025-03-14 13:55:22,245 - DEBUG -   tag: ExifIFD (34665) - type: long (4) - value: b'\x00\x00\x00\xbc'
2025-03-14 13:55:22,727 - DEBUG -   Completed channels analysis in 0.48s
2025-03-14 13:55:22,727 - INFO - [170.67s]   [170.67s]   Progress: 5/12 analysis steps completed (41.7%)
2025-03-14 13:55:22,727 - DEBUG -   Starting binwalk analysis...
2025-03-14 13:55:22,772 - DEBUG -   Completed binwalk analysis in 0.05s
2025-03-14 13:55:22,773 - INFO - [170.72s]   [170.72s]   Progress: 6/12 analysis steps completed (50.0%)
2025-03-14 13:55:22,773 - DEBUG -   Starting icc_profile analysis...
2025-03-14 13:55:22,773 - DEBUG -   tag: PhotometricInterpretation (262) - type: short (3) - value: b'\x00\x02'
2025-03-14 13:55:22,773 - DEBUG -   tag: Orientation (274) - type: short (3) - value: b'\x00\x01'
2025-03-14 13:55:22,773 - DEBUG -   tag: XResolution (282) - type: rational (5) Tag Location: 46 - Data Location: 122 - value: b'\x00\x00\x01,\x00\x00\x00\x01'
2025-03-14 13:55:22,773 - DEBUG -   tag: YResolution (283) - type: rational (5) Tag Location: 58 - Data Location: 130 - value: b'\x00\x00\x01,\x00\x00\x00\x01'
2025-03-14 13:55:22,773 - DEBUG -   tag: ResolutionUnit (296) - type: short (3) - value: b'\x00\x02'
2025-03-14 13:55:22,773 - DEBUG -   tag: Software (305) - type: string (2) Tag Location: 82 - Data Location: 138 - value: b'Adobe Photoshop CS2 Macintosh\x00'
2025-03-14 13:55:22,773 - DEBUG -   tag: DateTime (306) - type: string (2) Tag Location: 94 - Data Location: 168 - value: b'2008:06:18 11:49:18\x00'
2025-03-14 13:55:22,773 - DEBUG -   tag: YCbCrPositioning (531) - type: short (3) - value: b'\x00\x01'
2025-03-14 13:55:22,773 - DEBUG -   tag: ExifIFD (34665) - type: long (4) - value: b'\x00\x00\x00\xbc'
2025-03-14 13:55:22,774 - DEBUG -   Completed icc_profile analysis in 0.00s
2025-03-14 13:55:22,774 - INFO - [170.72s]   [170.72s]   Progress: 7/12 analysis steps completed (58.3%)
2025-03-14 13:55:22,774 - DEBUG -   Starting zip_signatures analysis...
2025-03-14 13:55:22,841 - DEBUG -   Completed zip_signatures analysis in 0.07s
2025-03-14 13:55:22,841 - INFO - [170.79s]   [170.79s]   Progress: 8/12 analysis steps completed (66.7%)
2025-03-14 13:55:22,841 - DEBUG -   Starting appended_data analysis...
2025-03-14 13:55:22,841 - INFO - [170.79s]   [170.79s]   Checking for appended data...
2025-03-14 13:55:22,841 - DEBUG -   Starting Reading file...
2025-03-14 13:55:22,841 - DEBUG -   Read 640,854 bytes
2025-03-14 13:55:22,841 - DEBUG -   Completed Reading file in 0.00s
2025-03-14 13:55:22,841 - DEBUG -   Starting Analyzing file format...
2025-03-14 13:55:22,891 - DEBUG -   Found 1 EOI markers
2025-03-14 13:55:22,891 - DEBUG -   Completed Analyzing file format in 0.05s
2025-03-14 13:55:22,891 - INFO - [170.84s]   [170.84s]   No appended data found
2025-03-14 13:55:22,891 - DEBUG -   Completed appended_data analysis in 0.05s
2025-03-14 13:55:22,891 - INFO - [170.84s]   [170.84s]   Progress: 9/12 analysis steps completed (75.0%)
2025-03-14 13:55:22,891 - DEBUG -   Starting histogram analysis...
2025-03-14 13:55:22,891 - DEBUG -   tag: PhotometricInterpretation (262) - type: short (3) - value: b'\x00\x02'
2025-03-14 13:55:22,891 - DEBUG -   tag: Orientation (274) - type: short (3) - value: b'\x00\x01'
2025-03-14 13:55:22,891 - DEBUG -   tag: XResolution (282) - type: rational (5) Tag Location: 46 - Data Location: 122 - value: b'\x00\x00\x01,\x00\x00\x00\x01'
2025-03-14 13:55:22,891 - DEBUG -   tag: YResolution (283) - type: rational (5) Tag Location: 58 - Data Location: 130 - value: b'\x00\x00\x01,\x00\x00\x00\x01'
2025-03-14 13:55:22,891 - DEBUG -   tag: ResolutionUnit (296) - type: short (3) - value: b'\x00\x02'
2025-03-14 13:55:22,891 - DEBUG -   tag: Software (305) - type: string (2) Tag Location: 82 - Data Location: 138 - value: b'Adobe Photoshop CS2 Macintosh\x00'
2025-03-14 13:55:22,891 - DEBUG -   tag: DateTime (306) - type: string (2) Tag Location: 94 - Data Location: 168 - value: b'2008:06:18 11:49:18\x00'
2025-03-14 13:55:22,891 - DEBUG -   tag: YCbCrPositioning (531) - type: short (3) - value: b'\x00\x01'
2025-03-14 13:55:22,891 - DEBUG -   tag: ExifIFD (34665) - type: long (4) - value: b'\x00\x00\x00\xbc'
2025-03-14 13:55:23,148 - DEBUG -   Completed histogram analysis in 0.26s
2025-03-14 13:55:23,148 - INFO - [171.09s]   [171.09s]   Progress: 10/12 analysis steps completed (83.3%)
2025-03-14 13:55:23,148 - DEBUG -   Starting jpeg_comments analysis...
2025-03-14 13:55:23,148 - INFO - [171.09s]   [171.09s]   Checking JPEG comment segments...
2025-03-14 13:55:23,148 - DEBUG -   Starting Reading JPEG file...
2025-03-14 13:55:23,148 - DEBUG -   Completed Reading JPEG file in 0.00s
2025-03-14 13:55:23,148 - DEBUG -   Starting Analyzing comment segments...
2025-03-14 13:55:23,190 - DEBUG -   Completed Analyzing comment segments in 0.04s
2025-03-14 13:55:23,190 - INFO - [171.14s]   [171.14s]   No suspicious patterns found in JPEG comments
2025-03-14 13:55:23,190 - DEBUG -   Completed jpeg_comments analysis in 0.04s
2025-03-14 13:55:23,190 - INFO - [171.14s]   [171.14s]   Progress: 11/12 analysis steps completed (91.7%)
2025-03-14 13:55:23,190 - DEBUG -   Starting large_metadata analysis...
2025-03-14 13:55:23,190 - INFO - [171.14s]   [171.14s]   Checking for large metadata fields...
2025-03-14 13:55:23,190 - DEBUG -   Starting Reading metadata...
2025-03-14 13:55:23,190 - DEBUG -   JPEG format recognized data[0:2]=0xFFD8
2025-03-14 13:55:23,190 - DEBUG -   data[2]=0xFF data[3]=0xE1 data[6:10]=b'Exif'
2025-03-14 13:55:23,190 - DEBUG -    Segment base 0x2
2025-03-14 13:55:23,190 - DEBUG -     APP1 at base 0x2
2025-03-14 13:55:23,190 - DEBUG -     Length: 0x1 0x40
2025-03-14 13:55:23,190 - DEBUG -     Code: b'Exif'
2025-03-14 13:55:23,190 - DEBUG -     Decrement base by 2 to get to pre-segment header (for compatibility with later code)
2025-03-14 13:55:23,190 - DEBUG -   Endian format is M (Motorola)
2025-03-14 13:55:23,190 - DEBUG -   IFD 0 (Image) at offset 8:
2025-03-14 13:55:23,190 - DEBUG -    PhotometricInterpretation: (0x0106) Short=2 @ 18
2025-03-14 13:55:23,190 - DEBUG -    Orientation: (0x0112) Short=Horizontal (normal) @ 30
2025-03-14 13:55:23,190 - DEBUG -    XResolution: (0x011A) Ratio=300 @ 122
2025-03-14 13:55:23,190 - DEBUG -    YResolution: (0x011B) Ratio=300 @ 130
2025-03-14 13:55:23,190 - DEBUG -    ResolutionUnit: (0x0128) Short=Pixels/Inch @ 66
2025-03-14 13:55:23,190 - DEBUG -    Software: (0x0131) ASCII=Adobe Photoshop CS2 Macintosh @ 138
2025-03-14 13:55:23,190 - DEBUG -    DateTime: (0x0132) ASCII=2008:06:18 11:49:18 @ 168
2025-03-14 13:55:23,190 - DEBUG -    YCbCrPositioning: (0x0213) Short=Centered @ 102
2025-03-14 13:55:23,190 - DEBUG -    ExifOffset: (0x8769) Long=188 @ 114
2025-03-14 13:55:23,190 - DEBUG -   Exif SubIFD at offset 188:
2025-03-14 13:55:23,190 - DEBUG -    ExifVersion: (0x9000) Undefined=0221 @ 198
2025-03-14 13:55:23,190 - DEBUG -    DateTimeDigitized: (0x9004) ASCII=2008:06:18 11:49:17 @ 290
2025-03-14 13:55:23,190 - DEBUG -    ComponentsConfiguration: (0x9101) Undefined=YCbCr @ 222
2025-03-14 13:55:23,191 - DEBUG -    FlashPixVersion: (0xA000) Undefined=0100 @ 234
2025-03-14 13:55:23,191 - DEBUG -    ColorSpace: (0xA001) Short=Uncalibrated @ 246
2025-03-14 13:55:23,191 - DEBUG -    ExifImageWidth: (0xA002) Long=865 @ 258
2025-03-14 13:55:23,191 - DEBUG -    ExifImageLength: (0xA003) Long=1726 @ 270
2025-03-14 13:55:23,191 - DEBUG -    SceneCaptureType: (0xA406) Short=Standard @ 282
2025-03-14 13:55:23,191 - DEBUG -   Found 17 metadata tags
2025-03-14 13:55:23,191 - DEBUG -   Completed Reading metadata in 0.00s
2025-03-14 13:55:23,191 - DEBUG -   Starting Analyzing metadata fields...
2025-03-14 13:55:23,191 - DEBUG -   Completed Analyzing metadata fields in 0.00s
2025-03-14 13:55:23,191 - INFO - [171.14s]   [171.14s]   No suspicious large metadata fields found
2025-03-14 13:55:23,191 - DEBUG -   Completed large_metadata analysis in 0.00s
2025-03-14 13:55:23,191 - INFO - [171.14s]   [171.14s]   Progress: 12/12 analysis steps completed (100.0%)
2025-03-14 13:55:23,191 - INFO - [171.14s]   [171.14s]   Analysis complete - 0 total findings
2025-03-14 13:55:23,191 - INFO - [171.14s]   [171.14s]   Completed Analyzing yews_2025-03-14_Poll__Trump_s_Economy_Approval_At_44__3-13-25-10AM-2.jpg in 4.82s
2025-03-14 13:55:23,191 - INFO - [171.14s]   [171.14s]   Completed Analyzing yews_2025-03-14_Poll__Trump_s_Economy_Approval_At_44__3-13-25-10AM-2.jpg in 4.82s
2025-03-14 13:55:23,191 - INFO - [171.14s]   [171.14s]   
Analyzing file 30/30: /Users/adam/Git/stego_tools/yews_images/yews_news/2025-03-14/yews_2025-03-14_Playboi_Carti_s_New_Album_Drops_Tonight_3-13-25-10AM-0.jpg
2025-03-14 13:55:23,191 - INFO - [171.14s]   [171.14s]   Starting Analyzing yews_2025-03-14_Playboi_Carti_s_New_Album_Drops_Tonight_3-13-25-10AM-0.jpg...
2025-03-14 13:55:23,191 - INFO - [171.14s]   [171.14s]   Starting Analyzing yews_2025-03-14_Playboi_Carti_s_New_Album_Drops_Tonight_3-13-25-10AM-0.jpg...
2025-03-14 13:55:23,191 - INFO - [171.14s]   [171.14s]   File size: 1,410,171 bytes
2025-03-14 13:55:23,191 - DEBUG -   Starting metadata analysis...
2025-03-14 13:55:23,191 - INFO - [171.14s]   [171.14s]   Checking metadata...
2025-03-14 13:55:23,191 - DEBUG -   Starting Reading EXIF data...
2025-03-14 13:55:23,192 - DEBUG -   JPEG format recognized data[0:2]=0xFFD8
2025-03-14 13:55:23,192 - DEBUG -   data[2]=0xFF data[3]=0xE1 data[6:10]=b'Exif'
2025-03-14 13:55:23,192 - DEBUG -    Segment base 0x2
2025-03-14 13:55:23,192 - DEBUG -     APP1 at base 0x2
2025-03-14 13:55:23,192 - DEBUG -     Length: 0xF 0xFE
2025-03-14 13:55:23,192 - DEBUG -     Code: b'Exif'
2025-03-14 13:55:23,192 - DEBUG -     Decrement base by 2 to get to pre-segment header (for compatibility with later code)
2025-03-14 13:55:23,192 - DEBUG -   Endian format is M (Motorola)
2025-03-14 13:55:23,192 - DEBUG -   IFD 0 (Image) at offset 8:
2025-03-14 13:55:23,192 - DEBUG -    Orientation: (0x0112) Short=Horizontal (normal) @ 18
2025-03-14 13:55:23,192 - DEBUG -    XResolution: (0x011A) Ratio=1498153/8192 @ 86
2025-03-14 13:55:23,192 - DEBUG -    YResolution: (0x011B) Ratio=1498153/8192 @ 94
2025-03-14 13:55:23,192 - DEBUG -    ResolutionUnit: (0x0128) Short=Pixels/Inch @ 54
2025-03-14 13:55:23,192 - DEBUG -    YCbCrPositioning: (0x0213) Short=Centered @ 66
2025-03-14 13:55:23,192 - DEBUG -    ExifOffset: (0x8769) Long=102 @ 78
2025-03-14 13:55:23,192 - DEBUG -   Exif SubIFD at offset 102:
2025-03-14 13:55:23,192 - DEBUG -    ExifVersion: (0x9000) Undefined=0221 @ 112
2025-03-14 13:55:23,192 - DEBUG -    ComponentsConfiguration: (0x9101) Undefined=YCbCr @ 124
2025-03-14 13:55:23,192 - DEBUG -    FlashPixVersion: (0xA000) Undefined=0100 @ 136
2025-03-14 13:55:23,192 - DEBUG -    ColorSpace: (0xA001) Short=sRGB @ 148
2025-03-14 13:55:23,192 - DEBUG -    ExifImageWidth: (0xA002) Long=1943 @ 160
2025-03-14 13:55:23,192 - DEBUG -    ExifImageLength: (0xA003) Long=1330 @ 172
2025-03-14 13:55:23,192 - DEBUG -    SceneCaptureType: (0xA406) Short=Standard @ 184
2025-03-14 13:55:23,192 - DEBUG -   Found 13 EXIF tags
2025-03-14 13:55:23,192 - DEBUG -   Completed Reading EXIF data in 0.00s
2025-03-14 13:55:23,192 - DEBUG -   Starting Analyzing metadata content...
2025-03-14 13:55:23,192 - INFO - [171.14s]   [171.14s]   No suspicious patterns found in metadata
2025-03-14 13:55:23,193 - DEBUG -   Completed Analyzing metadata content in 0.00s
2025-03-14 13:55:23,193 - DEBUG -   Completed metadata analysis in 0.00s
2025-03-14 13:55:23,193 - INFO - [171.14s]   [171.14s]   Progress: 1/12 analysis steps completed (8.3%)
2025-03-14 13:55:23,193 - DEBUG -   Starting raw_bytes analysis...
2025-03-14 13:55:23,193 - INFO - [171.14s]   [171.14s]   Checking raw bytes...
2025-03-14 13:55:23,193 - DEBUG -   Starting Reading file content...
2025-03-14 13:55:23,194 - DEBUG -   Read 1,410,171 bytes
2025-03-14 13:55:23,194 - DEBUG -   Completed Reading file content in 0.00s
2025-03-14 13:55:23,194 - DEBUG -   Starting Analyzing ASCII content...
2025-03-14 13:55:23,204 - DEBUG -   Completed Analyzing ASCII content in 0.01s
2025-03-14 13:55:23,204 - DEBUG -   Starting Analyzing hex content...
2025-03-14 13:55:23,208 - DEBUG -   Completed Analyzing hex content in 0.00s
2025-03-14 13:55:23,208 - DEBUG -   Starting Checking base64 variants...
2025-03-14 13:55:23,213 - DEBUG -   Completed Checking base64 variants in 0.00s
2025-03-14 13:55:23,213 - DEBUG -   Starting Analyzing suspicious patterns...
2025-03-14 13:55:23,352 - WARNING - [171.30s]   [171.30s]   Suspicious substring in raw data: Steganography tool reference: f5
2025-03-14 13:55:23,352 - DEBUG -   Completed Analyzing suspicious patterns in 0.14s
2025-03-14 13:55:23,352 - INFO - [171.30s]   [171.30s]   Found 1 suspicious patterns in raw bytes
2025-03-14 13:55:23,352 - DEBUG -   Completed raw_bytes analysis in 0.16s
2025-03-14 13:55:23,352 - INFO - [171.30s]   [171.30s]   Progress: 2/12 analysis steps completed (16.7%)
2025-03-14 13:55:23,352 - DEBUG -   Starting binary_patterns analysis...
2025-03-14 13:55:24,735 - DEBUG -   Completed binary_patterns analysis in 1.38s
2025-03-14 13:55:24,735 - INFO - [172.68s]   [172.68s]   Progress: 3/12 analysis steps completed (25.0%)
2025-03-14 13:55:24,735 - DEBUG -   Starting lsb analysis...
2025-03-14 13:55:24,735 - DEBUG -   tag: Orientation (274) - type: short (3) - value: b'\x00\x01'
2025-03-14 13:55:24,735 - DEBUG -   tag: XResolution (282) - type: rational (5) Tag Location: 34 - Data Location: 86 - value: b'\x00\x16\xdc)\x00\x00 \x00'
2025-03-14 13:55:24,736 - DEBUG -   tag: YResolution (283) - type: rational (5) Tag Location: 46 - Data Location: 94 - value: b'\x00\x16\xdc)\x00\x00 \x00'
2025-03-14 13:55:24,736 - DEBUG -   tag: ResolutionUnit (296) - type: short (3) - value: b'\x00\x02'
2025-03-14 13:55:24,736 - DEBUG -   tag: YCbCrPositioning (531) - type: short (3) - value: b'\x00\x01'
2025-03-14 13:55:24,736 - DEBUG -   tag: ExifIFD (34665) - type: long (4) - value: b'\x00\x00\x00f'
2025-03-14 13:55:32,512 - DEBUG -   Completed lsb analysis in 7.78s
2025-03-14 13:55:32,512 - INFO - [180.46s]   [180.46s]   Progress: 4/12 analysis steps completed (33.3%)
2025-03-14 13:55:32,512 - DEBUG -   Starting channels analysis...
2025-03-14 13:55:32,512 - DEBUG -   tag: Orientation (274) - type: short (3) - value: b'\x00\x01'
2025-03-14 13:55:32,512 - DEBUG -   tag: XResolution (282) - type: rational (5) Tag Location: 34 - Data Location: 86 - value: b'\x00\x16\xdc)\x00\x00 \x00'
2025-03-14 13:55:32,512 - DEBUG -   tag: YResolution (283) - type: rational (5) Tag Location: 46 - Data Location: 94 - value: b'\x00\x16\xdc)\x00\x00 \x00'
2025-03-14 13:55:32,512 - DEBUG -   tag: ResolutionUnit (296) - type: short (3) - value: b'\x00\x02'
2025-03-14 13:55:32,512 - DEBUG -   tag: YCbCrPositioning (531) - type: short (3) - value: b'\x00\x01'
2025-03-14 13:55:32,512 - DEBUG -   tag: ExifIFD (34665) - type: long (4) - value: b'\x00\x00\x00f'
2025-03-14 13:55:33,705 - DEBUG -   Completed channels analysis in 1.19s
2025-03-14 13:55:33,706 - INFO - [181.65s]   [181.65s]   Progress: 5/12 analysis steps completed (41.7%)
2025-03-14 13:55:33,706 - DEBUG -   Starting binwalk analysis...
2025-03-14 13:55:33,740 - DEBUG -   Completed binwalk analysis in 0.03s
2025-03-14 13:55:33,740 - INFO - [181.69s]   [181.69s]   Progress: 6/12 analysis steps completed (50.0%)
2025-03-14 13:55:33,740 - DEBUG -   Starting icc_profile analysis...
2025-03-14 13:55:33,740 - DEBUG -   tag: Orientation (274) - type: short (3) - value: b'\x00\x01'
2025-03-14 13:55:33,740 - DEBUG -   tag: XResolution (282) - type: rational (5) Tag Location: 34 - Data Location: 86 - value: b'\x00\x16\xdc)\x00\x00 \x00'
2025-03-14 13:55:33,740 - DEBUG -   tag: YResolution (283) - type: rational (5) Tag Location: 46 - Data Location: 94 - value: b'\x00\x16\xdc)\x00\x00 \x00'
2025-03-14 13:55:33,740 - DEBUG -   tag: ResolutionUnit (296) - type: short (3) - value: b'\x00\x02'
2025-03-14 13:55:33,740 - DEBUG -   tag: YCbCrPositioning (531) - type: short (3) - value: b'\x00\x01'
2025-03-14 13:55:33,740 - DEBUG -   tag: ExifIFD (34665) - type: long (4) - value: b'\x00\x00\x00f'
2025-03-14 13:55:33,741 - DEBUG -   Completed icc_profile analysis in 0.00s
2025-03-14 13:55:33,741 - INFO - [181.69s]   [181.69s]   Progress: 7/12 analysis steps completed (58.3%)
2025-03-14 13:55:33,741 - DEBUG -   Starting zip_signatures analysis...
2025-03-14 13:55:33,860 - DEBUG -   Completed zip_signatures analysis in 0.12s
2025-03-14 13:55:33,860 - INFO - [181.81s]   [181.81s]   Progress: 8/12 analysis steps completed (66.7%)
2025-03-14 13:55:33,860 - DEBUG -   Starting appended_data analysis...
2025-03-14 13:55:33,860 - INFO - [181.81s]   [181.81s]   Checking for appended data...
2025-03-14 13:55:33,860 - DEBUG -   Starting Reading file...
2025-03-14 13:55:33,861 - DEBUG -   Read 1,410,171 bytes
2025-03-14 13:55:33,861 - DEBUG -   Completed Reading file in 0.00s
2025-03-14 13:55:33,861 - DEBUG -   Starting Analyzing file format...
2025-03-14 13:55:33,949 - DEBUG -   Found 1 EOI markers
2025-03-14 13:55:33,949 - DEBUG -   Completed Analyzing file format in 0.09s
2025-03-14 13:55:33,949 - INFO - [181.90s]   [181.90s]   No appended data found
2025-03-14 13:55:33,949 - DEBUG -   Completed appended_data analysis in 0.09s
2025-03-14 13:55:33,949 - INFO - [181.90s]   [181.90s]   Progress: 9/12 analysis steps completed (75.0%)
2025-03-14 13:55:33,949 - DEBUG -   Starting histogram analysis...
2025-03-14 13:55:33,949 - DEBUG -   tag: Orientation (274) - type: short (3) - value: b'\x00\x01'
2025-03-14 13:55:33,949 - DEBUG -   tag: XResolution (282) - type: rational (5) Tag Location: 34 - Data Location: 86 - value: b'\x00\x16\xdc)\x00\x00 \x00'
2025-03-14 13:55:33,949 - DEBUG -   tag: YResolution (283) - type: rational (5) Tag Location: 46 - Data Location: 94 - value: b'\x00\x16\xdc)\x00\x00 \x00'
2025-03-14 13:55:33,949 - DEBUG -   tag: ResolutionUnit (296) - type: short (3) - value: b'\x00\x02'
2025-03-14 13:55:33,949 - DEBUG -   tag: YCbCrPositioning (531) - type: short (3) - value: b'\x00\x01'
2025-03-14 13:55:33,949 - DEBUG -   tag: ExifIFD (34665) - type: long (4) - value: b'\x00\x00\x00f'
2025-03-14 13:55:34,524 - DEBUG -   Completed histogram analysis in 0.57s
2025-03-14 13:55:34,524 - INFO - [182.47s]   [182.47s]   Progress: 10/12 analysis steps completed (83.3%)
2025-03-14 13:55:34,524 - DEBUG -   Starting jpeg_comments analysis...
2025-03-14 13:55:34,524 - INFO - [182.47s]   [182.47s]   Checking JPEG comment segments...
2025-03-14 13:55:34,524 - DEBUG -   Starting Reading JPEG file...
2025-03-14 13:55:34,524 - DEBUG -   Completed Reading JPEG file in 0.00s
2025-03-14 13:55:34,524 - DEBUG -   Starting Analyzing comment segments...
2025-03-14 13:55:34,613 - DEBUG -   Completed Analyzing comment segments in 0.09s
2025-03-14 13:55:34,614 - INFO - [182.56s]   [182.56s]   No suspicious patterns found in JPEG comments
2025-03-14 13:55:34,614 - DEBUG -   Completed jpeg_comments analysis in 0.09s
2025-03-14 13:55:34,614 - INFO - [182.56s]   [182.56s]   Progress: 11/12 analysis steps completed (91.7%)
2025-03-14 13:55:34,614 - DEBUG -   Starting large_metadata analysis...
2025-03-14 13:55:34,614 - INFO - [182.56s]   [182.56s]   Checking for large metadata fields...
2025-03-14 13:55:34,614 - DEBUG -   Starting Reading metadata...
2025-03-14 13:55:34,614 - DEBUG -   JPEG format recognized data[0:2]=0xFFD8
2025-03-14 13:55:34,614 - DEBUG -   data[2]=0xFF data[3]=0xE1 data[6:10]=b'Exif'
2025-03-14 13:55:34,614 - DEBUG -    Segment base 0x2
2025-03-14 13:55:34,614 - DEBUG -     APP1 at base 0x2
2025-03-14 13:55:34,614 - DEBUG -     Length: 0xF 0xFE
2025-03-14 13:55:34,614 - DEBUG -     Code: b'Exif'
2025-03-14 13:55:34,614 - DEBUG -     Decrement base by 2 to get to pre-segment header (for compatibility with later code)
2025-03-14 13:55:34,614 - DEBUG -   Endian format is M (Motorola)
2025-03-14 13:55:34,614 - DEBUG -   IFD 0 (Image) at offset 8:
2025-03-14 13:55:34,614 - DEBUG -    Orientation: (0x0112) Short=Horizontal (normal) @ 18
2025-03-14 13:55:34,614 - DEBUG -    XResolution: (0x011A) Ratio=1498153/8192 @ 86
2025-03-14 13:55:34,614 - DEBUG -    YResolution: (0x011B) Ratio=1498153/8192 @ 94
2025-03-14 13:55:34,614 - DEBUG -    ResolutionUnit: (0x0128) Short=Pixels/Inch @ 54
2025-03-14 13:55:34,614 - DEBUG -    YCbCrPositioning: (0x0213) Short=Centered @ 66
2025-03-14 13:55:34,614 - DEBUG -    ExifOffset: (0x8769) Long=102 @ 78
2025-03-14 13:55:34,614 - DEBUG -   Exif SubIFD at offset 102:
2025-03-14 13:55:34,614 - DEBUG -    ExifVersion: (0x9000) Undefined=0221 @ 112
2025-03-14 13:55:34,614 - DEBUG -    ComponentsConfiguration: (0x9101) Undefined=YCbCr @ 124
2025-03-14 13:55:34,614 - DEBUG -    FlashPixVersion: (0xA000) Undefined=0100 @ 136
2025-03-14 13:55:34,614 - DEBUG -    ColorSpace: (0xA001) Short=sRGB @ 148
2025-03-14 13:55:34,614 - DEBUG -    ExifImageWidth: (0xA002) Long=1943 @ 160
2025-03-14 13:55:34,614 - DEBUG -    ExifImageLength: (0xA003) Long=1330 @ 172
2025-03-14 13:55:34,614 - DEBUG -    SceneCaptureType: (0xA406) Short=Standard @ 184
2025-03-14 13:55:34,614 - DEBUG -   Found 13 metadata tags
2025-03-14 13:55:34,614 - DEBUG -   Completed Reading metadata in 0.00s
2025-03-14 13:55:34,614 - DEBUG -   Starting Analyzing metadata fields...
2025-03-14 13:55:34,614 - DEBUG -   Completed Analyzing metadata fields in 0.00s
2025-03-14 13:55:34,614 - INFO - [182.56s]   [182.56s]   No suspicious large metadata fields found
2025-03-14 13:55:34,614 - DEBUG -   Completed large_metadata analysis in 0.00s
2025-03-14 13:55:34,614 - INFO - [182.56s]   [182.56s]   Progress: 12/12 analysis steps completed (100.0%)
2025-03-14 13:55:34,614 - INFO - [182.56s]   [182.56s]   Analysis complete - 0 total findings
2025-03-14 13:55:34,614 - INFO - [182.56s]   [182.56s]   Completed Analyzing yews_2025-03-14_Playboi_Carti_s_New_Album_Drops_Tonight_3-13-25-10AM-0.jpg in 11.42s
2025-03-14 13:55:34,615 - INFO - [182.56s]   [182.56s]   Completed Analyzing yews_2025-03-14_Playboi_Carti_s_New_Album_Drops_Tonight_3-13-25-10AM-0.jpg in 11.42s
2025-03-14 13:55:34,615 - INFO - [182.56s]   [182.56s]   
Analysis complete. Summary written to stego_check_results/analysis_summary.txt
2025-03-14 16:36:18,179 - INFO - [0.00s]   [0.00s]   Analysis started at 2025-03-14T16:36:18.179042
2025-03-14 16:36:18,179 - INFO - [0.00s]   [0.00s]   Log file: stego_check_results/analysis.log
2025-03-14 16:36:18,179 - INFO - [0.00s]   [0.00s]   Results will be saved to stego_check_results
2025-03-14 16:36:18,184 - INFO - [0.01s]   [0.01s]   Found 45 image files to analyze
2025-03-14 16:36:18,185 - INFO - [0.01s]   [0.01s]   
Analyzing file 1/45: /Users/adam/Git/stego_tools/yews_images/yews_news/2025-03-14/yews_2025-03-14_China_Expands_Warships_Near_Taiwan_3-13-25-8PM-3.jpg
2025-03-14 16:36:18,185 - INFO - [0.01s]   [0.01s]   Starting Analyzing yews_2025-03-14_China_Expands_Warships_Near_Taiwan_3-13-25-8PM-3.jpg...
2025-03-14 16:36:18,185 - INFO - [0.01s]   [0.01s]   Starting Analyzing yews_2025-03-14_China_Expands_Warships_Near_Taiwan_3-13-25-8PM-3.jpg...
2025-03-14 16:36:18,185 - INFO - [0.01s]   [0.01s]   File size: 2,874,646 bytes
2025-03-14 16:36:18,185 - DEBUG -   Starting metadata analysis...
2025-03-14 16:36:18,185 - INFO - [0.01s]   [0.01s]   Checking metadata...
2025-03-14 16:36:18,185 - DEBUG -   Starting Reading EXIF data...
2025-03-14 16:36:18,185 - DEBUG -   JPEG format recognized data[0:2]=0xFFD8
2025-03-14 16:36:18,185 - DEBUG -   data[2]=0xFF data[3]=0xE1 data[6:10]=b'Exif'
2025-03-14 16:36:18,185 - DEBUG -    Segment base 0x2
2025-03-14 16:36:18,185 - DEBUG -     APP1 at base 0x2
2025-03-14 16:36:18,185 - DEBUG -     Length: 0xF 0x8
2025-03-14 16:36:18,185 - DEBUG -     Code: b'Exif'
2025-03-14 16:36:18,185 - DEBUG -     Decrement base by 2 to get to pre-segment header (for compatibility with later code)
2025-03-14 16:36:18,185 - DEBUG -   Endian format is M (Motorola)
2025-03-14 16:36:18,185 - DEBUG -   IFD 0 (Image) at offset 8:
2025-03-14 16:36:18,185 - DEBUG -    PhotometricInterpretation: (0x0106) Short=2 @ 18
2025-03-14 16:36:18,185 - DEBUG -    Orientation: (0x0112) Short=Horizontal (normal) @ 30
2025-03-14 16:36:18,185 - DEBUG -    XResolution: (0x011A) Ratio=72 @ 122
2025-03-14 16:36:18,185 - DEBUG -    YResolution: (0x011B) Ratio=72 @ 130
2025-03-14 16:36:18,186 - DEBUG -    ResolutionUnit: (0x0128) Short=Pixels/Inch @ 66
2025-03-14 16:36:18,186 - DEBUG -    Software: (0x0131) ASCII=Adobe Photoshop 7.0 @ 138
2025-03-14 16:36:18,186 - DEBUG -    DateTime: (0x0132) ASCII=2004:07:20 16:00:35 @ 158
2025-03-14 16:36:18,186 - DEBUG -    YCbCrPositioning: (0x0213) Short=Centered @ 102
2025-03-14 16:36:18,186 - DEBUG -    ExifOffset: (0x8769) Long=178 @ 114
2025-03-14 16:36:18,186 - DEBUG -   Exif SubIFD at offset 178:
2025-03-14 16:36:18,186 - DEBUG -    ExifVersion: (0x9000) Undefined=0221 @ 188
2025-03-14 16:36:18,186 - DEBUG -    ComponentsConfiguration: (0x9101) Undefined=YCbCr @ 200
2025-03-14 16:36:18,186 - DEBUG -    UserComment: (0x9286) Undefined= @ 280
2025-03-14 16:36:18,186 - DEBUG -    FlashPixVersion: (0xA000) Undefined=0100 @ 224
2025-03-14 16:36:18,186 - DEBUG -    ColorSpace: (0xA001) Short=sRGB @ 236
2025-03-14 16:36:18,186 - DEBUG -    ExifImageWidth: (0xA002) Long=2268 @ 248
2025-03-14 16:36:18,186 - DEBUG -    ExifImageLength: (0xA003) Long=1600 @ 260
2025-03-14 16:36:18,186 - DEBUG -    SceneCaptureType: (0xA406) Short=Standard @ 272
2025-03-14 16:36:18,186 - DEBUG -   Found 17 EXIF tags
2025-03-14 16:36:18,186 - DEBUG -   Completed Reading EXIF data in 0.00s
2025-03-14 16:36:18,186 - DEBUG -   Starting Analyzing metadata content...
2025-03-14 16:36:18,186 - INFO - [0.01s]   [0.01s]   No suspicious patterns found in metadata
2025-03-14 16:36:18,186 - DEBUG -   Completed Analyzing metadata content in 0.00s
2025-03-14 16:36:18,186 - DEBUG -   Completed metadata analysis in 0.00s
2025-03-14 16:36:18,186 - INFO - [0.01s]   [0.01s]   Progress: 1/12 analysis steps completed (8.3%)
2025-03-14 16:36:18,186 - DEBUG -   Starting raw_bytes analysis...
2025-03-14 16:36:18,186 - INFO - [0.01s]   [0.01s]   Checking raw bytes...
2025-03-14 16:36:18,186 - DEBUG -   Starting Reading file content...
2025-03-14 16:36:18,187 - DEBUG -   Read 2,874,646 bytes
2025-03-14 16:36:18,187 - DEBUG -   Completed Reading file content in 0.00s
2025-03-14 16:36:18,187 - DEBUG -   Starting Analyzing ASCII content...
2025-03-14 16:36:18,210 - DEBUG -   Completed Analyzing ASCII content in 0.02s
2025-03-14 16:36:18,210 - DEBUG -   Starting Analyzing hex content...
2025-03-14 16:36:18,219 - DEBUG -   Completed Analyzing hex content in 0.01s
2025-03-14 16:36:18,219 - DEBUG -   Starting Checking base64 variants...
2025-03-14 16:36:18,229 - DEBUG -   Completed Checking base64 variants in 0.01s
2025-03-14 16:36:18,229 - DEBUG -   Starting Analyzing suspicious patterns...
2025-03-14 16:36:18,508 - WARNING - [0.33s]   [0.33s]   Suspicious substring in raw data: Steganography tool reference: f5
2025-03-14 16:36:18,508 - DEBUG -   Completed Analyzing suspicious patterns in 0.28s
2025-03-14 16:36:18,508 - INFO - [0.33s]   [0.33s]   Found 1 suspicious patterns in raw bytes
2025-03-14 16:36:18,508 - DEBUG -   Completed raw_bytes analysis in 0.32s
2025-03-14 16:36:18,508 - INFO - [0.33s]   [0.33s]   Progress: 2/12 analysis steps completed (16.7%)
2025-03-14 16:36:18,508 - DEBUG -   Starting binary_patterns analysis...
